JvmtiExport can_access_local_variables 0
JvmtiExport can_hotswap_or_post_breakpoint 0
JvmtiExport can_post_on_exceptions 0
# 458 ciObject found
instanceKlass tcl/lang/ExecCmd
instanceKlass tcl/lang/TclOutputStream$IntPtr
instanceKlass tcl/lang/TclOutputStream
instanceKlass tcl/lang/PutsCmd
instanceKlass tcl/lang/PwdCmd
instanceKlass com/altera/sopcmodel/components/tclmodule/FileSetUtils
instanceKlass com/altera/hdlwriter/internal/VerilogWriterTool$1
instanceKlass com/altera/sopcmodel/components/tclmodule/LiveModuleGenerateFileSets$1
instanceKlass com/altera/sopcmodel/components/tclmodule/LiveModuleGenerateFileSets
instanceKlass com/altera/hdlwriter/EntityHDLWriter
instanceKlass com/altera/hdlwriter/HdlOutputEncryptionSettings
instanceKlass com/altera/sopcmodel/components/tclmodule/LiveModuleGenerateComposedFileset$1
instanceKlass com/altera/entityinterfaces/etcprivate/IModuleSystemComment
instanceKlass com/altera/hdlwriter/WrapperGenerator
instanceKlass com/altera/hdlwriter/internal/IModuleSystemParamExprs
instanceKlass com/altera/sopc/generator/Bytes
instanceKlass com/altera/hdlwriter/internal/InstanceInfo
instanceKlass com/altera/utilities/NameDecorator$Key
instanceKlass com/altera/sopc/generator/EntityGenerationInfo$EGILibraryInfo
instanceKlass com/altera/sopc/generator/FileSetUtils$InstantiationInfo
instanceKlass com/altera/sopc/generator/FileSetUtils$1
instanceKlass com/altera/sopcmodel/components/tclmodule/LiveModuleGenerateComposedFileset$AutoFileSet
instanceKlass com/altera/sopcmodel/components/tclmodule/HDLFileExtensions
instanceKlass com/altera/sopcmodel/components/tclmodule/LiveModuleGenerateComposedFileset
instanceKlass com/altera/sopcmodel/components/tclmodule/LiveModuleGenerateFileSet3
instanceKlass com/altera/hdlwriter/internal/ConstantHDLPort
instanceKlass com/altera/hdlwriter/internal/HdlSignal$1
instanceKlass com/altera/entityinterfaces/etcprivate/IModuleGenerateInline$ISignal
instanceKlass com/altera/hdlwriter/internal/HdlSignal
instanceKlass com/altera/sopcmodel/util/PortFragmentList$FragmentInfo
instanceKlass com/altera/entityinterfaces/portext/IPortFragmentList$IFragment
instanceKlass com/altera/hdlwriter/internal/FieldListInfo
instanceKlass com/altera/hdlwriter/internal/EPortPriority$1
instanceKlass com/altera/hdlwriter/internal/HDLPort
instanceKlass com/altera/hdlwriter/internal/WiringManager$PortRoleMapping
instanceKlass com/altera/entityinterface/moduleext/IModuleVhdlIncludes
instanceKlass com/altera/entityinterfaces/etcprivate/IModuleGenerateInline$WriterHelper
instanceKlass com/altera/hdlwriter/internal/ModuleReducer
instanceKlass com/altera/hdlwriter/internal/IHdlNode
instanceKlass com/altera/hdlwriter/internal/WiringManager
instanceKlass com/altera/hdlwriter/internal/WriterToolFactory
instanceKlass com/altera/hdlwriter/internal/ISignalAssignmentMap
instanceKlass com/altera/hdlwriter/internal/EntityWriterInternalBase
instanceKlass com/altera/hdlwriter/internal/EntityWriter
instanceKlass com/altera/hdlwriter/EntityHdlOptions
instanceKlass com/altera/entityinterfaces/moduleext/IGenerateCallbacks$IInstantiationInfo
instanceKlass com/altera/sopc/generator/FileSetUtils$WrappedGC2
instanceKlass com/altera/alterahpswidget/AlteraHpsWidgetFactory
instanceKlass com/altera/sopcmodel/internal/util/ConnectionPointUtils$ConnectionPointRef
instanceKlass com/altera/sopcmodel/transforms/avalon/Utils
instanceKlass com/altera/alterahpswidget/AlteraHpsWidgetFactory
instanceKlass com/altera/sopcmodel/transforms/avalon/MerlinTraverser
instanceKlass com/altera/sopcmodel/transforms/avalon/MerlinTraverser$DestInfo
instanceKlass com/altera/sopcmodel/transforms/avalon/network/CrossbarSwitch
instanceKlass com/altera/sopcmodel/transforms/mm/ni/IAgent
instanceKlass com/altera/sopcmodel/transforms/avalon/DomainNetworkDecisions
instanceKlass com/altera/sopcmodel/transforms/reset/ResetDomain
instanceKlass com/altera/sopcmodel/transforms/mm/ITransactor
instanceKlass com/altera/sopcmodel/transforms/mm/MerlinSystem
instanceKlass com/altera/sopcmodel/transforms/interfaces/IAdapterReport
instanceKlass com/altera/sopc/generator/EntityFileInfo
instanceKlass com/altera/sopc/generator/GenerateCallbacks
instanceKlass com/altera/sopcmodel/util/TypeConversionUtils$1
instanceKlass com/altera/sopcmodel/util/TypeConversionUtils
instanceKlass com/altera/sopcmodel/util/ModuleInfoUtils
instanceKlass com/altera/sopc/generator/EntityGenerationInfo
instanceKlass com/altera/sopc/generator/InstancesAndNames
instanceKlass com/altera/sopc/generator/interfaces/IGenerationInfo
instanceKlass com/altera/sopc/generator/Sellafield
instanceKlass com/altera/sopcreport/datasheet/circe/CceXLength
instanceKlass com/altera/sopcreport/datasheet/circe/CceXScript
instanceKlass com/altera/sopcreport/datasheet/Datasheet$FlowBox
instanceKlass com/altera/sopcreport/datasheet/Datasheet$ModuleAndSomeInterfaces
instanceKlass com/altera/sopcreport/datasheet/circe/CceXItemSingle
instanceKlass com/altera/sopcreport/datasheet/circe/CceText
instanceKlass com/altera/sopcreport/datasheet/circe/CceStylesheet$StylesheetRule
instanceKlass com/altera/sopcreport/datasheet/circe/CceStylesheet
instanceKlass com/altera/sopcreport/datasheet/circe/CceHead
instanceKlass com/altera/sopcreport/datasheet/circe/CcePage
instanceKlass com/altera/sopcreport/datasheet/AlteraHtmlPage
instanceKlass com/altera/sopcreport/datasheet/circe/CceXStdAttrs
instanceKlass com/altera/sopcreport/datasheet/circe/CceXItem
instanceKlass com/altera/sopcreport/datasheet/Datasheet
instanceKlass smirnoff/XMLElementEmpty
instanceKlass sun/misc/ProxyGenerator$1
instanceKlass smirnoff/Smirnoff$1
instanceKlass smirnoff/Smirnoff$XmlKind
instanceKlass smirnoff/XMLWhiteSpace
instanceKlass smirnoff/XMLElementListType
instanceKlass smirnoff/XMLText
instanceKlass smirnoff/XMLElementName
instanceKlass smirnoff/XMLAttributeName
instanceKlass smirnoff/XMLItemDescription
instanceKlass smirnoff/XML
instanceKlass smirnoff/Smirnoff$SItemDescription
instanceKlass smirnoff/Smirnoff
instanceKlass com/altera/sopcreport/PluginReport
instanceKlass com/altera/sopcreport/PluginReportBuilder
instanceKlass com/altera/sopcreport/ConnectionReportBuilder
instanceKlass com/altera/sopcreport/PortReport
instanceKlass com/altera/sopcreport/AssignmentReport
instanceKlass com/altera/sopcreport/SlaveReportBase
instanceKlass com/altera/sopcreport/ConnectionPointReportBuilder
instanceKlass com/altera/sopcreport/ModuleReportBuilder
instanceKlass com/altera/sopcmodel/ensemble/DebugModulesOnlySystemFactory
instanceKlass com/altera/sopcreport/AssignmentReportBuilder
instanceKlass com/altera/sopcreport/ParameterReport
instanceKlass com/altera/sopcreport/ParameterReportBuilder
instanceKlass com/altera/sopcreport/ElementReportBuilder
instanceKlass com/altera/sopcreport/ElementReport
instanceKlass com/altera/sopcreport/EnsembleReportBuilder
instanceKlass org/apache/commons/lang3/ObjectUtils$Null
instanceKlass org/apache/commons/lang3/ObjectUtils
instanceKlass javax/xml/stream/events/EndDocument
instanceKlass javax/xml/stream/events/EndElement
instanceKlass org/apache/commons/lang3/text/StrTokenizer
instanceKlass org/apache/commons/lang3/text/StrBuilder
instanceKlass org/apache/commons/lang3/text/StrLookup
instanceKlass java/util/DualPivotQuicksort
instanceKlass org/apache/commons/lang3/text/StrMatcher
instanceKlass org/apache/commons/lang3/text/StrSubstitutor
instanceKlass com/altera/sopc/generator/cmsis/CmsisSvdUtils
instanceKlass javax/xml/stream/events/Characters
instanceKlass com/sun/org/apache/xerces/internal/util/NamespaceSupport$Prefixes
instanceKlass javax/xml/stream/events/Namespace
instanceKlass javax/xml/stream/events/Attribute
instanceKlass javax/xml/stream/events/StartElement
instanceKlass javax/xml/stream/events/Comment
instanceKlass com/sun/xml/internal/stream/writers/XMLStreamWriterImpl$NamespaceContextImpl
instanceKlass com/sun/xml/internal/stream/util/ReadOnlyIterator
instanceKlass com/sun/xml/internal/stream/writers/XMLStreamWriterImpl$ElementStack
instanceKlass javax/xml/stream/XMLStreamWriter
instanceKlass javax/xml/transform/stream/StreamResult
instanceKlass com/sun/xml/internal/stream/writers/XMLEventWriterImpl
instanceKlass javax/xml/stream/XMLEventWriter
instanceKlass javax/xml/stream/util/XMLEventConsumer
instanceKlass com/sun/org/apache/xerces/internal/impl/XMLStreamReaderImpl$1
instanceKlass com/sun/xml/internal/stream/events/DummyEvent$DummyLocation
instanceKlass javax/xml/stream/Location
instanceKlass com/sun/xml/internal/stream/events/DummyEvent
instanceKlass javax/xml/stream/events/StartDocument
instanceKlass com/sun/xml/internal/stream/events/XMLEventAllocatorImpl
instanceKlass javax/xml/stream/util/XMLEventAllocator
instanceKlass com/sun/org/apache/xerces/internal/util/NamespaceContextWrapper
instanceKlass com/sun/org/apache/xerces/internal/impl/XMLStreamReaderImpl
instanceKlass javax/xml/stream/XMLStreamReader
instanceKlass com/sun/xml/internal/stream/XMLEventReaderImpl
instanceKlass javax/xml/stream/XMLEventReader
instanceKlass javax/xml/stream/XMLEventFactory
instanceKlass javax/xml/stream/XMLOutputFactory
instanceKlass com/sun/org/apache/xerces/internal/impl/PropertyManager
instanceKlass javax/xml/stream/SecuritySupport$1
instanceKlass javax/xml/stream/FactoryFinder$1
instanceKlass javax/xml/stream/SecuritySupport$3
instanceKlass javax/xml/stream/SecuritySupport$4
instanceKlass javax/xml/stream/SecuritySupport$2
instanceKlass javax/xml/stream/SecuritySupport
instanceKlass javax/xml/stream/FactoryFinder
instanceKlass javax/xml/stream/XMLInputFactory
instanceKlass com/altera/sopc/generator/cmsis/StAxCmsisMerger
instanceKlass com/altera/sopc/generator/cmsis/CmsisMasterDescriptor
instanceKlass org/apache/commons/lang3/tuple/Pair
instanceKlass com/altera/sopc/generator/EnsembleGenerationFileSet2
instanceKlass com/altera/sopc/generator/FileSet2
instanceKlass com/altera/sopcmodel/transforms/TransformUtils
instanceKlass com/altera/entityinterfaces/moduleext/IGenerateCallbacks
instanceKlass com/altera/sopc/generator/FileSetUtils
instanceKlass com/altera/alterahpswidget/AlteraHpsWidgetFactory
instanceKlass com/altera/alterahpswidget/AlteraHpsWidgetFactory
instanceKlass com/altera/sopc/generator/GenerationFileSetInfo
instanceKlass sun/nio/cs/ISO_8859_1$1
instanceKlass com/altera/sopcmodel/components/ensemblehierarchy/EnsembleInstance$3
instanceKlass com/altera/sopcmodel/components/ensemblehierarchy/EnsembleScriptable$EnsembleTclContext
instanceKlass com/altera/tcl/interpreter/VersionedPackageProvider
instanceKlass com/altera/sopcmodel/components/ensemblehierarchy/EnsembleScriptable
instanceKlass com/altera/tcl/interpreter/ITclNamespaceProvider
instanceKlass sun/nio/cs/UTF_8$1
instanceKlass com/altera/alterahpswidget/AlteraHpsWidgetFactory
instanceKlass com/altera/sopcmodel/components/ensemblehierarchy/EnsembleInstance$1
instanceKlass java/util/WeakHashMap$1
instanceKlass com/altera/tcl/interpreter/SimpleTclReflectiveHelper$1
instanceKlass com/altera/alterahpswidget/AlteraHpsWidgetFactory
instanceKlass com/altera/sopc/generator/cmsis/CmsisSvdReport
instanceKlass com/altera/qsys/ipxact/jaxb/TypeMapper$MappedType
instanceKlass com/altera/sopc/generator/interfaces/EgiVisitor
instanceKlass javax/xml/stream/events/XMLEvent
instanceKlass javax/xml/stream/XMLStreamConstants
instanceKlass com/altera/sopc/generator/interfaces/IElusiveReport
instanceKlass com/altera/sopc/generator/DeploymentReportManager$1
instanceKlass com/altera/sopc/generator/DeploymentReportBase
instanceKlass com/altera/sopc/generator/interfaces/IGenerationReport
instanceKlass com/altera/sopc/generator/DeploymentReportManager
instanceKlass com/altera/sopcmodel/sbtools/sbgenerate/GatheredSbGenerateArgs
instanceKlass com/altera/sopc/generator/interfaces/ISystemGenerator
instanceKlass com/altera/sopceditor/tools/generation/logging/QsysGenerateCommandLogger
instanceKlass sun/nio/ch/FileKey
instanceKlass sun/nio/ch/FileLockTable
instanceKlass java/nio/channels/FileLock
instanceKlass sun/nio/fs/WindowsChannelFactory$2
instanceKlass sun/nio/fs/WindowsChannelFactory$Flags
instanceKlass sun/nio/fs/WindowsChannelFactory$1
instanceKlass sun/nio/fs/WindowsChannelFactory
instanceKlass sun/nio/fs/WindowsSecurityDescriptor
instanceKlass java/nio/file/OpenOption
instanceKlass java/nio/file/Paths
instanceKlass java/util/logging/FileHandler$$Lambda$34
instanceKlass com/altera/ui/app/base/EditorTaskRunner$14
instanceKlass com/altera/sopceditor/tools/generation/TestbenchSystemCreator
instanceKlass com/altera/sopceditor/tools/generation/QsysGenerationTask
instanceKlass com/altera/ui/app/base/DeferrableUiTask
instanceKlass com/altera/sopceditor/tools/saveandload/SaveMultiEnsembleTask$1
instanceKlass com/altera/hdlwriter/internal/HDLType
instanceKlass com/altera/hdlwriter/internal/VHDLWriterTool$1
instanceKlass com/altera/hdlwriter/internal/VHDLWriterTool$1fraginfo
instanceKlass com/altera/hdlwriter/internal/PortInfo$1
instanceKlass com/altera/hdlwriter/internal/PortInfo
instanceKlass com/altera/hdlwriter/internal/ComponentKey
instanceKlass com/altera/hdlwriter/internal/ParamInfo
instanceKlass com/altera/hdlwriter/internal/WriterUtils
instanceKlass com/altera/hdlwriter/internal/IWriterTool
instanceKlass com/altera/hdlwriter/utilities/HdlWriterUtilities
instanceKlass com/altera/qsys/symbol/cnxxml/JRCnxXmlReaderWriter
instanceKlass com/altera/sopc/bsf/BsfModule
instanceKlass com/altera/sopceditor/tools/saveandload/ReportFileWriter$1
instanceKlass com/altera/sopceditor/tools/saveandload/ReportFileWriter
instanceKlass com/sun/xml/bind/v2/model/core/Adapter
instanceKlass com/altera/sopcmodel/components/tclmodule/LiveModuleTclInterpreter$1
instanceKlass com/altera/utilities/TclUtilities$Splitter
instanceKlass com/altera/tcl/interpreter/SimpleTclCommandHelper$TclCommandInfo
instanceKlass com/altera/tcl/interpreter/IsolatedTCLInterpreter$9
instanceKlass java/util/concurrent/atomic/AtomicReference
instanceKlass com/altera/tcl/interpreter/TclObjectConverter
instanceKlass com/altera/tcl/interpreter/SimpleTclCommandHelper
instanceKlass com/altera/sopceditor/util/LibraryFactory
instanceKlass com/altera/sopceditor/tools/saveandload/SaveMultiEnsembleTask$2
instanceKlass com/altera/utilities/altNode/AltNodeXML$TElementOrText
instanceKlass com/altera/utilities/altNode/AltNodeXML$TElement
instanceKlass com/altera/utilities/altNode/AltNode$1
instanceKlass com/altera/sopcdocument/WriteDocumentComparator$5
instanceKlass com/altera/sopcdocument/WriteDocumentComparator$4
instanceKlass com/altera/sopcdocument/WriteDocumentComparator$3
instanceKlass com/altera/sopcdocument/WriteDocumentComparator$2
instanceKlass com/altera/sopcdocument/WriteDocumentComparator$1
instanceKlass com/altera/sopcdocument/WriteDocumentComparator
instanceKlass com/altera/sopcdocument/WriteDocument
instanceKlass com/altera/sopceditor/tools/generation/GenerationElement$2$1
instanceKlass com/altera/sopceditor/widgets/HierarchyWidget$1
instanceKlass com/altera/sopceditor/util/EnsembleIO$1
instanceKlass com/altera/utilities/Utilities$Mutable
instanceKlass com/altera/sopceditor/app/MultiEnsembleModel$2
instanceKlass com/altera/sopceditor/tools/saveandload/dialogs/FileNameManagementTreeCellEditor
instanceKlass javax/swing/tree/DefaultTreeCellEditor
instanceKlass com/altera/sopceditor/tools/saveandload/dialogs/FileNameManagementDialog
instanceKlass com/altera/sopceditor/tools/saveandload/BaseSaveEnsembleTask
instanceKlass com/altera/sopceditor/tools/inspector/InspectorTool$2
instanceKlass com/altera/sopceditor/tools/systemtable/SystemTableTool$6
instanceKlass com/altera/sopceditor/tools/generation/ShowGenerationDialogAction$2$1
instanceKlass com/altera/sopceditor/tools/generation/ShowGenerationDialogAction$6$1
instanceKlass com/altera/sopceditor/tools/generation/ShowGenerationDialogAction$6
instanceKlass com/altera/sopceditor/tools/generation/GenerationElement$3
instanceKlass com/altera/sopc/generator/GeneratorUtils
instanceKlass com/altera/sopceditor/tools/generation/GenerationCommon
instanceKlass com/altera/sopceditor/tools/generation/GenerationElement$2
instanceKlass com/altera/sopceditor/tools/generation/GenerationElement$1
instanceKlass com/altera/sopceditor/tools/generation/GenerationElement
instanceKlass com/altera/ui/ientity/elementeditor/ParameterComponentFactory2$19
instanceKlass com/altera/ui/ientity/elementeditor/ParameterComponentFactory2$18
instanceKlass com/altera/ui/ientity/elementeditor/BasicElementEditor$WidgetContainer
instanceKlass com/altera/ui/ientity/elementeditor/BasicElementEditor$10
instanceKlass com/altera/alterahpswidget/AlteraHpsWidget
instanceKlass java/lang/ref/ReferenceQueue$1
instanceKlass com/altera/ui/ientity/elementeditor/converters/HexStringConverterBase
instanceKlass com/altera/ui/ientity/elementeditor/ParameterComponentFactory2$39
instanceKlass com/altera/ui/ientity/elementeditor/ParameterComponentFactory2$37
instanceKlass com/altera/ui/ientity/elementeditor/ParameterComponentFactory2$36
instanceKlass com/altera/ui/ientity/elementeditor/ParameterComponentFactory2$40
instanceKlass com/altera/ui/ientity/elementeditor/ParameterComponentFactory2$ArrayDataWrangler
instanceKlass com/altera/ui/ientity/elementeditor/converters/StringToDoubleConverter
instanceKlass com/altera/sopcmodel/presets/ElementPresetList
instanceKlass com/altera/sopcmodel/presets/ParameterSetting
instanceKlass com/altera/sopcmodel/util/IElementPreset$IParameterSetting
instanceKlass com/altera/sopcmodel/presets/ElementPreset
instanceKlass com/altera/entityinterfaces/helper/IModuleExtensionHelper
instanceKlass com/altera/sopceditor/tools/navigator/group/ConnectionsGroup$1
instanceKlass com/altera/sopceditor/tools/navigator/NavigationPane$NavigationPaneListener$2
instanceKlass com/altera/ui/ientity/elementeditor/BasicElementEditorWithMessageList$3$1
instanceKlass com/altera/ui/ientity/elementeditor/BasicElementEditorWithMessageList$3
instanceKlass com/altera/sopceditor/widgets/ModulePropertyEditor$2
instanceKlass com/altera/sopceditor/widgets/ModulePropertyEditor$1
instanceKlass com/altera/ui/ientity/messages/BasicMessageFilter
instanceKlass com/altera/ui/components/IComponentProvider
instanceKlass com/altera/sopceditor/tools/SopcEditorTool$1
instanceKlass com/altera/sopceditor/tools/navigator/NavigationPane$3
instanceKlass com/altera/sopceditor/widgets/CompositeIcon
instanceKlass com/altera/sopcmodel/components/tclmodule/LiveModuleFileSetGenerator2
instanceKlass com/altera/sopceditor/tools/addressmap/AddressMapModel$TaggedString
instanceKlass com/altera/sopceditor/tools/systemtable/EditModuleTask
instanceKlass com/altera/sopcmodel/ensemble/EnsembleAutoAddresser$AddressEntrySpanComparator
instanceKlass com/altera/sopcmodel/ensemble/EnsembleAutoAddresser$AddressEntryBaseAddressComparator
instanceKlass com/altera/sopceditor/tools/navigator/NavigationPane$2
instanceKlass com/altera/sopceditor/tools/navigator/NavigatorTool$1$2
instanceKlass com/altera/sopcmodel/ensemble/EnsembleAutoAddresser$ElementInfoBridgesFirstComparator
instanceKlass com/altera/sopcmodel/ensemble/EnsembleAutoAddresser
instanceKlass com/altera/sopceditor/tools/navigator/NavigationPane$NavigationPaneListener$3
instanceKlass com/altera/sopceditor/tools/saveandload/SaveAndLoadTool$ChangeDetector$1
instanceKlass com/altera/sopceditor/tools/generation/GenerationMenuTool$2$1
instanceKlass com/altera/sopceditor/tools/navigator/NavigationPane$NavigationPaneListener$1
instanceKlass com/altera/sopceditor/app/MultiEnsembleModel$1
instanceKlass com/altera/qsys/model/common/utils/NullMessageLogger
instanceKlass com/altera/sopceditor/util/ModuleAutoConnector
instanceKlass com/altera/entityinterfaces/moduleext/IModuleSetInitialParameterValues
instanceKlass com/altera/sopceditor/tools/library/AddModuleTask
instanceKlass com/altera/sopceditor/tools/library/AddModuleUtil
instanceKlass sun/awt/windows/WComponentPeer$1
instanceKlass com/altera/sopceditor/app/qsys/QsysEditor$4$1
instanceKlass com/altera/sopcmodel/components/tclmodule/LiveModuleClass$2
instanceKlass com/altera/componenteditor/util/ComponentEditorUtils$4$1
instanceKlass com/altera/ui/app/base/BasicEditor$6
instanceKlass sun/util/locale/provider/TimeZoneNameUtility$TimeZoneNameGetter
instanceKlass sun/util/locale/provider/TimeZoneNameUtility
instanceKlass com/altera/utilities/PathUtils
instanceKlass com/altera/sopcmodel/components/tclmodule/utils/LiveModuleScriptableUtils
instanceKlass java/util/RegularEnumSet$EnumSetIterator
instanceKlass com/altera/sopcmodel/components/tclmodule/LiveModuleTclWriter
instanceKlass com/altera/componenteditor/util/ComponentEditorUtils$5
instanceKlass com/altera/componenteditor/tools/file/SaveTask
instanceKlass javax/swing/JOptionPane$1
instanceKlass java/awt/GridBagLayoutInfo
instanceKlass javax/swing/plaf/basic/BasicOptionPaneUI$Handler
instanceKlass javax/swing/plaf/basic/BasicOptionPaneUI$2
instanceKlass javax/swing/plaf/basic/BasicOptionPaneUI$ButtonActionListener
instanceKlass javax/swing/plaf/basic/BasicOptionPaneUI$ButtonFactory
instanceKlass javax/swing/plaf/basic/BasicOptionPaneUI$ButtonAreaLayout
instanceKlass java/util/IdentityHashMap$1
instanceKlass sun/java2d/pipe/hw/AccelDeviceEventNotifier
instanceKlass sun/java2d/SurfaceDataProxy$CountdownTracker
instanceKlass javax/swing/SwingHeavyWeight
instanceKlass javax/swing/plaf/basic/BasicToolTipUI$PropertyChangeHandler
instanceKlass javax/swing/plaf/BorderUIResource
instanceKlass com/altera/componenteditor/tools/signalsandinterfaces/Utility$8
instanceKlass com/altera/componenteditor/tools/signalsandinterfaces/Utility$7
instanceKlass com/altera/componenteditor/tools/signalsandinterfaces/NameColumnUIWranger$2$1
instanceKlass com/altera/sopcmodel/waveform/CycleAccurateWaveformUtils
instanceKlass com/altera/sopcmodel/waveform/CycleAccurateWaveform
instanceKlass com/altera/componenteditor/tools/signalsandinterfaces/InterfaceEditor$7$1
instanceKlass com/altera/componenteditor/tools/signalsandinterfaces/InterfaceEditor$10$1
instanceKlass com/altera/componenteditor/tools/signalsandinterfaces/InterfaceEditor$12$1
instanceKlass com/altera/componenteditor/tools/interfaces/InterfacesTool$14$1
instanceKlass com/altera/componenteditor/tools/interfaces/InterfacesTool$12$1
instanceKlass com/altera/componenteditor/tools/signalsandinterfaces/AllowEditingCheckboxMenuItem$1
instanceKlass com/sun/java/swing/plaf/windows/WindowsCheckBoxMenuItemUI$1
instanceKlass javax/swing/JTable$CellEditorRemover
instanceKlass javax/swing/plaf/basic/DragRecognitionSupport
instanceKlass com/altera/componenteditor/tools/signalsandinterfaces/SignalEditor$3
instanceKlass com/altera/componenteditor/tools/signalsandinterfaces/SignalEditor$1
instanceKlass com/altera/componenteditor/tools/signalsandinterfaces/Utility$5
instanceKlass com/altera/componenteditor/tools/signalsandinterfaces/SignalEditor$7
instanceKlass com/altera/componenteditor/tools/signalsandinterfaces/Utility$4
instanceKlass com/altera/componenteditor/tools/signalsandinterfaces/SignalEditor$4
instanceKlass com/altera/componenteditor/tools/signalsandinterfaces/Utility$IEditListener
instanceKlass com/altera/componenteditor/tools/signalsandinterfaces/SignalEditor
instanceKlass com/altera/sopcmodel/waveform/ConnectionPointWaveformImageCreator$1$1
instanceKlass com/altera/ui/ientity/components/BlockDiagramImageCreator$1$1
instanceKlass javax/swing/plaf/basic/BasicPopupMenuUI$MouseGrabber$2
instanceKlass com/altera/componenteditor/tools/signalsandinterfaces/InterfaceEditor$8$1
instanceKlass javax/swing/PopupFactory
instanceKlass javax/swing/plaf/basic/BasicPopupMenuUI$MouseGrabber$1
instanceKlass javax/swing/text/html/ImageView$ImageHandler
instanceKlass com/altera/ui/ientity/elementeditor/BasicElementEditor$11$1
instanceKlass com/altera/ui/ientity/elementeditor/BasicElementEditor$14$1
instanceKlass com/altera/ui/ientity/elementeditor/converters/UnitsUtils$1
instanceKlass com/altera/ui/ientity/elementeditor/converters/UnitsUtils
instanceKlass java/beans/PropertyChangeSupport$1
instanceKlass com/altera/minieval2/evaluator/ComparatorOpEvaluator$1
instanceKlass com/altera/minieval2/evaluator/EqualityOpEvaluator$1
instanceKlass com/altera/minieval2/evaluator/BinaryOpEvaluator$1
instanceKlass com/altera/minieval2/evaluator/CondOpEvaluator$1
instanceKlass com/altera/minieval2/evaluator/Evaluator$EdgeEvaluator
instanceKlass com/altera/minieval2/MiniEvalImpl$Context
instanceKlass com/altera/minieval2/dataflow/MiniDfgOp
instanceKlass com/altera/minieval2/dataflow/MiniEvalValue
instanceKlass com/altera/minieval2/dataflow/IMiniDfgOp
instanceKlass com/altera/minieval2/dataflow/MiniDfgEdge
instanceKlass com/altera/minieval2/parser/MiniParser$1
instanceKlass com/altera/minieval2/parser/MiniSymbol
instanceKlass com/altera/minieval2/dataflow/IMiniDfgEdge
instanceKlass com/altera/minieval2/parser/MiniParser
instanceKlass com/altera/minieval2/parser/MiniLexer
instanceKlass com/altera/minieval2/parser/MiniEvalParser
instanceKlass com/altera/minieval2/visitors/AbstractVisitor
instanceKlass com/altera/minieval2/MiniEvalExpression
instanceKlass com/altera/componenteditor/tools/signalsandinterfaces/InterfaceEditor$9
instanceKlass com/altera/componenteditor/tools/signalsandinterfaces/InterfaceEditor$8
instanceKlass com/altera/componenteditor/tools/signalsandinterfaces/InterfaceEditor$11
instanceKlass com/altera/componenteditor/tools/signalsandinterfaces/InterfaceEditor$10
instanceKlass com/altera/componenteditor/tools/signalsandinterfaces/InterfaceEditor$7
instanceKlass com/altera/componenteditor/tools/signalsandinterfaces/InterfaceEditor$13
instanceKlass com/altera/componenteditor/tools/signalsandinterfaces/InterfaceEditor$12
instanceKlass com/altera/componenteditor/tools/signalsandinterfaces/InterfaceEditor$5
instanceKlass com/altera/componenteditor/tools/signalsandinterfaces/InterfaceEditor$3
instanceKlass com/altera/componenteditor/tools/signalsandinterfaces/InterfaceEditor$1
instanceKlass com/altera/componenteditor/tools/signalsandinterfaces/InterfaceEditor
instanceKlass com/altera/sopcmodel/internal/util/ConnectionPointUtils$1
instanceKlass com/altera/componenteditor/tools/signalsandinterfaces/SignalsAndInterfacesTableModel$3
instanceKlass com/altera/componenteditor/tools/signalsandinterfaces/SignalsAndInterfacesTableModel$4
instanceKlass com/altera/ui/ientity/elementeditor/BasicElementEditor$12
instanceKlass com/altera/ui/ientity/elementeditor/BasicElementEditor$11
instanceKlass com/altera/sopcmodel/waveform/Waveform
instanceKlass com/altera/sopcmodel/avalon/AvalonValidation
instanceKlass com/altera/sopcmodel/waveform/SimpleWaveformIcon
instanceKlass com/altera/ui/ientity/elementeditor/ParameterComponentFactory2$13
instanceKlass com/altera/ui/ientity/elementeditor/ParameterComponentFactory2$12
instanceKlass com/altera/ui/ientity/elementeditor/ParameterComponentFactory2$10
instanceKlass com/altera/ui/ientity/elementeditor/converters/StringToBigIntegerConverter
instanceKlass com/altera/ui/ientity/elementeditor/converters/StringToIntegerConverter
instanceKlass com/altera/sopcmodel/waveform/ConnectionPointWaveformImageCreator$1
instanceKlass com/altera/componenteditor/tools/interfaces/InterfacesTool$10$1
instanceKlass com/altera/componenteditor/tools/interfaces/InterfacesTool$15
instanceKlass com/altera/componenteditor/tools/interfaces/InterfacesTool$14
instanceKlass com/altera/componenteditor/tools/interfaces/InterfacesTool$10
instanceKlass com/altera/componenteditor/tools/interfaces/InterfacesTool$9$1
instanceKlass com/altera/componenteditor/tools/interfaces/InterfacesTool$13
instanceKlass com/altera/componenteditor/tools/interfaces/InterfacesTool$12
instanceKlass com/altera/componenteditor/tools/interfaces/InterfacesTool$9
instanceKlass com/altera/componenteditor/tools/interfaces/InterfacesTool$InterfaceUi
instanceKlass com/altera/ui/ientity/elementeditor/BasicElementEditor$15
instanceKlass com/altera/ui/ientity/elementeditor/BasicElementEditor$14
instanceKlass com/altera/qsys/symbol/outline/JRRegularSymbolIcon$1
instanceKlass java/awt/geom/Line2D
instanceKlass com/altera/qsys/symbol/outline/JRRegularSymbolLine$1
instanceKlass com/altera/qsys/symbol/outline/JRRegularSymbolItem$JRBusProperties
instanceKlass com/altera/qsys/symbol/cnxxml/JRCnxPortInfo
instanceKlass com/altera/qsys/symbol/cnxxml/JRExtendCnxUsedPortItem
instanceKlass com/altera/qsys/symbol/cnxxml/JRSingleInterfaceGroup
instanceKlass com/altera/componenteditor/tools/interfaces/InterfacesTool$11
instanceKlass com/altera/componenteditor/tools/interfaces/InterfacesTool$7
instanceKlass com/altera/componenteditor/tools/interfaces/InterfacesTool$5
instanceKlass com/altera/componenteditor/tools/interfaces/InterfacesTool$2$2
instanceKlass com/altera/componenteditor/tools/interfaces/InterfacesTool$2$1
instanceKlass com/altera/componenteditor/util/ComponentEditorUtils$9
instanceKlass com/altera/sopcmodel/components/tclmodule/PassThroughConnectionPointBuilder
instanceKlass com/altera/componenteditor/util/QuartusMapUtil$1
instanceKlass com/altera/componenteditor/util/QuartusMapUtil$PortInfo
instanceKlass com/altera/componenteditor/util/QuartusMapUtil
instanceKlass com/altera/componenteditor/tools/filesets/FilesetTool$2$1
instanceKlass com/sun/org/apache/xerces/internal/util/EncodingMap
instanceKlass com/altera/utilities/Launcher$1
instanceKlass com/altera/utilities/Launcher$RuntimeProcessFactory
instanceKlass com/altera/utilities/Launcher$IProcessFactory
instanceKlass com/altera/utilities/Launcher
instanceKlass com/altera/hdlcomponent/QuartusMapFunction
instanceKlass com/altera/componenteditor/app/ComponentEditor$4
instanceKlass com/altera/componenteditor/tools/filesets/SynthesisFilesetAnalysisTask
instanceKlass bibliothek/gui/dock/control/relocator/DefaultDockRelocatorEvent
instanceKlass com/altera/componenteditor/tools/filesets/FileAttributeComparator
instanceKlass com/altera/componenteditor/tools/filesets/widgets/WidgetUtilities
instanceKlass com/altera/componenteditor/tools/filesets/AddGenerationFileAction$1
instanceKlass com/altera/sopcmodel/components/tclmodule/FileSetFileAttributes
instanceKlass com/altera/componenteditor/tools/filesets/GenerationFile
instanceKlass sun/awt/EventQueueDelegate$Delegate
instanceKlass java/awt/image/BufferedImageOp
instanceKlass com/altera/componenteditor/tools/blockdiagramtool/BlockDiagramComponent$1$1
instanceKlass com/altera/sopcmodel/util/ImageCreator$1
instanceKlass com/altera/componenteditor/tools/blockdiagramtool/BlockDiagramComponent$1
instanceKlass com/altera/ui/ientity/components/BlockDiagramImageCreator$2$1
instanceKlass com/altera/qsys/symbol/outline/JRRegularSymbolOutline$JRMemo
instanceKlass com/altera/qsys/symbol/outline/JRRegularSymbolIcon$JRSymbolIconInformation
instanceKlass com/altera/qsys/symbol/outline/JRRegularSymbolPinStub$JRSymbolPinStubInformation
instanceKlass com/altera/qsys/symbol/outline/JRRegularSymbolText$JRSymbolTextInformation
instanceKlass com/altera/qsys/symbol/outline/JRRegularSymbolItem
instanceKlass com/altera/qsys/symbol/cnxxml/JRICnxItem
instanceKlass com/altera/ui/ientity/components/BlockDiagramImageCreator$2
instanceKlass com/altera/ui/ientity/components/BlockDiagramImageCreator$1
instanceKlass com/altera/ui/components/docking/NextDockableAction$1
instanceKlass java/security/DomainCombiner
instanceKlass java/awt/font/TextHitInfo
instanceKlass sun/awt/windows/WInputMethod$1
instanceKlass com/altera/ui/ientity/elementeditor/BasicElementEditor$1$1
instanceKlass com/altera/ui/ientity/elementeditor/ParameterComponentFactory2$34$1
instanceKlass java/rmi/MarshalledObject
instanceKlass java/rmi/Remote
instanceKlass sun/awt/datatransfer/DataTransferer$RMI
instanceKlass sun/awt/datatransfer/ClipboardTransferable$DataFactory
instanceKlass sun/awt/datatransfer/DataTransferer$IndexedComparator
instanceKlass sun/awt/datatransfer/DataTransferer$StandardEncodingsHolder
instanceKlass java/awt/datatransfer/SystemFlavorMap$2
instanceKlass java/awt/datatransfer/SystemFlavorMap$1
instanceKlass sun/awt/Mutex
instanceKlass sun/awt/datatransfer/ToolkitThreadBlockedHandler
instanceKlass sun/awt/datatransfer/DataTransferer
instanceKlass sun/awt/datatransfer/ClipboardTransferable
instanceKlass java/awt/datatransfer/Clipboard
instanceKlass javax/swing/TransferHandler$TransferAction$2
instanceKlass javax/swing/TransferHandler$TransferAction$1
instanceKlass com/altera/ui/ientity/elementeditor/ParameterComponentFactory2$33$1
instanceKlass javax/swing/text/DefaultHighlighter$HighlightInfo
instanceKlass bibliothek/gui/dock/event/LocatedListenerList$1
instanceKlass java/awt/KeyboardFocusManager$4
instanceKlass java/awt/geom/RoundRectIterator
instanceKlass sun/java2d/pisces/PiscesTileGenerator
instanceKlass sun/java2d/pipe/AATileGenerator
instanceKlass sun/java2d/pisces/Renderer$ScanlineIterator
instanceKlass sun/java2d/pisces/PiscesCache
instanceKlass sun/java2d/pisces/Helpers
instanceKlass sun/java2d/pisces/Curve
instanceKlass sun/java2d/pisces/Renderer
instanceKlass java/awt/Polygon$PolygonPathIterator
instanceKlass sun/java2d/ReentrantContext
instanceKlass com/altera/componenteditor/tools/validation/ValidationMessageTool$ValidatorRunner$2
instanceKlass com/altera/componenteditor/util/Messages
instanceKlass com/altera/componenteditor/util/CountingMessageLogger
instanceKlass com/altera/componenteditor/tools/validation/ComponentModelValidator
instanceKlass com/altera/componenteditor/tools/validation/ValidationMessageTool$ValidatorRunner$1
instanceKlass com/altera/componenteditor/tools/validation/ValidationMessageTool$ValidatorRunner
instanceKlass com/altera/componenteditor/tools/validation/ValidationMessageTool$ValidationStarter
instanceKlass com/altera/componenteditor/tools/filesets/FilesetTool$8
instanceKlass com/altera/componenteditor/tools/filesets/FilesetTool$3$1
instanceKlass com/altera/componenteditor/tools/signalsandinterfaces/SignalsAndInterfacesTool$3
instanceKlass com/altera/componenteditor/util/ComponentEditorUtils$4
instanceKlass com/altera/componenteditor/util/ComponentEditorUtils$2
instanceKlass com/altera/componenteditor/app/ComponentEditor$5
instanceKlass com/altera/componenteditor/resources/EditorIconFactory$DefaultIcon
instanceKlass com/altera/componenteditor/tools/validation/ValidationMessageTool$3$1
instanceKlass com/altera/componenteditor/tools/validation/ValidationMessageTool$3
instanceKlass com/altera/componenteditor/tools/validation/ValidationMessageTool$1
instanceKlass com/altera/componenteditor/tools/filesets/CopySynthesisFilesAction$1
instanceKlass com/altera/componenteditor/tools/filesets/FilesetTool$7
instanceKlass com/altera/componenteditor/tools/filesets/RemoveGenerationFileAction$1
instanceKlass java/lang/invoke/LambdaForm$MH
instanceKlass com/altera/componenteditor/tools/filesets/GenerationFilePanel$$Lambda$33
instanceKlass java/lang/invoke/LambdaForm$DMH
instanceKlass sun/invoke/util/VerifyAccess$1
instanceKlass com/altera/componenteditor/tools/filesets/FileAttributesDataWrangler
instanceKlass com/altera/componenteditor/tools/filesets/FileTypeDataWrangler
instanceKlass com/altera/componenteditor/tools/filesets/SourceFileDataWrangler
instanceKlass com/altera/componenteditor/tools/filesets/OutputPathDataWrangler
instanceKlass com/altera/componenteditor/tools/filesets/FilesetListListener
instanceKlass com/altera/componenteditor/tools/filesets/FilesetTool$5
instanceKlass com/altera/componenteditor/tools/filesets/IGenerationFilePanelAction
instanceKlass com/altera/componenteditor/tools/filesets/FilesetTool$1
instanceKlass com/altera/componenteditor/tools/filesets/FilesetTool$2
instanceKlass com/altera/componenteditor/tools/filesets/FilesetTool$3
instanceKlass com/altera/componenteditor/tools/filesets/GenerationFileList
instanceKlass com/altera/componenteditor/tools/filesets/IGenerationFileList
instanceKlass com/altera/componenteditor/tools/filesets/IGenerationFilePanel
instanceKlass com/altera/componenteditor/tools/filesets/IWorkingDirectory
instanceKlass com/altera/componenteditor/tools/signalsandinterfaces/SignalsAndInterfacesTool$5
instanceKlass java/awt/datatransfer/MimeType
instanceKlass java/awt/datatransfer/MimeTypeParameterList
instanceKlass java/awt/datatransfer/DataFlavor
instanceKlass javax/swing/JTable$7
instanceKlass com/altera/componenteditor/tools/signalsandinterfaces/ISetValueCallback
instanceKlass com/altera/componenteditor/tools/signalsandinterfaces/Utility$2
instanceKlass com/altera/componenteditor/tools/signalsandinterfaces/Utility$1
instanceKlass com/altera/componenteditor/tools/signalsandinterfaces/Utility
instanceKlass com/altera/componenteditor/tools/signalsandinterfaces/SignalsAndInterfacesTableModel$DummySignalOrInterface
instanceKlass com/altera/componenteditor/tools/signalsandinterfaces/ISignalOrInterface
instanceKlass com/altera/componenteditor/tools/signalsandinterfaces/SignalsAndInterfacesTool$8
instanceKlass com/altera/componenteditor/resources/EditorIconFactory
instanceKlass com/altera/componenteditor/tools/signalsandinterfaces/NameColumnDataWrangler
instanceKlass com/altera/componenteditor/tools/signalsandinterfaces/NameColumnUIWranger
instanceKlass com/altera/componenteditor/tools/signalsandinterfaces/SignalsAndInterfacesTool$2
instanceKlass com/altera/componenteditor/tools/signalsandinterfaces/SignalsAndInterfacesTool$1
instanceKlass com/altera/componenteditor/tools/interfaces/InterfacesTool$2
instanceKlass com/altera/componenteditor/tools/interfaces/InterfacesTool$1
instanceKlass com/altera/componenteditor/tools/signals/RemoveSignalAction$1
instanceKlass com/altera/componenteditor/tools/signals/SignalsTool$7
instanceKlass com/altera/componenteditor/tools/signals/DirectionColumnDataWrangler
instanceKlass com/altera/componenteditor/tools/signals/SignalsTool$6
instanceKlass com/altera/componenteditor/tools/signals/WidthColumnDataWrangler
instanceKlass com/altera/componenteditor/tools/signals/SignalsTool$5
instanceKlass com/altera/componenteditor/tools/signals/SignalTypeColumnDataWrangler
instanceKlass com/altera/componenteditor/tools/signals/SignalTypeColumnUiWrangler$SignalTypeCellEditor
instanceKlass com/altera/componenteditor/tools/signals/SignalTypeColumnUiWrangler$SignalTypeCellRenderer
instanceKlass com/altera/componenteditor/tools/signals/SignalsTool$4
instanceKlass com/altera/componenteditor/tools/signals/SignalsTool$3
instanceKlass com/altera/componenteditor/tools/signals/NameColumnDataWrangler
instanceKlass com/altera/componenteditor/tools/signals/InterfaceColumnDataWrangler
instanceKlass javax/swing/text/html/StyleSheet$ListPainter
instanceKlass com/altera/componenteditor/tools/signals/SignalsTool$2
instanceKlass com/altera/componenteditor/tools/signals/SignalsTool$1
instanceKlass com/altera/componenteditor/tools/summary/RemoveHdlParameterAction$1
instanceKlass com/altera/componenteditor/components/parametertable/ParameterTooltipDataWrangler
instanceKlass com/altera/componenteditor/components/parametertable/ParameterGroupDataWrangler
instanceKlass com/altera/componenteditor/components/parametertable/ParameterTypeDataWrangler
instanceKlass com/altera/componenteditor/components/parametertable/ParameterEditableDataWrangler
instanceKlass com/altera/componenteditor/components/parametertable/ParameterDefaultValueDataWrangler
instanceKlass com/altera/componenteditor/components/parametertable/ParameterNameDataWrangler
instanceKlass com/altera/componenteditor/tools/summary/HdlParametersTool$1
instanceKlass com/altera/componenteditor/tools/summary/HdlParametersTool$2
instanceKlass com/altera/componenteditor/tools/file/FilesTool$1
instanceKlass com/altera/componenteditor/tools/blockdiagramtool/BlockDiagramComponent$3
instanceKlass com/altera/ui/ientity/components/catalogcard/DocumentationParameterUi$4
instanceKlass com/altera/ui/ientity/components/catalogcard/DocumentationParameterUi$3
instanceKlass com/altera/ui/ientity/components/catalogcard/DocumentationParameterUi$2
instanceKlass com/altera/ui/ientity/components/catalogcard/UrlDataWrangler
instanceKlass com/altera/ui/ientity/components/catalogcard/TitleDataWrangler
instanceKlass com/altera/ui/ientity/elementeditor/ParameterComponentFactory2$4
instanceKlass com/altera/ui/ientity/elementeditor/ParameterComponentFactory2$6
instanceKlass com/altera/componenteditor/app/CatalogCardElement$2
instanceKlass com/altera/ui/ientity/components/catalogcard/DocumentationParameterUi
instanceKlass com/altera/componenteditor/app/CatalogCardElement$1
instanceKlass com/altera/componenteditor/app/CatalogCardElement
instanceKlass com/altera/ui/components/ExpandAndCollapsePanel$1
instanceKlass com/altera/componenteditor/tools/summary/SummaryTool$1
instanceKlass com/altera/componenteditor/tools/summary/SummaryTool$2
instanceKlass com/altera/componenteditor/tools/HdlProfileTool$1
instanceKlass com/altera/componenteditor/app/ComponentEditor$1
instanceKlass com/altera/componenteditor/app/ComponentEditor$3
instanceKlass com/altera/componenteditor/app/ComponentEditor$2
instanceKlass com/altera/componenteditor/util/ComponentEditorUtils$6
instanceKlass com/altera/componenteditor/app/ComponentModel$1
instanceKlass com/altera/entityinterfaces/moduleext/IFixedHdlLibraryName
instanceKlass com/altera/componenteditor/util/ComponentEditorUtils
instanceKlass bibliothek/gui/dock/facile/mode/MaximizedMode$3
instanceKlass bibliothek/gui/dock/facile/mode/LocationModeManager$7
instanceKlass javax/swing/text/html/TableView$ColumnIterator
instanceKlass javax/swing/text/html/TableView$RowIterator
instanceKlass javax/swing/text/html/CSS$LayoutIterator
instanceKlass com/altera/ui/ientity/elementeditor/ElementDocumentation
instanceKlass com/altera/ui/ientity/elementeditor/ParameterComponentFactory2$23
instanceKlass com/altera/ui/ientity/elementeditor/ParameterComponentFactory2$22
instanceKlass com/altera/ui/ientity/elementeditor/ParameterComponentFactory2$27
instanceKlass com/altera/ui/ientity/elementeditor/ParameterComponentFactory2$26
instanceKlass com/altera/ui/ientity/elementeditor/ParameterComponentFactory2$30
instanceKlass com/altera/ui/ientity/elementeditor/ParameterComponentFactory2$TextFieldUpdater
instanceKlass com/altera/ui/ientity/elementeditor/converters/StringToLongConverter
instanceKlass com/altera/sopceditor/tools/generation/ExampleDesignUtil
instanceKlass com/altera/sopceditor/tools/inspector/InspectorDisplayPane$4
instanceKlass com/altera/sopceditor/tools/schematic/listeners/EnsembleSchematicKeyListener$1$1
instanceKlass com/altera/ui/ientity/elementeditor/ParameterFocusSelection
instanceKlass com/altera/sopceditor/tools/elementdocs/ElementDocumentationTool$1$1
instanceKlass com/altera/ui/ientity/elementeditor/UndoableValueSetter
instanceKlass com/altera/sopceditor/tools/connections/ConnectionsTool$1
instanceKlass com/altera/sopceditor/tools/connections/Connectable
instanceKlass com/altera/sopceditor/tools/connections/ConnectionsTool$3$1
instanceKlass com/altera/sopceditor/widgets/HierarchyWidget$2
instanceKlass com/altera/sopceditor/widgets/HierarchyWidget$3
instanceKlass com/altera/sopceditor/tools/systemtable/SystemTableTool$SelectionAwareActionManager$1
instanceKlass com/altera/sopceditor/tools/resetdomain/ResetDetailsUtility
instanceKlass com/altera/sopceditor/tools/navigator/NavigationPane$LazyEnsembleResolver$1
instanceKlass com/altera/sopcmodel/definition/PortDefinition
instanceKlass com/altera/sopceditor/tools/schematic/populator/connectivity/ConnectionGroup
instanceKlass com/altera/ui/app/base/SelectionManager$2
instanceKlass bibliothek/gui/dock/event/VetoableDockFrontendEvent$1
instanceKlass bibliothek/gui/dock/station/stack/DefaultStackDockComponent$2
instanceKlass bibliothek/gui/dock/event/DockableSelectionListener
instanceKlass bibliothek/gui/dock/event/DockableSelectionEvent
instanceKlass bibliothek/gui/dock/event/DockableFocusEvent
instanceKlass bibliothek/gui/dock/control/focus/EnsuringFocusRequest
instanceKlass bibliothek/gui/dock/control/DefaultFocusController$1
instanceKlass com/altera/sopceditor/app/qsys/QsysEditor$6
instanceKlass org/netbeans/swing/outline/CheckRenderDataProvider
instanceKlass org/netbeans/swing/etable/ETable$RowMapping
instanceKlass org/netbeans/swing/etable/ETable$OriginalRowComparator
instanceKlass javax/swing/tree/FixedHeightLayoutCache$VisibleFHTreeStateNodeEnumeration
instanceKlass com/altera/sopceditor/tools/MessageViewer2$6
instanceKlass javax/swing/tree/DefaultMutableTreeNode$BreadthFirstEnumeration$Queue$QNode
instanceKlass javax/swing/tree/DefaultMutableTreeNode$BreadthFirstEnumeration$Queue
instanceKlass javax/swing/tree/DefaultMutableTreeNode$BreadthFirstEnumeration
instanceKlass com/altera/qsys/ui/path/EntityPath$1
instanceKlass com/altera/sopceditor/tools/navigator/filter/MappedFilter
instanceKlass com/altera/sopceditor/app/qsys/QsysEditor$5
instanceKlass com/altera/sopceditor/app/qsys/QsysEditor$2$1
instanceKlass com/altera/sopceditor/tools/clockdomain/ShowOnlyClockDomainInterfacesAction$1
instanceKlass com/altera/sopceditor/tools/resetdomain/ShowOnlyResetDomainInterfacesAction$1
instanceKlass com/altera/sopceditor/tools/systemtable/ShowClockResetDomainsAction$3
instanceKlass com/altera/sopceditor/tools/saveandload/LoadEnsembleTask$1
instanceKlass com/altera/sopceditor/tools/ipupgrade/IpMigrateTask
instanceKlass com/altera/sopcmodel/components/ensemblehierarchy/EnsembleClass$Editable
instanceKlass com/altera/sopc/generator/FileSetUtils$IGenerator2
instanceKlass tcl/lang/JoinCmd
instanceKlass java/lang/ProcessImpl$2
instanceKlass java/lang/Process
instanceKlass java/lang/ProcessBuilder
instanceKlass com/altera/megawizard2/jqtcl/JQTclThreadEvent
instanceKlass com/altera/megawizard2/jqtcl/JQTclMetaProcess
instanceKlass com/altera/megawizard2/jqtcl/JQTclOptional
instanceKlass com/altera/megawizard2/rbc/RBCJni
instanceKlass com/altera/megawizard2/rbc/RBCInterface
instanceKlass com/altera/megawizard2/validator/JRValidator
instanceKlass com/altera/megawizard2/validator/JRIValidator
instanceKlass com/altera/sopcmodel/util/CmsisInfo
instanceKlass com/altera/sopcmodel/avalon/validation/RequiredClockBridgeReporter
instanceKlass com/altera/sopcmodel/domains/DomainExtractor
instanceKlass com/altera/sopcmodel/domains/Domain
instanceKlass com/altera/sopcmodel/avalon/validation/ExportedClockValidator
instanceKlass com/altera/sopcmodel/avalon/validation/BurstValidator
instanceKlass com/altera/sopcmodel/avalon/validation/NumSymbolsValidator
instanceKlass com/altera/sopcmodel/avalon/validation/IdWidthValidator
instanceKlass com/altera/sopcmodel/ensemble/IrqMap
instanceKlass com/altera/sopcmodel/ensemble/EnsembleUtils$AddressEntry
instanceKlass com/altera/sopcmodel/interrupt/InterruptConnectionPoint$1
instanceKlass com/google/common/collect/ComparisonChain
instanceKlass com/altera/entityinterfaces/moduleext/AddressMap$Builder
instanceKlass com/altera/sopcmodel/ensemble/EnsembleWalker$ElementInfo
instanceKlass com/altera/sopcmodel/ensemble/EnsembleGraph$ConnectionNode
instanceKlass com/altera/sopcmodel/wire/ConduitValidator$1
instanceKlass com/altera/sopcmodel/beanelement/BeanConnectionPoint$1
instanceKlass com/altera/sopcmodel/components/tclmodule/LiveModuleGenerateFileSet2
instanceKlass java/util/EnumMap$EntryIterator$Entry
instanceKlass com/altera/hdlwriter/internal/ReservedWords
instanceKlass com/altera/sopcmodel/components/tclmodule/TimingReport
instanceKlass com/altera/sopcmodel/components/tclmodule/ParameterDescriptorSymbolTable
instanceKlass com/altera/minieval2/evaluator/FunctionCallEvaluator
instanceKlass com/altera/minieval2/evaluator/ConcatOpEvaluator
instanceKlass com/altera/minieval2/evaluator/UnaryOpEvaluator
instanceKlass com/altera/minieval2/evaluator/LookupEvaluator
instanceKlass com/altera/minieval2/evaluator/ComparatorOpEvaluator
instanceKlass com/altera/minieval2/evaluator/EqualityOpEvaluator
instanceKlass com/altera/minieval2/evaluator/BinaryOpEvaluator
instanceKlass com/altera/minieval2/evaluator/CondOpEvaluator
instanceKlass com/altera/minieval2/evaluator/IOpEvaluator
instanceKlass com/altera/minieval2/evaluator/IEdgeEvaluator
instanceKlass com/altera/minieval2/evaluator/Evaluator
instanceKlass com/altera/minieval2/functions/MiniEvalBuiltinLibrary
instanceKlass com/altera/minieval2/evaluator/IEvaluationContext
instanceKlass com/altera/minieval2/functions/IMiniEval2Library
instanceKlass com/altera/minieval2/MiniEvalImpl
instanceKlass com/altera/minieval2/IMiniEval2
instanceKlass com/altera/minieval2/MiniEval2Factory
instanceKlass com/altera/minieval2/IMiniEval2SymbolTable
instanceKlass com/altera/sopcmodel/components/tclmodule/PortWidthExpressionEvaluator
instanceKlass com/altera/sopcmodel/reset/Reset
instanceKlass com/altera/sopcmodel/components/tclmodule/LiveModuleUtils$PortExtras
instanceKlass com/altera/sopcmodel/components/tclmodule/ConduitPointGuard
instanceKlass com/altera/tcl/interpreter/IsolatedTCLInterpreter$10
instanceKlass com/altera/tcl/interpreter/IsolatedTCLInterpreter$4
instanceKlass com/altera/tcl/interpreter/NativeTclWrapper$TclResult
instanceKlass com/altera/tcl/interpreter/NativeTclWrapper
instanceKlass com/altera/tcl/interpreter/IsolatedTCLInterpreter$StackedTask
instanceKlass com/altera/tcl/interpreter/IsolatedTCLInterpreter$3
instanceKlass com/altera/tcl/interpreter/IsolatedTCLInterpreter$7
instanceKlass com/altera/tcl/interpreter/IsolatedTCLInterpreter$SafeCommands
instanceKlass com/altera/tcl/interpreter/IsolatedTCLInterpreter$2
instanceKlass com/altera/tcl/interpreter/IsolatedTCLInterpreter$StackedContinuation
instanceKlass com/altera/sopcmodel/components/tclmodule/LazyConnectionPointBuilder$SetValueCommand
instanceKlass com/altera/sopcmodel/components/tclmodule/LazyConnectionPointBuilder$ISetValueCommand
instanceKlass com/altera/sopcmodel/components/tclmodule/LazyConnectionPointBuilder
instanceKlass com/altera/sopcmodel/components/tclmodule/IRecyclingConnectionPointBuilder
instanceKlass com/altera/sopcmodel/components/tclmodule/IRecyclableConnectionPointBuilder
instanceKlass com/altera/sopcmodel/components/tclmodule/LazyConnectionPointBuilderFactory
instanceKlass java/util/concurrent/CopyOnWriteArrayList$1
instanceKlass com/google/common/collect/TreeBasedTable$Factory
instanceKlass com/google/common/collect/Ordering
instanceKlass com/google/common/collect/RowSortedTable
instanceKlass com/altera/sopcmodel/components/tclmodule/LmcFileSet$LmcSimulatorProperties
instanceKlass tcl/lang/ConcatCmd
instanceKlass tcl/lang/SwitchCmd
instanceKlass sunlabs/brazil/util/regexp/Regsub
instanceKlass tcl/lang/BreakCmd
instanceKlass tcl/lang/WhileCmd
instanceKlass com/altera/sopcmodel/components/tclmodule/LiveModuleGenerateHdl
instanceKlass com/altera/sopcmodel/components/tclmodule/LiveModuleUtils$ConnectionPointExtras
instanceKlass com/altera/sopcmodel/components/tclmodule/LmFileSet
instanceKlass com/altera/sopcmodel/transforms/interfaces/ISubmoduleTransform
instanceKlass tcl/lang/LreplaceCmd
instanceKlass tcl/lang/TclDouble
instanceKlass com/altera/sopcmodel/components/tclmodule/LiveModule$LiveModuleWidgetProvider
instanceKlass com/altera/ip/customwidget/ICustomWidget
instanceKlass com/altera/alterahpswidget/AlteraHpsWidgetFactory
instanceKlass com/altera/sopcmodel/components/tclmodule/JarWidgetFactoryGetter
instanceKlass com/altera/sopcmodel/util/DisplayHints
instanceKlass com/google/common/base/Joiner
instanceKlass com/altera/sopcmodel/ensemble/EnsembleUtils$1
instanceKlass com/altera/sopcmodel/util/ChangeCounter
instanceKlass com/altera/sopcmodel/ensemble/InterfaceMapper
instanceKlass com/altera/sopcmodel/ensemble/Ensemble$AdditionalConnectionInfo
instanceKlass com/altera/megawizard2/jqtcl/JQTclLogger
instanceKlass com/altera/megawizard2/jqtcl/JQTclUtilities
instanceKlass com/altera/megawizard2/jqtcl/JQTclProxy
instanceKlass com/altera/megawizard2/helper/HwTclValidator
instanceKlass com/altera/sopcmodel/components/tclmodule/LiveModuleHelper$URLFollower
instanceKlass com/altera/sopcmodel/components/tclmodule/LiveModuleHelper$MegaWizardRestrictions
instanceKlass com/altera/entityinterfaces/moduleext/megawizard/IMegaWizard
instanceKlass com/altera/sopcmodel/components/tclmodule/LiveModuleHelper
instanceKlass com/altera/entityinterfaces/moduleext/IModuleSetSimulationDir
instanceKlass com/altera/sopcmodel/util/IModuleGenerateFromIPTB
instanceKlass com/altera/sopcmodel/extensions/IExternalModuleEditor
instanceKlass com/altera/sopcmodel/components/tclmodule/LiveModuleCompositionCallbackSwitch
instanceKlass com/altera/entityinterfaces/moduleext/IPreTransform
instanceKlass com/altera/sopcmodel/components/tclmodule/LiveModuleFileSetGeneratorFactory
instanceKlass com/altera/sopcmodel/components/tclmodule/LiveModule$2
instanceKlass com/altera/sopcmodel/components/tclmodule/utils/MessageCache
instanceKlass com/altera/sopcmodel/components/tclmodule/PreGenerationElaboration
instanceKlass com/altera/sopcmodel/components/tclmodule/LiveModuleBase$1
instanceKlass com/altera/entityinterfaces/moduleext/IPreGenerationModuleUpdater
instanceKlass com/altera/sopcmodel/components/tclmodule/LiveModuleUtils$ParameterExtras
instanceKlass com/google/common/base/Predicates
instanceKlass com/altera/sopcmodel/ensemble/AutoSystemInfoUtils$1
instanceKlass com/altera/entityinterfaces/parameterext/IAutoSystemInfo
instanceKlass com/altera/sopcmodel/ensemble/AutoSystemInfoUtils
instanceKlass com/altera/sopcmodel/components/tclmodule/ConnectionPointUtils
instanceKlass com/altera/sopcmodel/ensemble/AutoSystemInfoUtils$AutoSystemInfoCreationControl
instanceKlass com/altera/sopcmodel/util/MessageUtils$1
instanceKlass com/altera/sopcmodel/components/tclmodule/LmcFileSet
instanceKlass com/altera/sopcmodel/components/tclmodule/FileSetFile
instanceKlass com/altera/hdlcomponent/ModuleDescription
instanceKlass tcl/lang/UnsetCmd
instanceKlass tcl/lang/ContinueCmd
instanceKlass tcl/lang/CloseCmd
instanceKlass tcl/lang/ReadCmd
instanceKlass tcl/lang/OpenCmd
instanceKlass tcl/lang/EvalCmd
instanceKlass tcl/lang/UplevelCmd
instanceKlass tcl/lang/FormatCmd
instanceKlass com/altera/sopcmodel/components/tclmodule/LiveModuleParameterUiUpdate
instanceKlass com/altera/sopcmodel/components/tclmodule/LiveModuleScriptableParameterUtils
instanceKlass tcl/lang/AppendCmd
instanceKlass tcl/lang/LinsertCmd
instanceKlass tcl/lang/LrangeCmd
instanceKlass tcl/lang/QSort
instanceKlass tcl/lang/LsortCmd
instanceKlass java/math/MutableBigInteger
instanceKlass com/google/common/base/NullnessCasts
instanceKlass com/google/common/base/AbstractIterator$1
instanceKlass com/google/common/base/Splitter$5
instanceKlass com/google/common/base/AbstractIterator
instanceKlass com/google/common/base/Splitter$1
instanceKlass com/google/common/base/CharMatcher
instanceKlass com/google/common/base/Splitter$Strategy
instanceKlass com/google/common/base/Splitter
instanceKlass com/altera/utilities/TclUtilities
instanceKlass tcl/lang/SplitCmd
instanceKlass com/altera/tcl/interpreter/debug/DebugContext
instanceKlass sun/awt/shell/Win32ShellFolder2$FolderDisposer$1
instanceKlass com/altera/sopcmodel/components/tclmodule/LiveModuleClass$3
instanceKlass tcl/lang/ArrayCmd
instanceKlass tcl/lang/UpvarCmd
instanceKlass sunlabs/brazil/util/regexp/Regexp$Match
instanceKlass sunlabs/brazil/util/regexp/Regexp$Compiler
instanceKlass sunlabs/brazil/util/regexp/Regexp$Filter
instanceKlass sunlabs/brazil/util/regexp/Regexp
instanceKlass tcl/lang/TclRegexp
instanceKlass tcl/lang/VariableCmd
instanceKlass tcl/lang/IncrCmd
instanceKlass tcl/lang/InterpCmd
instanceKlass tcl/lang/ForeachCmd
instanceKlass tcl/lang/GlobCmd
instanceKlass tcl/lang/LindexCmd
instanceKlass tcl/lang/ExprCmd
instanceKlass tcl/lang/LlengthCmd
instanceKlass tcl/lang/ForCmd
instanceKlass tcl/lang/LappendCmd
instanceKlass tcl/lang/ReturnCmd
instanceKlass com/altera/sopcmodel/components/tclmodule/LiveModuleScriptable$1
instanceKlass com/altera/script/debug/IDebugContext
instanceKlass com/altera/tcl/interpreter/debug/DebugInterface
instanceKlass com/altera/tcl/interpreter/debug/IDebugInterface
instanceKlass tcl/lang/ImportRef
instanceKlass tcl/lang/ImportedCmdData
instanceKlass tcl/lang/NamespaceCmd$ResolvedNsName
instanceKlass tcl/lang/ListCmd
instanceKlass tcl/lang/SourceCmd
instanceKlass java/io/FileFilter
instanceKlass tcl/lang/FileCmd
instanceKlass tcl/lang/FileUtil
instanceKlass tcl/lang/JACL
instanceKlass tcl/lang/CdCmd
instanceKlass com/altera/sopcmodel/components/tclmodule/TclUtils
instanceKlass tcl/lang/GlobalCmd
instanceKlass tcl/lang/CallFrame
instanceKlass com/altera/sopcmodel/components/tclmodule/LiveModuleClass$LeafFile
instanceKlass com/altera/sopcmodel/components/tclmodule/LiveModuleClass$DisplayItemInfo
instanceKlass com/altera/sopcmodel/components/tclmodule/LiveModuleClass$LiveModuleClassDocumentUrl
instanceKlass com/altera/sopcmodel/components/tclmodule/LiveModuleClass$FileInfo
instanceKlass com/altera/sopcmodel/components/tclmodule/LiveModuleClass$PortAndConnPtData
instanceKlass com/altera/entityinterfaces/moduleext/IModuleGenerateFileSets2$IFileAttributes
instanceKlass com/altera/entityinterfaces/moduleext/IModuleGenerateFileSets2$ISimulatorProperties
instanceKlass com/altera/entityinterfaces/moduleext/IModuleGenerateFileSets2$IEntityFileInfo
instanceKlass com/altera/entityinterfaces/moduleext/IModuleGenerateFileSets2$ILibraryInfo
instanceKlass com/altera/entityinterfaces/moduleext/IModuleGenerateFileSets2$IGenerateCallbacks2
instanceKlass com/altera/entityinterfaces/moduleext/IModuleGenerateFileSets2$IGenerateConfigurationCallback
instanceKlass com/altera/entityinterfaces/moduleext/IModuleGenerateFileSets2$IFileSet2
instanceKlass com/altera/entityinterfaces/moduleext/IModuleGenerateFileSets2$IInstantiationInfo3
instanceKlass com/altera/entityinterfaces/moduleext/IModuleGenerateFileSets2$IInstantiationInfo2
instanceKlass com/altera/tcl/interpreter/SimpleTclReflectiveHelper$ArgumentDescriptor
instanceKlass com/altera/tcl/interpreter/SimpleTclReflectiveHelper$ReflectiveSimpleTclCommand
instanceKlass com/altera/tcl/interpreter/SimpleTclReflectiveHelper
instanceKlass com/altera/sopcmodel/components/tclmodule/LiveModuleTclInterpreter$StoppingMessageLogger
instanceKlass com/altera/sopcmodel/util/MessageLogger$JavaLoggerMessageLogger
instanceKlass com/altera/tcl/interpreter/debug/DebugCmd
instanceKlass com/altera/sopcmodel/components/tclmodule/TclInterpreterImplSelector$PackageInfo
instanceKlass com/altera/sopcmodel/components/tclmodule/TclInterpreterImplSelector
instanceKlass com/altera/sopcmodel/components/tclmodule/LiveModuleUtils$DowngradingMessageLogger
instanceKlass com/altera/tcl/interpreter/TclPackages
instanceKlass com/altera/sopcmodel/components/tclmodule/LiveModuleScriptable$TclContext
instanceKlass com/altera/tcl/interpreter/ReflectiveTclInterpreter$TclCommand
instanceKlass com/altera/sopcmodel/components/tclmodule/LiveModuleScriptable$MethodInfo
instanceKlass com/google/common/primitives/IntsMethodsForWeb
instanceKlass com/altera/sopcmodel/components/tclmodule/IConnectionPointBuilderFactory
instanceKlass com/altera/sopcmodel/components/tclmodule/LiveModuleScriptable
instanceKlass com/altera/sopcmodel/components/tclmodule/LiveModuleUtils
instanceKlass com/altera/sopcmodel/components/tclmodule/IConnectionPointBuilder
instanceKlass com/altera/sopcmodel/components/tclmodule/LiveModulePointsAndPorts
instanceKlass com/altera/sopcmodel/components/tclmodule/LiveModuleClass$StubModule
instanceKlass com/altera/entityinterfaces/moduleext/IModuleGenerateFileSets3$IGenerationFileSetInfo
instanceKlass com/altera/sopcmodel/components/tclmodule/ModuleContainerUnsupportedOperations
instanceKlass com/altera/entityinterfaces/moduleext/IModuleSystemContainer
instanceKlass com/altera/sopcmodel/components/tclmodule/LiveModuleClassInfo
instanceKlass com/altera/utilities/Utilities$Version
instanceKlass com/altera/sopcmodel/components/tclmodule/VersionReporting
instanceKlass com/altera/tcl/interpreter/ReflectiveTclInterpreter$IPropertyPresentOnXml
instanceKlass com/altera/sopcmodel/components/tclmodule/LiveModuleScriptable$ILiveModulePropertyEnum
instanceKlass com/altera/tcl/interpreter/ReflectiveTclInterpreter$IPropertyEnum
instanceKlass com/altera/sopcmodel/extensions/IEditableElementClass
instanceKlass com/altera/sopcmodel/components/tclmodule/LiveModuleClassBase
instanceKlass com/altera/sopcmodel/extensions/IDeviceFamilyUpgradeInfo
instanceKlass com/altera/entityinterfaces/moduleclassext/IModuleClassSuperset
instanceKlass com/altera/entityinterfaces/moduleclassext/IModuleClassGetChildDependencies
instanceKlass com/altera/sopcmodel/extensions/ILiveModuleClassInfoExt
instanceKlass com/altera/sopcmodel/extensions/IElementClassExtQipData
instanceKlass com/altera/sopcmodel/extensions/IElementClassExtInstantiateInSystem
instanceKlass com/altera/entityinterfaces/elementclassext/IElementClassDocumentationInfo
instanceKlass com/altera/sopcmodel/extensions/IAllowGreyboxExt
instanceKlass com/altera/utilities/FileUtilities$FileContents
instanceKlass com/altera/utilities/FileUtilities
instanceKlass com/altera/tcl/interpreter/ReflectiveTclInterpreter
instanceKlass com/altera/sopcmodel/components/tclmodule/LiveModuleClass$ICallbackHooks
instanceKlass com/altera/sopcmodel/extensions/IParameterUpgrade
instanceKlass com/altera/sopcdocument/Document$2
instanceKlass java/util/AbstractMap$SimpleImmutableEntry
instanceKlass com/altera/sopcmodel/definition/DefinitionJaxbUtils
instanceKlass com/altera/entityinterfaces/moduleext/IModuleGenerateFileSets$IFileSet
instanceKlass com/altera/utilities/altNode/AltNodePTF
instanceKlass com/altera/sopcdocument/Document
instanceKlass com/sun/org/apache/xerces/internal/impl/xs/XSWildcardDecl
instanceKlass com/sun/org/apache/xerces/internal/xs/XSWildcard
instanceKlass com/sun/org/apache/xerces/internal/impl/xs/AttributePSVImpl
instanceKlass com/sun/org/apache/xerces/internal/xs/AttributePSVI
instanceKlass com/sun/org/apache/xerces/internal/impl/xs/XSDeclarationPool
instanceKlass com/sun/org/apache/xerces/internal/jaxp/validation/StreamValidatorHelper
instanceKlass com/sun/org/apache/xerces/internal/jaxp/validation/ValidatorHelper
instanceKlass javax/xml/transform/dom/DOMSource
instanceKlass javax/xml/transform/sax/SAXSource
instanceKlass com/altera/utilities/altNode/AltNodeXML$2
instanceKlass com/sun/org/apache/xerces/internal/impl/xs/XMLSchemaValidator$LocalIDKey
instanceKlass com/sun/org/apache/xerces/internal/impl/xs/XMLSchemaValidator$ValueStoreCache
instanceKlass com/sun/org/apache/xerces/internal/util/IntStack
instanceKlass com/sun/org/apache/xerces/internal/impl/xs/identity/XPathMatcher
instanceKlass com/sun/org/apache/xerces/internal/impl/xs/XMLSchemaValidator$XPathMatcherStack
instanceKlass com/sun/org/apache/xerces/internal/impl/xs/XSNotationDecl
instanceKlass com/sun/org/apache/xerces/internal/xs/XSNotationDeclaration
instanceKlass com/sun/org/apache/xerces/internal/impl/xs/XMLSchemaValidator$XSIErrorReporter
instanceKlass com/sun/org/apache/xerces/internal/impl/xs/ElementPSVImpl
instanceKlass com/sun/org/apache/xerces/internal/xs/ElementPSVI
instanceKlass com/sun/org/apache/xerces/internal/xs/ItemPSVI
instanceKlass com/sun/org/apache/xerces/internal/impl/xs/XMLSchemaValidator
instanceKlass com/sun/org/apache/xerces/internal/impl/xs/identity/FieldActivator
instanceKlass javax/xml/validation/Validator
instanceKlass javax/xml/validation/Schema
instanceKlass com/sun/org/apache/xerces/internal/jaxp/validation/XSGrammarPoolContainer
instanceKlass com/sun/org/apache/xerces/internal/impl/dtd/models/CMStateSet
instanceKlass com/sun/org/apache/xerces/internal/impl/xs/models/XSDFACM
instanceKlass com/sun/org/apache/xerces/internal/impl/dtd/models/CMNode
instanceKlass com/sun/org/apache/xerces/internal/impl/xs/XSConstraints$1
instanceKlass com/sun/org/apache/xerces/internal/impl/xs/XSConstraints
instanceKlass com/sun/org/apache/xerces/internal/xs/datatypes/XSQName
instanceKlass com/sun/org/apache/xerces/internal/impl/xs/XSModelGroupImpl
instanceKlass com/sun/org/apache/xerces/internal/xs/XSModelGroup
instanceKlass com/sun/org/apache/xerces/internal/impl/xs/XSAttributeUseImpl
instanceKlass com/sun/org/apache/xerces/internal/xs/XSAttributeUse
instanceKlass com/sun/org/apache/xerces/internal/impl/xs/XSAttributeGroupDecl
instanceKlass com/sun/org/apache/xerces/internal/xs/XSAttributeGroupDefinition
instanceKlass com/sun/org/apache/xerces/internal/impl/xs/util/XSObjectListImpl$1
instanceKlass com/sun/org/apache/xerces/internal/xs/XSObjectList
instanceKlass com/sun/org/apache/xerces/internal/impl/xs/opti/NamedNodeMapImpl
instanceKlass org/w3c/dom/NamedNodeMap
instanceKlass com/sun/org/apache/xerces/internal/impl/xs/identity/IdentityConstraint
instanceKlass com/sun/org/apache/xerces/internal/xs/XSIDCDefinition
instanceKlass com/sun/org/apache/xerces/internal/impl/xs/traversers/XSDAbstractParticleTraverser$ParticleArray
instanceKlass com/sun/org/apache/xerces/internal/impl/xs/traversers/XSDAbstractTraverser
instanceKlass com/sun/org/apache/xerces/internal/impl/xs/traversers/Container
instanceKlass com/sun/org/apache/xerces/internal/impl/xs/traversers/OneAttr
instanceKlass com/sun/org/apache/xerces/internal/impl/xs/XSAttributeDecl
instanceKlass com/sun/org/apache/xerces/internal/xs/XSAttributeDeclaration
instanceKlass com/sun/org/apache/xerces/internal/impl/xs/XSGroupDecl
instanceKlass com/sun/org/apache/xerces/internal/xs/XSModelGroupDefinition
instanceKlass com/sun/org/apache/xerces/internal/impl/xs/XSComplexTypeDecl
instanceKlass com/sun/org/apache/xerces/internal/xs/XSComplexTypeDefinition
instanceKlass com/sun/org/apache/xerces/internal/impl/xs/SchemaGrammar
instanceKlass com/sun/org/apache/xerces/internal/xs/XSNamespaceItem
instanceKlass com/sun/org/apache/xerces/internal/xni/grammars/XSGrammar
instanceKlass com/sun/org/apache/xerces/internal/impl/xs/util/XInt
instanceKlass com/sun/org/apache/xerces/internal/impl/xs/util/XIntPool
instanceKlass com/sun/org/apache/xerces/internal/impl/xs/traversers/XSAttributeChecker
instanceKlass com/sun/org/apache/xerces/internal/impl/xs/traversers/XSDHandler$XSDKey
instanceKlass com/sun/org/apache/xerces/internal/util/DOMUtil
instanceKlass org/w3c/dom/Attr
instanceKlass com/sun/org/apache/xerces/internal/impl/xs/SchemaSymbols
instanceKlass com/sun/org/apache/xerces/internal/impl/xs/opti/DefaultNode
instanceKlass org/w3c/dom/Document
instanceKlass com/sun/org/apache/xerces/internal/xni/grammars/Grammar
instanceKlass com/sun/org/apache/xerces/internal/impl/xpath/regex/Token
instanceKlass com/sun/org/apache/xerces/internal/impl/xpath/regex/RegexParser
instanceKlass com/sun/org/apache/xerces/internal/impl/xpath/regex/REUtil
instanceKlass com/sun/org/apache/xerces/internal/impl/xpath/regex/RegularExpression
instanceKlass com/sun/org/apache/xerces/internal/impl/dv/xs/DecimalDV$XDecimal
instanceKlass com/sun/org/apache/xerces/internal/xs/datatypes/XSDecimal
instanceKlass com/sun/org/apache/xerces/internal/impl/dv/ValidatedInfo
instanceKlass com/sun/org/apache/xerces/internal/impl/dv/XSFacets
instanceKlass com/sun/org/apache/xerces/internal/impl/dv/xs/XSSimpleTypeDecl$4
instanceKlass com/sun/org/apache/xerces/internal/impl/dv/xs/XSSimpleTypeDecl$1
instanceKlass com/sun/org/apache/xerces/internal/impl/dv/xs/AbstractDateTimeDV$DateTimeData
instanceKlass com/sun/org/apache/xerces/internal/xs/datatypes/XSDateTime
instanceKlass com/sun/org/apache/xerces/internal/impl/dv/xs/TypeValidator
instanceKlass com/sun/org/apache/xerces/internal/impl/dv/xs/XSSimpleTypeDecl
instanceKlass org/w3c/dom/TypeInfo
instanceKlass com/sun/org/apache/xerces/internal/impl/dv/XSSimpleType
instanceKlass com/sun/org/apache/xerces/internal/xs/XSSimpleTypeDefinition
instanceKlass com/sun/org/apache/xerces/internal/xs/XSTypeDefinition
instanceKlass com/sun/org/apache/xerces/internal/utils/SecuritySupport$3
instanceKlass com/sun/org/apache/xerces/internal/utils/SecuritySupport$2
instanceKlass com/sun/org/apache/xerces/internal/utils/SecuritySupport$1
instanceKlass com/sun/org/apache/xerces/internal/utils/ObjectFactory
instanceKlass com/sun/org/apache/xerces/internal/impl/dv/SchemaDVFactory
instanceKlass com/sun/org/apache/xerces/internal/util/XMLGrammarPoolImpl$Entry
instanceKlass com/sun/org/apache/xerces/internal/util/XMLGrammarPoolImpl
instanceKlass javax/xml/transform/stream/StreamSource
instanceKlass com/altera/sopcdocument/SopcXml
instanceKlass com/altera/sopcdocument/ReadDocument
instanceKlass com/altera/sopclibrary/conan/Conan$CardCollector
instanceKlass com/altera/sopceditor/util/EnsembleIO
instanceKlass com/altera/ui/ientity/messages/ProgressMessageScaler$1
instanceKlass com/altera/utilities/NameDecorator
instanceKlass com/altera/sopceditor/tools/ipupgrade/IpUpgradeModel$1
instanceKlass com/altera/sopceditor/tools/ipupgrade/IpInstance
instanceKlass com/altera/sopceditor/tools/saveandload/OpenSystemTask$1
instanceKlass com/altera/sopceditor/tools/saveandload/LoadEnsembleTask
instanceKlass sun/awt/im/InputContext$1
instanceKlass java/awt/KeyboardFocusManager$2
instanceKlass javax/swing/JComponent$ActionStandin
instanceKlass javax/swing/JComponent$IntVector
instanceKlass javax/swing/JComponent$KeyboardState
instanceKlass java/awt/KeyboardFocusManager$5
instanceKlass com/sun/java/swing/plaf/windows/WindowsTextFieldUI$WindowsFieldCaret$SafeScroller
instanceKlass sun/awt/ModalExclude
instanceKlass javax/swing/text/JTextComponent$InputMethodRequestsHandler
instanceKlass javax/swing/plaf/basic/BasicDirectoryModel$DoChangeContents
instanceKlass javax/swing/plaf/basic/BasicDirectoryModel$LoadFilesThread$1
instanceKlass sun/awt/shell/Win32ShellFolder2$ColumnComparator$1
instanceKlass sun/awt/shell/ShellFolder$1
instanceKlass com/sun/java/swing/plaf/windows/AnimationController$AnimationState
instanceKlass sun/awt/shell/Win32ShellFolder2$11
instanceKlass sun/awt/shell/Win32ShellFolderManager2$ComInvoker$4
instanceKlass javax/swing/plaf/basic/BasicDirectoryModel$1
instanceKlass sun/awt/shell/Win32ShellFolder2$18
instanceKlass sun/awt/shell/Win32ShellFolder2$5
instanceKlass sun/awt/shell/Win32ShellFolder2$9
instanceKlass sun/awt/shell/Win32ShellFolder2$ColumnComparator
instanceKlass sun/awt/shell/Win32ShellFolder2$16
instanceKlass sun/awt/shell/Win32ShellFolderManager2$1
instanceKlass com/sun/java/swing/plaf/windows/WindowsFileChooserUI$11
instanceKlass com/sun/java/swing/plaf/windows/WindowsFileChooserUI$6
instanceKlass com/sun/java/swing/plaf/windows/WindowsFileChooserUI$5
instanceKlass sun/java2d/pipe/ShapeSpanIterator
instanceKlass sun/awt/geom/PathConsumer2D
instanceKlass sun/java2d/pipe/SpanIterator
instanceKlass javax/swing/plaf/basic/BasicIconFactory$MenuItemArrowIcon
instanceKlass com/sun/java/swing/plaf/windows/WindowsRadioButtonMenuItemUI$1
instanceKlass com/sun/java/swing/plaf/windows/WindowsFileChooserUI$IndentIcon
instanceKlass java/lang/invoke/LambdaForm$MH
instanceKlass sun/awt/windows/WToolkit$$Lambda$32
instanceKlass java/lang/invoke/LambdaForm$DMH
instanceKlass sun/awt/shell/Win32ShellFolder2$14
instanceKlass sun/awt/shell/Win32ShellFolder2$15
instanceKlass sun/awt/shell/Win32ShellFolder2$13
instanceKlass sun/awt/shell/Win32ShellFolder2$6
instanceKlass sun/awt/shell/Win32ShellFolder2$8
instanceKlass sun/awt/shell/Win32ShellFolder2$10
instanceKlass sun/awt/shell/Win32ShellFolder2$4
instanceKlass sun/awt/shell/Win32ShellFolder2$2
instanceKlass sun/awt/shell/Win32ShellFolder2$12
instanceKlass sun/awt/shell/Win32ShellFolder2$1
instanceKlass sun/awt/shell/Win32ShellFolder2$FolderDisposer
instanceKlass sun/awt/shell/Win32ShellFolder2$7
instanceKlass sun/swing/FilePane$Handler
instanceKlass javax/swing/plaf/basic/BasicFileChooserUI$Handler
instanceKlass sun/swing/FilePane$DirectoriesFirstComparatorWrapper
instanceKlass sun/awt/shell/Win32ShellFolderManager2$ComInvoker$$Lambda$31
instanceKlass sun/awt/shell/Win32ShellFolderManager2$ComInvoker$3
instanceKlass java/util/concurrent/FutureTask$WaitNode
instanceKlass java/util/concurrent/FutureTask
instanceKlass java/util/concurrent/RunnableFuture
instanceKlass java/util/concurrent/Future
instanceKlass sun/swing/FilePane$DetailsTableRowSorter$1
instanceKlass sun/awt/shell/ShellFolderColumnInfo
instanceKlass sun/swing/FilePane$5
instanceKlass com/sun/java/swing/plaf/windows/WindowsFileChooserUI$WindowsFileChooserUIAccessor
instanceKlass sun/swing/FilePane$FileChooserUIAccessor
instanceKlass sun/swing/FilePane$3
instanceKlass com/sun/java/swing/plaf/windows/WindowsFileChooserUI$DirectoryComboBoxAction
instanceKlass javax/swing/filechooser/FileView
instanceKlass javax/swing/filechooser/FileSystemView$1
instanceKlass javax/swing/filechooser/FileSystemView
instanceKlass javax/swing/JFileChooser$1
instanceKlass javax/swing/JFileChooser$WeakPCL
instanceKlass com/altera/sopceditor/tools/schematic/populator/StaticConnectivityCommandProvider
instanceKlass java/text/BreakIterator$BreakIteratorCache
instanceKlass sun/text/SupplementaryCharacterData
instanceKlass sun/text/CompactByteArray
instanceKlass sun/util/locale/provider/RuleBasedBreakIterator$1
instanceKlass com/altera/sopceditor/tools/resetdomain/TagStringBuilder
instanceKlass com/altera/sopceditor/tools/clockdomain/ClockDetailsUtility
instanceKlass com/altera/sopceditor/tools/systemtable/widgets/QsysConnectionColumnComponent$9
instanceKlass com/altera/sopceditor/tools/systemtable/widgets/BaseAddressDataWrangler$1
instanceKlass com/altera/sopceditor/tools/systemtable/widgets/SystemTableEntryUtils
instanceKlass com/altera/sopceditor/tools/instrumentation/InstrumentationPanel$4
instanceKlass com/altera/sopceditor/util/SystemTableRuleFilter$2
instanceKlass com/altera/sopceditor/tools/resetdomain/ResetDomainTable$5
instanceKlass com/altera/sopceditor/tools/clockdomain/ClockDomainPane$4
instanceKlass com/altera/sopceditor/tools/inspector/InspectorDisplayPane$1
instanceKlass com/altera/sopceditor/tools/inspector/InspectorDisplayPane$5
instanceKlass javax/swing/JComponent$$Lambda$30
instanceKlass com/altera/sopcmodel/ensemble/EnsembleSystemInfoUtilities
instanceKlass javax/swing/tree/PathPlaceHolder
instanceKlass com/altera/ui/components/columntable/ColumnTableModel$1$1
instanceKlass com/altera/ui/components/columntable/ColumnTableModel$1
instanceKlass com/altera/sopceditor/tools/instrumentation/InstrumentationPanel$3
instanceKlass com/altera/sopceditor/tools/navigator/NavigationPane$5
instanceKlass com/google/common/collect/LinkedHashMultimap$ValueSet$1
instanceKlass com/google/common/collect/Hashing
instanceKlass com/altera/sopcmodel/ensemble/EnsembleAddressValidation$1
instanceKlass com/altera/sopcmodel/ensemble/IrqWalker
instanceKlass com/altera/sopcmodel/ensemble/WalkerUtils
instanceKlass com/altera/sopcmodel/ensemble/EnsembleGraph$ConnectionPointNode
instanceKlass com/altera/sopcmodel/ensemble/EnsembleGraph$ModuleNode
instanceKlass com/altera/sopcmodel/ensemble/EnsembleGraph$1
instanceKlass com/altera/sopcmodel/ensemble/EnsembleGraph
instanceKlass com/altera/entityinterfaces/elementclassext/IElementClassCoreInfo
instanceKlass com/altera/sopcmodel/internal/util/HdlKeywords
instanceKlass com/altera/sopcmodel/internal/util/ConnectionPointUtils
instanceKlass com/altera/entityinterfaces/etcprivate/IModuleGenerateInline
instanceKlass com/altera/sopcmodel/ensemble/ModuleValidator
instanceKlass com/altera/sopcmodel/util/logger/FilteringMessageLogger
instanceKlass com/altera/qsys/model/common/utils/Either
instanceKlass com/altera/sopcmodel/util/PortFragmentList
instanceKlass com/altera/sopcmodel/internal/conversions/CollectionConversions
instanceKlass com/altera/sopcmodel/internal/conversions/Conversion
instanceKlass com/altera/sopcmodel/internal/conversions/Basics
instanceKlass com/altera/sopcmodel/internal/util/Map2
instanceKlass com/altera/sopcmodel/beanelement/SopcConversions
instanceKlass com/altera/sopcmodel/ensemble/EnsembleSystemPropagator$1
instanceKlass com/google/common/base/CommonPattern
instanceKlass com/google/common/base/Platform$JdkPatternCompiler
instanceKlass com/google/common/base/PatternCompiler
instanceKlass com/google/common/base/Platform
instanceKlass com/google/common/base/Strings
instanceKlass com/altera/sopcmodel/util/ConnectionUtils
instanceKlass com/altera/sopcmodel/ensemble/Ensemble$EnsemblePropertyChangeListener
instanceKlass com/altera/sopcmodel/ensemble/Ensemble$AdditionalModuleInfo
instanceKlass com/altera/sopcmodel/util/LikeTypeAutoConnector
instanceKlass com/altera/sopcmodel/extensions/ICmsisInfo
instanceKlass com/altera/sopcmodel/extensions/IAutoConnector
instanceKlass com/altera/entityinterfaces/portext/IPortFragmentList
instanceKlass com/altera/entityinterfaces/portext/IPortFieldList
instanceKlass com/altera/sopcmodel/util/NotConnectableWithinModule
instanceKlass com/google/common/collect/AbstractMapBasedMultimap$WrappedCollection$WrappedIterator
instanceKlass com/altera/sopceditor/util/EditorLibrary
instanceKlass com/altera/sopceditor/util/EditorUtils$1
instanceKlass com/altera/sopceditor/tools/saveandload/OpenSystemTask
instanceKlass com/altera/sopceditor/util/EditorFileUtils$1
instanceKlass com/altera/sopcmodel/atlantic/AtlanticConnectionKits
instanceKlass com/altera/sopcmodel/video/VideoSinkConnectionPoint$1
instanceKlass com/altera/sopcmodel/video/VideoSourceConnectionPoint$1
instanceKlass com/altera/sopcmodel/video/VideoValidator
instanceKlass com/altera/sopcmodel/atlantic/AtlanticConnectionPoint$1
instanceKlass com/altera/sopcmodel/extensions/IStreamingDataInSymbols
instanceKlass com/altera/sopcmodel/atlantic/AtlanticValidator
instanceKlass com/altera/sopcmodel/atlantic/AtlanticValidationAsserter
instanceKlass com/altera/sopcmodel/atlantic/AtlanticPacketDescriptor
instanceKlass com/altera/sopcmodel/interrupt/Interrupt
instanceKlass com/altera/sopcmodel/clock/Clock
instanceKlass com/altera/sopcmodel/beanelement/BeanConnectionKit
instanceKlass com/altera/sopcfactories/BeanElementFactory$CardAdder
instanceKlass com/altera/sopcmodel/internal/SopcConnectionKits
instanceKlass com/altera/librarianinterfaces/ICatalogCardProvider
instanceKlass com/altera/entityinterfaces/moduleext/IModuleGenerateFileSets
instanceKlass com/altera/sopcmodel/wire/Wire
instanceKlass com/altera/sopcmodel/extensions/IConnectable
instanceKlass com/altera/sopcmodel/axi/AXIValidator
instanceKlass com/altera/sopcmodel/missing/IMissingConnectionPoint
instanceKlass com/altera/sopcmodel/clock/ClockValidator
instanceKlass com/altera/entityinterfaces/connectionpointext/IAvalonSlaveConnectionPointAssociations
instanceKlass com/altera/sopcmodel/avalon/AvalonValidator
instanceKlass com/altera/sopcmodel/axist/AXI4STValidator
instanceKlass com/altera/sopcmodel/wire/ConduitValidator
instanceKlass com/altera/sopcmodel/interrupt/InterruptValidator
instanceKlass com/altera/sopceditor/tools/library/librarypanel/LibraryTreeUtil$2
instanceKlass com/altera/sopcmodel/extensions/IMemoryMappedConnectionPoint
instanceKlass com/altera/sopcmodel/hssiclock/HssiClockValidator
instanceKlass com/altera/sopcmodel/util/PortRoleDescriptor$WidthRangeImpl
instanceKlass com/altera/sopcmodel/extensions/IPortRoleDescriptor$WidthRange
instanceKlass com/altera/sopcmodel/util/PortRoleDescriptor
instanceKlass com/altera/sopcmodel/extensions/IPortRoleDescriptor
instanceKlass com/altera/sopcmodel/custominstruction/NiosVCustomInstructionValidator
instanceKlass com/altera/sopcmodel/extensions/ISystemValidator
instanceKlass com/altera/sopceditor/tools/library/librarypanel/LibraryPanel$8
instanceKlass com/altera/sopcmodel/util/PortRoleDescriptorContainer
instanceKlass com/altera/sopcmodel/extensions/IGetPortRoleDescriptors
instanceKlass com/altera/sopcmodel/util/Port
instanceKlass com/altera/entityinterfaces/IConnectionPointUniqueRoles
instanceKlass com/altera/sopcmodel/extensions/IFindPortByRole
instanceKlass com/altera/sopcmodel/extensions/IElementVisibleInPtf
instanceKlass com/altera/entityinterfaces/connectionpointext/IConnectionPointAssociations
instanceKlass com/altera/componenteditor/util/ConnectionKitUtils
instanceKlass com/altera/ui/app/base/TaskProgressUtil
instanceKlass com/altera/sopceditor/tools/library/librarypanel/EnsembleLibraryPanel$4
instanceKlass javax/activation/MimeType
instanceKlass com/google/common/primitives/Booleans
instanceKlass java/net/Proxy
instanceKlass com/altera/sopcmodel/ipupgrade/OutdatedIpEntry$ReleaseDescription
instanceKlass com/sun/org/apache/xerces/internal/util/ErrorHandlerWrapper$1
instanceKlass javax/xml/bind/helpers/ValidationEventLocatorImpl
instanceKlass javax/xml/bind/helpers/ValidationEventImpl
instanceKlass com/sun/org/apache/xerces/internal/utils/SecuritySupport$6
instanceKlass java/util/AbstractList$1
instanceKlass com/altera/sopcmodel/ipupgrade/OutdatedIpEntry$InvalidCondition
instanceKlass com/google/common/collect/ImmutableCollection$Builder
instanceKlass com/google/common/collect/Cut
instanceKlass com/google/common/collect/RangeGwtSerializationDependencies
instanceKlass com/altera/sopcmodel/ipupgrade/VersionRange
instanceKlass com/altera/sopcmodel/ipupgrade/OutdatedIpEntry$UpgradeDescription
instanceKlass com/google/common/collect/NullnessCasts
instanceKlass com/google/common/collect/AbstractIterator$1
instanceKlass com/altera/sopcmodel/ipupgrade/OutdatedIpEntry$ShowEolCondition
instanceKlass com/altera/sopcmodel/ipupgrade/OutdatedIpEntry$1
instanceKlass com/google/common/collect/TransformedIterator
instanceKlass com/google/common/collect/Iterables
instanceKlass com/google/common/base/Optional
instanceKlass com/google/common/collect/FluentIterable
instanceKlass com/altera/sopcmodel/ipupgrade/OutdatedIpEntry$11
instanceKlass com/altera/sopcmodel/ipupgrade/OutdatedIpEntry$10
instanceKlass com/altera/sopcmodel/ipupgrade/OutdatedIpEntry$9
instanceKlass com/altera/sopcmodel/ipupgrade/OutdatedIpEntry$8
instanceKlass com/altera/sopcmodel/ipupgrade/OutdatedIpEntry$7
instanceKlass com/altera/sopcmodel/ipupgrade/OutdatedIpEntry$6
instanceKlass com/altera/sopcmodel/ipupgrade/OutdatedIpEntry$5
instanceKlass com/altera/sopcmodel/ipupgrade/OutdatedIpEntry$4
instanceKlass com/altera/sopcmodel/ipupgrade/OutdatedIpEntry$3
instanceKlass com/altera/sopcmodel/ipupgrade/OutdatedIpEntry$JaxbElementPredicate
instanceKlass com/altera/sopcmodel/ipupgrade/OutdatedIpEntry$2
instanceKlass com/altera/sopcmodel/ipupgrade/OutdatedIpEntry
instanceKlass com/sun/xml/bind/DatatypeConverterImpl
instanceKlass javax/xml/bind/DatatypeConverterInterface
instanceKlass sun/net/DefaultProgressMeteringPolicy
instanceKlass sun/net/ProgressMeteringPolicy
instanceKlass sun/net/ProgressMonitor
instanceKlass com/sun/org/apache/xerces/internal/util/URI
instanceKlass com/sun/xml/bind/v2/runtime/unmarshaller/TagName
instanceKlass com/sun/xml/bind/v2/runtime/unmarshaller/SAXConnector
instanceKlass com/sun/xml/bind/v2/util/XmlFactory
instanceKlass com/sun/xml/bind/v2/runtime/unmarshaller/UnmarshallingContext$State
instanceKlass com/sun/xml/bind/v2/runtime/unmarshaller/Scope
instanceKlass javax/xml/bind/ValidationEventLocator
instanceKlass com/sun/xml/bind/v2/runtime/unmarshaller/LocatorExWrapper
instanceKlass org/xml/sax/helpers/LocatorImpl
instanceKlass com/sun/xml/bind/v2/runtime/Coordinator
instanceKlass com/sun/xml/bind/v2/runtime/unmarshaller/XmlVisitor$TextPredictor
instanceKlass java/util/concurrent/Callable
instanceKlass javax/xml/bind/helpers/DefaultValidationEventHandler
instanceKlass com/sun/xml/bind/v2/runtime/unmarshaller/LocatorEx
instanceKlass javax/xml/bind/UnmarshallerHandler
instanceKlass com/sun/xml/bind/v2/runtime/unmarshaller/XmlVisitor
instanceKlass com/sun/xml/bind/IDResolver
instanceKlass javax/xml/bind/helpers/AbstractUnmarshallerImpl
instanceKlass javax/xml/bind/ValidationEventHandler
instanceKlass com/sun/xml/bind/v2/runtime/NameList
instanceKlass com/sun/xml/bind/v2/util/QNameMap$HashIterator
instanceKlass com/sun/xml/bind/v2/runtime/unmarshaller/ChildLoader
instanceKlass com/sun/xml/bind/v2/runtime/property/ArrayERProperty$ReceiverImpl
instanceKlass com/sun/xml/bind/v2/runtime/unmarshaller/StructureLoader$1
instanceKlass com/sun/xml/bind/v2/runtime/property/UnmarshallerChain
instanceKlass javax/xml/bind/annotation/W3CDomHandler
instanceKlass javax/xml/bind/annotation/DomHandler
instanceKlass com/sun/xml/bind/v2/runtime/ElementBeanInfoImpl$1
instanceKlass com/sun/xml/bind/v2/runtime/unmarshaller/Intercepter
instanceKlass com/sun/xml/bind/v2/runtime/property/TagAndType
instanceKlass com/sun/xml/bind/v2/runtime/LifecycleMethods
instanceKlass com/sun/xml/bind/v2/runtime/reflect/opt/OptimizedTransducedAccessorFactory
instanceKlass com/sun/xml/bind/v2/runtime/reflect/TransducedAccessor
instanceKlass com/sun/xml/bind/v2/runtime/Name
instanceKlass com/sun/xml/bind/v2/runtime/reflect/opt/Injector$1
instanceKlass java/lang/AssertionStatusDirectives
instanceKlass com/sun/xml/bind/v2/runtime/reflect/opt/Injector
instanceKlass com/sun/xml/bind/v2/runtime/reflect/opt/SecureLoader
instanceKlass com/sun/xml/bind/v2/runtime/reflect/opt/AccessorInjector
instanceKlass com/sun/xml/bind/v2/runtime/reflect/opt/Ref
instanceKlass com/sun/xml/bind/v2/runtime/reflect/opt/Bean
instanceKlass com/sun/xml/bind/v2/bytecode/ClassTailor
instanceKlass com/sun/xml/bind/v2/runtime/reflect/opt/OptimizedAccessorFactory
instanceKlass com/sun/xml/bind/v2/ClassFactory
instanceKlass com/sun/xml/bind/v2/runtime/reflect/Lister$2
instanceKlass com/sun/xml/bind/v2/runtime/reflect/ListIterator
instanceKlass com/sun/xml/bind/v2/runtime/reflect/Lister
instanceKlass com/sun/xml/bind/v2/runtime/property/PropertyFactory$1
instanceKlass com/sun/xml/bind/v2/runtime/property/PropertyFactory
instanceKlass com/sun/xml/bind/v2/runtime/property/PropertyImpl
instanceKlass com/sun/xml/bind/v2/runtime/property/Property
instanceKlass com/sun/xml/bind/v2/runtime/property/StructureLoaderBuilder
instanceKlass com/sun/xml/bind/v2/runtime/unmarshaller/Loader
instanceKlass com/sun/xml/bind/v2/util/FlattenIterator
instanceKlass java/util/Collections$1
instanceKlass com/sun/xml/bind/v2/model/impl/ElementInfoImpl$PropertyImpl
instanceKlass javax/xml/bind/annotation/XmlElementDecl$GLOBAL
instanceKlass com/sun/xml/bind/v2/model/impl/RegistryInfoImpl
instanceKlass com/altera/sopcmodel/ipupgrade/jxb/ObjectFactory
instanceKlass com/sun/xml/bind/v2/model/nav/SecureLoader
instanceKlass javax/xml/bind/JAXBElement
instanceKlass javax/xml/bind/annotation/XmlElementRef$DEFAULT
instanceKlass javax/xml/bind/annotation/XmlSeeAlso
instanceKlass com/sun/xml/bind/v2/model/annotation/MethodLocatable
instanceKlass com/altera/sopcmodel/ipupgrade/jxb/ShowEolIconType
instanceKlass com/altera/sopcmodel/ipupgrade/jxb/InvalidConditionType
instanceKlass com/altera/sopcmodel/ipupgrade/jxb/UpgradeDescriptionType
instanceKlass com/altera/sopcmodel/ipupgrade/jxb/ReleaseDescriptionType
instanceKlass com/sun/xml/bind/v2/TODO
instanceKlass com/sun/xml/bind/annotation/XmlLocation
instanceKlass javax/xml/bind/annotation/XmlSchemaTypes
instanceKlass com/sun/xml/bind/v2/model/nav/ParameterizedTypeImpl
instanceKlass com/sun/xml/bind/v2/model/nav/ReflectionNavigator$BinderArg
instanceKlass javax/xml/bind/annotation/adapters/XmlJavaTypeAdapters
instanceKlass com/sun/xml/bind/v2/model/impl/Util
instanceKlass com/sun/xml/bind/v2/model/runtime/RuntimeTypeRef
instanceKlass com/sun/xml/bind/v2/model/impl/TypeRefImpl
instanceKlass com/sun/xml/bind/v2/model/core/TypeRef
instanceKlass com/sun/xml/bind/v2/model/impl/ClassInfoImpl$1
instanceKlass com/altera/sopcmodel/ipupgrade/jxb/OutdatedIpType
instanceKlass com/sun/xml/bind/v2/model/impl/FieldPropertySeed
instanceKlass com/sun/xml/bind/v2/model/impl/RuntimeClassInfoImpl$RuntimePropertySeed
instanceKlass javax/xml/bind/annotation/XmlElement$DEFAULT
instanceKlass com/sun/xml/bind/v2/model/annotation/SecureLoader
instanceKlass com/sun/xml/bind/AccessorFactoryImpl
instanceKlass com/sun/xml/bind/InternalAccessorFactory
instanceKlass javax/xml/bind/annotation/XmlAccessorOrder
instanceKlass java/lang/Package$1PackageInfoProxy
instanceKlass com/sun/xml/bind/annotation/OverrideAnnotationOf
instanceKlass javax/xml/bind/annotation/XmlMixed
instanceKlass javax/xml/bind/annotation/XmlAnyElement
instanceKlass javax/xml/bind/annotation/XmlElements
instanceKlass javax/xml/bind/annotation/XmlAnyAttribute
instanceKlass javax/xml/bind/annotation/XmlList
instanceKlass javax/xml/bind/annotation/XmlElementWrapper
instanceKlass javax/xml/bind/annotation/XmlAttachmentRef
instanceKlass javax/xml/bind/annotation/XmlMimeType
instanceKlass javax/xml/bind/annotation/XmlInlineBinaryData
instanceKlass javax/xml/bind/annotation/XmlIDREF
instanceKlass javax/xml/bind/annotation/XmlID
instanceKlass javax/xml/bind/annotation/adapters/XmlJavaTypeAdapter
instanceKlass com/sun/xml/bind/v2/runtime/reflect/Accessor
instanceKlass com/sun/xml/bind/v2/runtime/unmarshaller/Receiver
instanceKlass com/sun/xml/bind/v2/model/runtime/RuntimeValuePropertyInfo
instanceKlass com/sun/xml/bind/v2/model/core/ValuePropertyInfo
instanceKlass com/sun/xml/bind/v2/model/runtime/RuntimeMapPropertyInfo
instanceKlass com/sun/xml/bind/v2/model/core/MapPropertyInfo
instanceKlass com/sun/xml/bind/v2/model/runtime/RuntimeElementPropertyInfo
instanceKlass com/sun/xml/bind/v2/model/core/ElementPropertyInfo
instanceKlass com/sun/xml/bind/v2/model/runtime/RuntimeAttributePropertyInfo
instanceKlass com/sun/xml/bind/v2/model/core/AttributePropertyInfo
instanceKlass com/sun/xml/bind/AccessorFactory
instanceKlass com/sun/xml/bind/v2/model/runtime/RuntimeReferencePropertyInfo
instanceKlass com/sun/xml/bind/v2/model/runtime/RuntimePropertyInfo
instanceKlass com/sun/xml/bind/v2/model/runtime/RuntimeNonElementRef
instanceKlass com/sun/xml/bind/v2/model/core/NonElementRef
instanceKlass com/sun/xml/bind/v2/model/impl/DummyPropertyInfo
instanceKlass com/sun/xml/bind/v2/model/core/ReferencePropertyInfo
instanceKlass com/sun/xml/bind/v2/model/impl/PropertyInfoImpl
instanceKlass com/sun/xml/bind/v2/model/core/PropertyInfo
instanceKlass com/sun/xml/bind/v2/model/impl/PropertySeed
instanceKlass com/sun/xml/bind/v2/model/annotation/AnnotationSource
instanceKlass javax/xml/bind/annotation/XmlValue
instanceKlass javax/xml/bind/annotation/XmlTransient
instanceKlass javax/xml/bind/annotation/XmlSchemaType
instanceKlass javax/xml/bind/annotation/XmlEnum
instanceKlass javax/xml/bind/annotation/XmlElementRefs
instanceKlass javax/xml/bind/annotation/XmlElementRef
instanceKlass javax/xml/bind/annotation/XmlElementDecl
instanceKlass javax/xml/bind/annotation/XmlElement
instanceKlass javax/xml/bind/annotation/XmlAttribute
instanceKlass com/sun/xml/bind/v2/model/annotation/Quick
instanceKlass com/sun/xml/bind/v2/model/annotation/Init
instanceKlass com/sun/xml/bind/v2/model/annotation/LocatableAnnotation
instanceKlass javax/xml/bind/annotation/XmlRootElement
instanceKlass javax/xml/bind/annotation/XmlType$DEFAULT
instanceKlass javax/xml/bind/annotation/XmlType
instanceKlass javax/xml/bind/annotation/XmlAccessorType
instanceKlass javax/xml/bind/annotation/XmlRegistry
instanceKlass com/sun/xml/bind/v2/model/core/Ref
instanceKlass com/sun/xml/bind/api/CompositeStructure
instanceKlass com/sun/xml/bind/v2/runtime/IllegalAnnotationsException$Builder
instanceKlass com/sun/xml/bind/v2/runtime/RuntimeUtil
instanceKlass com/sun/xml/bind/v2/model/impl/AnyTypeImpl
instanceKlass com/sun/xml/bind/v2/model/impl/TypeInfoSetImpl$1
instanceKlass javax/xml/datatype/SecuritySupport$1
instanceKlass javax/xml/datatype/FactoryFinder$1
instanceKlass javax/xml/datatype/SecuritySupport$3
instanceKlass javax/xml/datatype/SecuritySupport$4
instanceKlass javax/xml/datatype/SecuritySupport$2
instanceKlass javax/xml/datatype/SecuritySupport
instanceKlass javax/xml/datatype/FactoryFinder
instanceKlass javax/xml/datatype/DatatypeFactory
instanceKlass java/util/UUID
instanceKlass javax/xml/datatype/Duration
instanceKlass javax/xml/namespace/NamespaceContext
instanceKlass javax/xml/datatype/XMLGregorianCalendar
instanceKlass javax/xml/transform/Result
instanceKlass javax/activation/DataHandler
instanceKlass javax/activation/DataSource
instanceKlass com/sun/xml/bind/v2/runtime/output/Pcdata
instanceKlass javax/xml/bind/ValidationEvent
instanceKlass javax/xml/datatype/DatatypeConstants$Field
instanceKlass javax/xml/datatype/DatatypeConstants
instanceKlass javax/xml/namespace/QName$1
instanceKlass javax/xml/namespace/QName
instanceKlass com/sun/xml/bind/v2/model/impl/LeafInfoImpl
instanceKlass com/sun/xml/bind/v2/model/impl/ModelBuilder$1
instanceKlass com/sun/xml/bind/v2/model/nav/TypeVisitor
instanceKlass com/sun/xml/bind/v2/model/nav/ReflectionNavigator
instanceKlass com/sun/xml/bind/WhiteSpaceProcessor
instanceKlass javax/xml/bind/annotation/XmlSchema
instanceKlass com/sun/xml/bind/v2/model/runtime/RuntimeElementInfo
instanceKlass com/sun/xml/bind/v2/model/core/ElementInfo
instanceKlass com/sun/xml/bind/v2/model/runtime/RuntimeTypeInfoSet
instanceKlass com/sun/xml/bind/v2/model/impl/TypeInfoSetImpl
instanceKlass com/sun/xml/bind/v2/model/runtime/RuntimeEnumLeafInfo
instanceKlass com/sun/xml/bind/v2/model/core/EnumLeafInfo
instanceKlass com/sun/xml/bind/v2/model/runtime/RuntimeElement
instanceKlass com/sun/xml/bind/v2/model/runtime/RuntimeClassInfo
instanceKlass com/sun/xml/bind/v2/model/core/Element
instanceKlass com/sun/xml/bind/v2/model/core/ClassInfo
instanceKlass com/sun/xml/bind/v2/model/runtime/RuntimeArrayInfo
instanceKlass com/sun/xml/bind/v2/model/impl/TypeInfoImpl
instanceKlass com/sun/xml/bind/v2/runtime/Location
instanceKlass com/sun/xml/bind/v2/model/core/ArrayInfo
instanceKlass com/sun/xml/bind/v2/runtime/Transducer
instanceKlass com/sun/xml/bind/v2/model/core/RegistryInfo
instanceKlass com/sun/xml/bind/v2/model/impl/ModelBuilder
instanceKlass com/sun/xml/bind/v2/model/impl/ModelBuilderI
instanceKlass com/sun/xml/bind/v2/runtime/NameBuilder
instanceKlass com/sun/istack/Pool$Impl
instanceKlass com/sun/xml/bind/v2/util/QNameMap$Entry
instanceKlass com/sun/xml/bind/v2/util/QNameMap
instanceKlass com/sun/xml/bind/v2/runtime/JAXBContextImpl$7
instanceKlass com/sun/xml/bind/v2/model/core/ErrorHandler
instanceKlass javax/xml/bind/Unmarshaller
instanceKlass com/sun/xml/bind/v2/model/core/TypeInfoSet
instanceKlass javax/xml/bind/SchemaOutputResolver
instanceKlass com/sun/xml/bind/api/BridgeContext
instanceKlass com/sun/xml/bind/api/RawAccessor
instanceKlass com/sun/xml/bind/v2/runtime/AttributeAccessor
instanceKlass com/sun/xml/bind/api/ErrorListener
instanceKlass javax/xml/bind/JAXBIntrospector
instanceKlass javax/xml/bind/Binder
instanceKlass com/sun/xml/bind/unmarshaller/InfosetScanner
instanceKlass javax/xml/bind/Marshaller
instanceKlass com/sun/xml/bind/v2/runtime/JaxBeanInfo
instanceKlass com/sun/xml/bind/api/Bridge
instanceKlass com/sun/xml/bind/v2/model/nav/Navigator
instanceKlass com/sun/xml/bind/v2/model/runtime/RuntimeBuiltinLeafInfo
instanceKlass com/sun/xml/bind/v2/model/core/BuiltinLeafInfo
instanceKlass com/sun/xml/bind/v2/model/runtime/RuntimeLeafInfo
instanceKlass com/sun/xml/bind/v2/model/runtime/RuntimeNonElement
instanceKlass com/sun/xml/bind/v2/model/runtime/RuntimeTypeInfo
instanceKlass com/sun/xml/bind/v2/model/core/LeafInfo
instanceKlass com/sun/xml/bind/v2/model/core/MaybeElement
instanceKlass com/sun/xml/bind/v2/model/core/NonElement
instanceKlass com/sun/xml/bind/v2/model/core/TypeInfo
instanceKlass com/sun/xml/bind/v2/model/annotation/Locatable
instanceKlass com/sun/istack/Pool
instanceKlass com/sun/xml/bind/v2/model/annotation/AbstractInlineAnnotationReaderImpl
instanceKlass com/sun/xml/bind/v2/runtime/JAXBContextImpl$JAXBContextBuilder
instanceKlass com/sun/xml/bind/v2/util/TypeCast
instanceKlass com/sun/xml/bind/Util
instanceKlass com/sun/xml/bind/v2/model/annotation/RuntimeAnnotationReader
instanceKlass com/sun/xml/bind/v2/model/annotation/AnnotationReader
instanceKlass com/sun/xml/bind/v2/ContextFactory
instanceKlass javax/xml/bind/GetPropertyAction
instanceKlass javax/xml/bind/ContextFinder
instanceKlass javax/xml/bind/JAXBContext
instanceKlass com/altera/sopcmodel/ipupgrade/jxb/OutdatedIps
instanceKlass com/google/common/base/ExtraObjectsMethodsForWeb
instanceKlass com/altera/sopcmodel/ipupgrade/IpInfo
instanceKlass com/altera/sopcmodel/util/UpgradeableFromSource
instanceKlass com/altera/sopcmodel/extensions/IDeviceFamilyUpgradeInfo$IUpgradeableFromSource
instanceKlass com/altera/sopcmodel/ipupgrade/IpUpgradeUtils
instanceKlass com/altera/sopclibrary/conan/Catalog$CatalogCardSorter
instanceKlass com/altera/sopcmodel/extensions/ITransformer
instanceKlass com/altera/sopcmodel/transforms/interfaces/ITransformStep
instanceKlass java/lang/Class$EnclosingMethodInfo
instanceKlass com/altera/entityinterfaces/IMutableConnectionPoint
instanceKlass com/altera/entityinterfaces/IConnectionKit
instanceKlass com/altera/sopcmodel/components/tclmodule/IJarWidgetFactory
instanceKlass com/altera/sopcmodel/util/DocumentUrl
instanceKlass com/altera/entityinterfaces/elementclassext/IElementClassDocumentationInfo$IDocumentUrl
instanceKlass com/altera/sopclibrary/conan/ConanUtils
instanceKlass com/altera/sopcmodel/util/IElementPresetList
instanceKlass com/altera/sopclibrary/conan/Analyzer$2
instanceKlass com/altera/utilities/AltFileTraverser$PathAndPattern
instanceKlass com/altera/sopcfactories/QsysFactory$1
instanceKlass com/altera/ui/ientity/messages/MessageIconFactory
instanceKlass com/altera/ui/ientity/messages/MessageIconProvider$1
instanceKlass com/altera/sopclibrary/conan/Analyzer$3
instanceKlass sun/misc/FormattedFloatingDecimal$2
instanceKlass sun/misc/FormattedFloatingDecimal
instanceKlass com/altera/sopclibrary/conan/IpxUtils$CardThawer
instanceKlass com/altera/sopclibrary/conan/IpxUtils
instanceKlass com/altera/ui/app/base/EditorTaskRunner$22
instanceKlass com/altera/utilities/altNode/AltNodeXML$AltNodeXMLParser$1
instanceKlass org/xml/sax/helpers/NewInstance
instanceKlass org/xml/sax/helpers/SecuritySupport$4
instanceKlass org/xml/sax/helpers/SecuritySupport$2
instanceKlass org/xml/sax/helpers/SecuritySupport$1
instanceKlass org/xml/sax/helpers/SecuritySupport
instanceKlass org/xml/sax/helpers/XMLReaderFactory
instanceKlass org/xml/sax/ext/DeclHandler
instanceKlass org/xml/sax/ext/LexicalHandler
instanceKlass com/altera/utilities/altNode/AltNode$Builder
instanceKlass jdk/xml/internal/JdkXmlFeatures
instanceKlass com/sun/org/apache/xerces/internal/jaxp/validation/XMLSchemaFactory$XMLGrammarPoolWrapper
instanceKlass com/sun/org/apache/xerces/internal/xni/grammars/XMLGrammarPool
instanceKlass com/sun/org/apache/xerces/internal/util/DOMEntityResolverWrapper
instanceKlass com/sun/org/apache/xerces/internal/jaxp/validation/DraconianErrorHandler
instanceKlass com/sun/org/apache/xerces/internal/impl/xs/opti/SchemaDOMParser$BooleanStack
instanceKlass com/sun/org/apache/xerces/internal/impl/xs/opti/DefaultXMLDocumentHandler
instanceKlass com/sun/org/apache/xerces/internal/impl/xs/util/SimpleLocator
instanceKlass com/sun/org/apache/xerces/internal/util/SymbolHash$Entry
instanceKlass com/sun/org/apache/xerces/internal/util/SymbolHash
instanceKlass com/sun/org/apache/xerces/internal/impl/xs/traversers/XSDocumentInfo
instanceKlass org/w3c/dom/Element
instanceKlass org/w3c/dom/Node
instanceKlass com/sun/org/apache/xerces/internal/impl/xs/XSParticleDecl
instanceKlass com/sun/org/apache/xerces/internal/xs/XSParticle
instanceKlass com/sun/org/apache/xerces/internal/impl/xs/traversers/XSDHandler
instanceKlass com/sun/org/apache/xerces/internal/impl/xs/models/XSEmptyCM
instanceKlass com/sun/org/apache/xerces/internal/impl/xs/models/XSCMValidator
instanceKlass com/sun/org/apache/xerces/internal/impl/xs/models/CMBuilder
instanceKlass com/sun/org/apache/xerces/internal/impl/xs/SubstitutionGroupHandler$OneSubGroup
instanceKlass com/sun/org/apache/xerces/internal/impl/xs/XSElementDecl
instanceKlass com/sun/org/apache/xerces/internal/xs/XSElementDeclaration
instanceKlass com/sun/org/apache/xerces/internal/xs/XSTerm
instanceKlass com/sun/org/apache/xerces/internal/xs/XSObject
instanceKlass com/sun/org/apache/xerces/internal/impl/xs/SubstitutionGroupHandler
instanceKlass com/sun/org/apache/xerces/internal/impl/xs/XSGrammarBucket
instanceKlass com/sun/org/apache/xerces/internal/impl/xs/XSMessageFormatter
instanceKlass com/sun/org/apache/xerces/internal/util/DefaultErrorHandler
instanceKlass com/sun/org/apache/xerces/internal/xni/grammars/XMLSchemaDescription
instanceKlass com/sun/org/apache/xerces/internal/impl/xs/models/CMNodeFactory
instanceKlass com/sun/org/apache/xerces/internal/impl/xs/XMLSchemaLoader
instanceKlass org/w3c/dom/DOMConfiguration
instanceKlass com/sun/org/apache/xerces/internal/xs/XSLoader
instanceKlass com/sun/org/apache/xerces/internal/xni/grammars/XMLGrammarLoader
instanceKlass javax/xml/validation/SchemaFactoryFinder$2
instanceKlass javax/xml/validation/SecuritySupport$3
instanceKlass javax/xml/validation/SecuritySupport$7
instanceKlass javax/xml/validation/SecuritySupport$2
instanceKlass javax/xml/validation/SchemaFactoryFinder
instanceKlass javax/xml/validation/SecuritySupport$1
instanceKlass javax/xml/validation/SecuritySupport
instanceKlass javax/xml/validation/SchemaFactory
instanceKlass com/altera/utilities/altNode/AltNodeXML$1
instanceKlass javax/xml/transform/Source
instanceKlass com/altera/utilities/altNode/AltNodeXML
instanceKlass com/altera/sopclibrary/conan/Analyzer$1
instanceKlass org/apache/commons/lang3/mutable/Mutable
instanceKlass com/altera/sopclibrary/conan/Conan$1
instanceKlass com/altera/ui/app/base/EditorTaskRunner$5
instanceKlass com/altera/ui/app/base/EditorTaskRunner$4
instanceKlass com/altera/ui/app/base/EditorTaskRunner$3
instanceKlass com/altera/ui/app/base/EditorTaskRunner$2
instanceKlass com/altera/ui/app/base/EditorTaskRunner$23
instanceKlass com/altera/ui/app/base/ProgressUpdate
instanceKlass com/altera/sopcmodel/util/logger/MessageLoggerUtils$1
instanceKlass com/altera/ui/ientity/messages/MessageLoggerAdapter$1
instanceKlass com/altera/sopcmodel/util/Message
instanceKlass com/altera/sopcmodel/util/MessageUtils
instanceKlass com/altera/qsys/blackboxmodule/definitions/GenerationInfoDefinition
instanceKlass com/altera/qsys/blackboxmodule/definitions/IBlackboxModule
instanceKlass com/altera/sopcmodel/definition/IDynamicModule
instanceKlass com/altera/sopcmodel/module/ModuleBase
instanceKlass com/altera/sopcmodel/module/ModuleBaseClass
instanceKlass com/altera/sopcmodel/extensions/ISupportedDeviceFamilyExt
instanceKlass com/altera/sopclibrary/conan/Catalog$CardInfo
instanceKlass com/altera/sopcdocument/variations/LiveVariationElementClassFactory
instanceKlass com/altera/sopclibrary/conan/Conan$PathInfo
instanceKlass com/altera/sopcfactories/librarian/LibrarianUtils$1
instanceKlass com/altera/embeddedsw/utilities/log/model/LoggingModelUtils
instanceKlass com/altera/tcl/interpreter/SimpleTCLInterpreter$CommandProfileCommand
instanceKlass com/altera/tcl/interpreter/TafTclInterpreter$TafCommandProfile$1
instanceKlass com/altera/tcl/interpreter/ISimpleTclCommand$IArgumentDescriptor
instanceKlass java/util/Optional
instanceKlass com/altera/tcl/interpreter/TafTclInterpreter$TafCommandProfile
instanceKlass com/altera/embeddedsw/bsp/elements/IBaseSoftwareElement
instanceKlass com/altera/embeddedsw/bsp/elements/ISoftwareAssignments
instanceKlass com/altera/embeddedsw/bsp/elements/tcl/EmbeddedSwManipulators
instanceKlass tcl/lang/StringCmd
instanceKlass tcl/lang/Procedure
instanceKlass tcl/lang/ProcCmd
instanceKlass tcl/lang/CatchCmd
instanceKlass tcl/lang/TclInteger
instanceKlass tcl/lang/FindElemResult
instanceKlass tcl/lang/LsearchCmd
instanceKlass tcl/lang/StrtoulResult
instanceKlass tcl/lang/TclBoolean
instanceKlass tcl/lang/PackageCmd$VersionSatisfiesResult
instanceKlass tcl/lang/ExprValue
instanceKlass tcl/lang/StrtodResult
instanceKlass tcl/lang/ParseResult
instanceKlass tcl/lang/TclList
instanceKlass tcl/lang/InfoCmd
instanceKlass tcl/lang/ParseAdaptor
instanceKlass tcl/lang/IfCmd
instanceKlass tcl/lang/BackSlashResult
instanceKlass tcl/lang/SetCmd
instanceKlass tcl/lang/ChannelBuffer
instanceKlass tcl/lang/TclInputStream$IntPtr
instanceKlass tcl/lang/TclInputStream
instanceKlass tcl/lang/Env
instanceKlass tcl/lang/PackageCmd$PkgAvail
instanceKlass tcl/lang/PackageCmd$Package
instanceKlass tcl/lang/TclIndex
instanceKlass tcl/lang/PackageCmd
instanceKlass tcl/lang/CharPointer
instanceKlass tcl/lang/CommandWithDispose
instanceKlass tcl/lang/RegsubCmd
instanceKlass tcl/lang/RegexpCmd
instanceKlass tcl/lang/WrappedCommand
instanceKlass tcl/lang/AutoloadStub
instanceKlass tcl/lang/Extension
instanceKlass tcl/lang/TraceRecord
instanceKlass tcl/lang/Var
instanceKlass tcl/lang/PrecTraceProc
instanceKlass tcl/lang/EncodingCmd
instanceKlass tcl/lang/TclIO
instanceKlass tcl/lang/TclToken
instanceKlass tcl/lang/TclParse
instanceKlass tcl/lang/Parser
instanceKlass tcl/lang/DebugInfo
instanceKlass tcl/lang/Notifier
instanceKlass tcl/lang/EventDeleter
instanceKlass tcl/lang/VarTrace
instanceKlass tcl/lang/Util
instanceKlass tcl/lang/NamespaceCmd$Namespace
instanceKlass tcl/lang/NamespaceCmd
instanceKlass tcl/lang/MathFunction
instanceKlass tcl/lang/Expression
instanceKlass tcl/lang/CObject
instanceKlass tcl/lang/TclString
instanceKlass tcl/lang/InternalRep
instanceKlass tcl/lang/AssocData
instanceKlass com/altera/tcl/interpreter/taf/TafOption
instanceKlass com/altera/tcl/interpreter/taf/TafCommand
instanceKlass com/altera/tcl/interpreter/taf/TafMessage
instanceKlass com/altera/tcl/interpreter/taf/TafPackage
instanceKlass com/altera/tcl/interpreter/taf/TafDocument
instanceKlass com/altera/tcl/interpreter/taf/TafReader
instanceKlass sun/awt/SunToolkit$1
instanceKlass com/altera/utilities/TclUtilities$ITclObject
instanceKlass tcl/lang/TclObject
instanceKlass com/altera/tcl/interpreter/ISimpleTclCommand
instanceKlass tcl/lang/Command
instanceKlass tcl/lang/TclEvent
instanceKlass tcl/lang/Channel
instanceKlass tcl/lang/EventuallyFreed
instanceKlass com/altera/tcl/interpreter/SimpleTCLInterpreter
instanceKlass com/altera/tcl/interpreter/ITclInterpreter
instanceKlass com/altera/embeddedsw/bsp/elements/tcl/EmbeddedSwTclDriverFactory
instanceKlass com/altera/sopcfactories/IPXactBlackBoxFactory
instanceKlass com/altera/sopcfactories/QsysFactory
instanceKlass com/altera/sopcmodel/extensions/ICatalogCardFactoryDefaults
instanceKlass com/altera/sopcmodel/presets/PresetFactory
instanceKlass com/altera/sopcfactories/BeanElementFactory
instanceKlass com/altera/sopcmodel/components/tclmodule/TclModuleFactory
instanceKlass com/altera/sopcmodel/extensions/IElementClassFactory
instanceKlass com/altera/sopcmodel/extensions/ICatalogCardFactory2
instanceKlass com/altera/sopclibrary/conan/Analyzer$FactoryInfo
instanceKlass com/altera/utilities/AltFileTraverser$1
instanceKlass com/altera/utilities/AltFileTraverser
instanceKlass org/apache/commons/lang3/CharSequenceUtils
instanceKlass com/altera/sopclibrary/conan/legacyjarfactory/JarFactory
instanceKlass com/google/common/collect/ListMultimap
instanceKlass com/altera/sopcmodel/ipupgrade/OutdatedIpInquisitor
instanceKlass com/altera/sopcmodel/ipupgrade/OutdatedIpInfo
instanceKlass com/altera/sopcmodel/util/IOutdatedIpInfo
instanceKlass com/google/common/collect/ForwardingObject
instanceKlass com/altera/sopclibrary/conan/IpMigrationMapper
instanceKlass com/altera/sopclibrary/conan/Conan$ConanPublicLibrarian
instanceKlass com/altera/sopclibrary/conan/Catalog$outercatalogListener
instanceKlass com/google/common/collect/SortedSetMultimap
instanceKlass com/altera/sopclibrary/conan/Catalog$2
instanceKlass com/altera/sopclibrary/conan/Catalog$1
instanceKlass com/google/common/base/Predicate
instanceKlass java/util/function/Predicate
instanceKlass com/altera/sopclibrary/conan/Catalog
instanceKlass com/altera/sopclibrary/conan/IpxUtils$IIpxFileFixer
instanceKlass com/altera/utilities/AltFileTraverser$ITraverserGatherer
instanceKlass com/altera/sopclibrary/conan/Analyzer
instanceKlass com/altera/librarianinterfaces/ICatalogCardProvider$Adder
instanceKlass com/altera/sopclibrary/conan/Analyzer$IAnalyzerResults
instanceKlass com/altera/sopcdocument/variations/IEditableElementClassFactory
instanceKlass com/altera/librarianinterfaces/ICatalogCardFactory
instanceKlass com/altera/sopcfactories/librarian/LibrarianUtils
instanceKlass com/altera/ui/ientity/messages/MessageLoggerAdapter
instanceKlass java/awt/WaitDispatchSupport$4
instanceKlass java/awt/WaitDispatchSupport$2
instanceKlass java/awt/WaitDispatchSupport$1
instanceKlass java/awt/WaitDispatchSupport$5
instanceKlass java/awt/WaitDispatchSupport
instanceKlass java/awt/SecondaryLoop
instanceKlass java/awt/Dialog$3
instanceKlass java/awt/Dialog$1
instanceKlass java/awt/ModalEventFilter$1
instanceKlass java/awt/peer/FileDialogPeer
instanceKlass sun/awt/util/IdentityLinkedList$ListItr
instanceKlass java/awt/Dialog$4
instanceKlass sun/awt/util/IdentityLinkedList$Entry
instanceKlass com/altera/ui/app/base/EditorTaskRunner$16
instanceKlass java/awt/Window$1DisposeAction
instanceKlass com/altera/ui/app/base/EditorTaskRunner$18$1
instanceKlass java/text/AttributedString$AttributedStringIterator
instanceKlass java/text/AttributedCharacterIterator
instanceKlass java/text/AttributedString
instanceKlass sun/awt/im/CompositionAreaHandler
instanceKlass java/awt/KeyboardFocusManager$3
instanceKlass com/sun/java/swing/plaf/windows/AnimationController$1
instanceKlass java/awt/LightweightDispatcher$2
instanceKlass com/altera/ui/app/base/ThreadRunner$1$1$1
instanceKlass com/altera/ui/app/base/ThreadRunner$1$1
instanceKlass com/altera/sopceditor/tools/ipupgrade/IpUpgradeTool$1$1
instanceKlass com/altera/sopceditor/tools/ipupgrade/IpUpgradeModel
instanceKlass com/altera/ui/app/base/ThreadRunner$1
instanceKlass com/altera/ui/app/base/ThreadRunner
instanceKlass com/altera/sopceditor/tools/schematic/listeners/EnsembleSchematicMouseListener$2
instanceKlass de/concept/nlview/Nlview$ProgressNotifySender
instanceKlass de/concept/nlview/Nlview$PageNotifySender
instanceKlass com/altera/sopceditor/tools/schematic/populator/strings/CommandList
instanceKlass com/altera/sopceditor/tools/schematic/populator/connectivity/SchematicConnectivityManager
instanceKlass com/altera/sopceditor/tools/schematic/populator/connectivity/ConnectionGroupCommandProvider
instanceKlass com/altera/sopceditor/tools/schematic/populator/InstanceNameWrapper
instanceKlass java/awt/AWTEvent$2
instanceKlass java/awt/LightweightDispatcher$1
instanceKlass java/awt/Container$MouseEventTargetFilter
instanceKlass java/awt/Container$EventTargetFilter
instanceKlass bibliothek/extension/gui/dock/theme/eclipse/OwnedRectEclipseBorder$1
instanceKlass bibliothek/extension/gui/dock/theme/eclipse/stack/tab/LinePainter$2
instanceKlass sun/java2d/d3d/D3DPaints
instanceKlass java/awt/GradientPaint
instanceKlass javax/swing/tree/VariableHeightLayoutCache$VisibleTreeStateNodeEnumeration
instanceKlass java/awt/image/FilteredImageSource
instanceKlass java/awt/image/ImageFilter
instanceKlass sun/java2d/loops/ProcessPath$Edge
instanceKlass sun/java2d/loops/ProcessPath$ActiveEdgeList
instanceKlass sun/java2d/loops/ProcessPath$Point
instanceKlass java/awt/geom/Path2D$Iterator
instanceKlass sun/java2d/loops/ProcessPath$FillData
instanceKlass sun/java2d/loops/ProcessPath$ProcessHandler
instanceKlass sun/java2d/loops/ProcessPath$1
instanceKlass sun/java2d/loops/ProcessPath$EndSubPathHandler
instanceKlass sun/java2d/loops/ProcessPath
instanceKlass java/awt/geom/RectIterator
instanceKlass java/awt/geom/PathIterator
instanceKlass com/sun/java/swing/plaf/windows/WindowsButtonUI$1
instanceKlass sun/java2d/cmm/CMSManager
instanceKlass sun/java2d/loops/FontInfo
instanceKlass java/awt/PrintGraphics
instanceKlass java/awt/print/PrinterGraphics
instanceKlass sun/swing/MenuItemLayoutHelper$ColumnAlignment
instanceKlass sun/swing/MenuItemLayoutHelper$LayoutResult
instanceKlass sun/swing/ImageCache$Entry
instanceKlass com/sun/java/swing/plaf/windows/AnimationController$PartUIClientPropertyKey
instanceKlass com/sun/java/swing/plaf/windows/AnimationController
instanceKlass sun/awt/SunGraphicsCallback
instanceKlass sun/java2d/d3d/D3DScreenUpdateManager$$Lambda$29
instanceKlass sun/java2d/pipe/BufferedPaints
instanceKlass sun/java2d/d3d/D3DSurfaceData$1
instanceKlass sun/java2d/d3d/D3DSurfaceData$1Status
instanceKlass javax/swing/RepaintManager$4
instanceKlass javax/swing/RepaintManager$2$1
instanceKlass javax/swing/RepaintManager$3
instanceKlass javax/swing/JTable$4
instanceKlass org/netbeans/swing/etable/ETableColumn$ETableHeaderRenderer$1
instanceKlass javax/swing/JTable$5
instanceKlass javax/swing/JTable$2
instanceKlass javax/swing/JTable$Resizable3
instanceKlass javax/swing/JTable$Resizable2
instanceKlass com/sun/java/swing/plaf/windows/WindowsGraphicsUtils
instanceKlass com/altera/sopceditor/util/EnsembleFileNameFormatter
instanceKlass com/altera/entityinterfaces/moduleext/IModuleGenerateFileSets3
instanceKlass com/altera/entityinterfaces/moduleext/IModuleGenerateFileSets2
instanceKlass javax/swing/Autoscroller
instanceKlass bibliothek/gui/dock/themes/basic/action/DockActionImportance
instanceKlass bibliothek/gui/dock/themes/basic/action/DefaultDockActionImportanceOrder$1
instanceKlass bibliothek/gui/dock/common/intern/action/CloseActionSource$2
instanceKlass bibliothek/gui/dock/facile/action/KeyedActionSource$2
instanceKlass bibliothek/gui/dock/action/DefaultDockActionSource$1
instanceKlass bibliothek/gui/dock/common/intern/action/CActionSource$1
instanceKlass bibliothek/gui/dock/action/MultiDockActionSource$1
instanceKlass bibliothek/extension/gui/dock/preference/editor/KeyStrokeEditor$1
instanceKlass bibliothek/extension/gui/dock/preference/PreferenceEditorFactory
instanceKlass bibliothek/extension/gui/dock/preference/PreferenceEditor
instanceKlass bibliothek/gui/dock/themes/basic/action/BasicHandler$Listener
instanceKlass bibliothek/gui/dock/themes/basic/action/BasicHandler$2
instanceKlass bibliothek/gui/dock/action/DockActionBackgroundComponent
instanceKlass bibliothek/gui/dock/action/ButtonContentFilterListener
instanceKlass bibliothek/gui/dock/themes/basic/action/AbstractBasicHandler
instanceKlass bibliothek/extension/gui/dock/theme/eclipse/EclipseTabDockAction
instanceKlass bibliothek/gui/dock/station/stack/menu/AbstractCombinedMenu$Entry
instanceKlass bibliothek/extension/gui/dock/theme/eclipse/stack/tab/ArchGradientPainter$2
instanceKlass java/awt/Polygon
instanceKlass bibliothek/extension/gui/dock/theme/eclipse/stack/tab/Arch
instanceKlass bibliothek/gui/dock/control/DockRegister$3
instanceKlass org/netbeans/swing/etable/ETable$1
instanceKlass javax/accessibility/AccessibleExtendedComponent
instanceKlass javax/accessibility/AccessibleText
instanceKlass javax/accessibility/AccessibleValue
instanceKlass javax/accessibility/AccessibleAction
instanceKlass bibliothek/gui/dock/station/stack/TabContent
instanceKlass bibliothek/gui/dock/util/SimpleDockElementRepresentative
instanceKlass bibliothek/extension/gui/dock/theme/eclipse/RectEclipseBorder
instanceKlass bibliothek/gui/dock/action/actions/SimpleDockAction$DockableKeyForwarder
instanceKlass bibliothek/gui/dock/disable/ActionDisablingStrategyObserver$DockableObserver
instanceKlass bibliothek/gui/dock/action/FilteredDockActionSource$1
instanceKlass bibliothek/gui/dock/action/HierarchyDockActionSource$1
instanceKlass bibliothek/gui/dock/action/FilteredDockActionSource$Listener
instanceKlass bibliothek/gui/dock/station/stack/tab/AbstractTab$2
instanceKlass bibliothek/gui/dock/station/stack/tab/AbstractTab$1
instanceKlass bibliothek/extension/gui/dock/theme/eclipse/stack/tab/RectGradientPainter$2
instanceKlass bibliothek/gui/dock/station/stack/tab/TabComponentLayoutManager$1
instanceKlass bibliothek/gui/dock/station/stack/tab/TabComponentLayoutManager
instanceKlass bibliothek/extension/gui/dock/theme/eclipse/stack/tab/BaseTabFocusTraversalPolicy
instanceKlass bibliothek/gui/dock/station/stack/CombinedTab
instanceKlass bibliothek/gui/dock/station/stack/tab/TabConfiguration
instanceKlass bibliothek/gui/dock/station/stack/CombinedStackDockComponent$Meta
instanceKlass bibliothek/gui/dock/station/stack/tab/layouting/LineTabsLayoutBlock$ZOrder
instanceKlass bibliothek/gui/dock/station/stack/tab/MenuLineLayoutPossibility$1
instanceKlass bibliothek/gui/dock/station/stack/tab/MenuLineLayoutOrder$1
instanceKlass bibliothek/gui/dock/station/stack/tab/MenuLineLayoutOrder$ItemConstraints
instanceKlass bibliothek/gui/dock/station/stack/tab/MenuLineLayoutOrder
instanceKlass bibliothek/gui/dock/station/stack/tab/DefaultAxisConversion$1
instanceKlass bibliothek/gui/dock/station/stack/tab/MenuLineLayoutPossibility
instanceKlass bibliothek/gui/dock/station/stack/tab/layouting/TabPlacement$1
instanceKlass bibliothek/extension/gui/dock/theme/eclipse/RoundRectButton$2
instanceKlass bibliothek/gui/dock/themes/basic/action/buttons/MiniButtonContent$ForwardIcon
instanceKlass bibliothek/gui/dock/util/swing/FontUpdater$2
instanceKlass bibliothek/gui/dock/util/swing/FontUpdater$1
instanceKlass bibliothek/gui/dock/util/swing/FontUpdater
instanceKlass bibliothek/gui/dock/themes/basic/action/BasicButtonModelAdapter
instanceKlass bibliothek/gui/dock/themes/basic/action/BasicButtonModelListener
instanceKlass bibliothek/gui/dock/util/AbstractPaintableComponent
instanceKlass bibliothek/gui/dock/station/stack/menu/ButtonCombinedMenu$2
instanceKlass bibliothek/gui/dock/station/stack/tab/layouting/LineTabsLayoutBlock$SizeCollector
instanceKlass bibliothek/gui/dock/station/stack/tab/DefaultAxisConversion
instanceKlass bibliothek/extension/gui/dock/theme/eclipse/stack/tab/LinePainter
instanceKlass bibliothek/gui/dock/station/stack/tab/layouting/Size
instanceKlass bibliothek/gui/dock/station/stack/tab/layouting/AbstractTabsLayoutBlock
instanceKlass bibliothek/gui/dock/themes/icon/TabMenuOverflowIcon
instanceKlass bibliothek/gui/dock/station/stack/menu/PopupCombinedMenuContent
instanceKlass bibliothek/gui/dock/station/stack/menu/CombinedMenuContent
instanceKlass bibliothek/gui/dock/control/focus/FocusAwareComponent
instanceKlass bibliothek/gui/dock/station/stack/tab/TabPaneMenuBackgroundComponent
instanceKlass bibliothek/gui/dock/station/stack/CombinedMenu
instanceKlass bibliothek/gui/dock/station/stack/tab/layouting/ComponentLayoutBlock
instanceKlass bibliothek/extension/gui/dock/theme/eclipse/stack/EclipseTabPane$3
instanceKlass bibliothek/gui/dock/themes/basic/action/buttons/ButtonPanel$Listener
instanceKlass bibliothek/gui/dock/themes/basic/action/buttons/ButtonPanel$3
instanceKlass bibliothek/gui/dock/themes/basic/action/buttons/ButtonPanel$ActionItem
instanceKlass bibliothek/gui/dock/action/MenuDockAction
instanceKlass bibliothek/gui/dock/station/stack/DockActionCombinedInfoComponent$1
instanceKlass bibliothek/gui/dock/station/stack/tab/AbstractTabPaneComponent
instanceKlass bibliothek/gui/dock/station/stack/CombinedInfoComponent
instanceKlass bibliothek/gui/dock/station/stack/CombinedStackDockComponent$7
instanceKlass bibliothek/gui/dock/station/stack/CombinedStackDockFocusTraversalPolicy
instanceKlass bibliothek/gui/dock/station/stack/CombinedStackDockComponent$5
instanceKlass bibliothek/gui/dock/station/stack/CombinedStackDockComponent$4
instanceKlass bibliothek/gui/dock/station/stack/CombinedStackDockComponent$3
instanceKlass bibliothek/gui/dock/station/stack/StackDockComponentContentBorder
instanceKlass bibliothek/gui/dock/station/stack/StackDockComponentBorder
instanceKlass bibliothek/gui/dock/station/stack/tab/TabMenu
instanceKlass bibliothek/gui/dock/station/stack/tab/LonelyTabPaneComponent
instanceKlass bibliothek/gui/dock/station/stack/CombinedHandler
instanceKlass bibliothek/gui/dock/station/stack/tab/Tab
instanceKlass bibliothek/gui/dock/station/stack/tab/TabPaneComponent
instanceKlass bibliothek/gui/dock/station/stack/tab/AbstractTabPane
instanceKlass bibliothek/gui/dock/themes/basic/TabDecorator$6
instanceKlass bibliothek/gui/dock/themes/basic/TabDecorator$1
instanceKlass bibliothek/gui/dock/themes/basic/TabDecorator
instanceKlass bibliothek/gui/dock/station/split/SplitPlaceholderSet$1
instanceKlass sun/util/locale/InternalLocaleBuilder$CaseInsensitiveChar
instanceKlass sun/util/locale/InternalLocaleBuilder
instanceKlass sun/util/locale/StringTokenIterator
instanceKlass sun/util/locale/ParseStatus
instanceKlass sun/awt/im/InputMethodAdapter
instanceKlass java/awt/im/spi/InputMethod
instanceKlass java/awt/im/spi/InputMethodContext
instanceKlass bibliothek/extension/gui/dock/theme/eclipse/stack/tab/RectGradientPainter$1
instanceKlass bibliothek/extension/gui/dock/theme/eclipse/stack/tab/DefaultInvisibleTab$1
instanceKlass bibliothek/extension/gui/dock/theme/eclipse/stack/tab/DefaultInvisibleTab
instanceKlass bibliothek/extension/gui/dock/theme/eclipse/displayer/TitleBarObserver$1
instanceKlass bibliothek/extension/gui/dock/theme/eclipse/EclipseThemeConnectorListener
instanceKlass bibliothek/extension/gui/dock/theme/eclipse/displayer/NoTitleBarDisplayer$DisplayerBorder
instanceKlass bibliothek/extension/gui/dock/theme/eclipse/displayer/TitleBarObserver
instanceKlass bibliothek/extension/gui/dock/theme/eclipse/stack/tab/BorderedComponent
instanceKlass bibliothek/extension/gui/dock/theme/eclipse/stack/tab/InvisibleTabPane
instanceKlass bibliothek/extension/gui/dock/theme/eclipse/displayer/EclipseDisplayerFactory$3
instanceKlass bibliothek/gui/dock/util/extension/ExtensionManager$Share
instanceKlass bibliothek/gui/dock/util/extension/ExtensionManager$1
instanceKlass bibliothek/gui/dock/SplitDockStation$Access$1
instanceKlass bibliothek/gui/dock/station/split/SplitNode$1
instanceKlass bibliothek/gui/dock/station/split/SplitPlaceholderSet$2
instanceKlass bibliothek/gui/dock/station/split/SplitDockStationFactory$2
instanceKlass javax/accessibility/AccessibleRelationSet
instanceKlass javax/accessibility/AccessibleContext$1
instanceKlass sun/awt/AWTAccessor$AccessibleContextAccessor
instanceKlass javax/accessibility/AccessibleComponent
instanceKlass bibliothek/gui/dock/themes/border/BorderForwarder
instanceKlass bibliothek/gui/dock/displayer/DisplayerDockBorder
instanceKlass bibliothek/gui/dock/themes/border/DockBorder
instanceKlass bibliothek/gui/dock/displayer/DisplayerFocusTraversalPolicy
instanceKlass bibliothek/gui/dock/themes/basic/MinimalDecorator
instanceKlass bibliothek/gui/dock/themes/basic/BasicDockableDisplayer$3
instanceKlass bibliothek/gui/dock/themes/basic/BasicDockableDisplayer$1
instanceKlass bibliothek/gui/dock/themes/basic/BasicDockableDisplayer$Hints
instanceKlass bibliothek/gui/dock/themes/basic/BasicDockableDisplayerDecoratorListener
instanceKlass bibliothek/gui/dock/event/SingleTabDeciderListener
instanceKlass bibliothek/gui/dock/displayer/DisplayerBackgroundComponent
instanceKlass bibliothek/gui/dock/displayer/DisplayerCombinerTarget
instanceKlass bibliothek/gui/dock/themes/basic/BasicDockableDisplayerDecorator
instanceKlass bibliothek/gui/dock/station/DisplayerCollection$Handle$1
instanceKlass bibliothek/gui/dock/StackDockStation$9
instanceKlass bibliothek/gui/dock/station/stack/StackDockComponentRepresentative
instanceKlass bibliothek/gui/dock/disable/TabDisablingStrategyObserver$2
instanceKlass javax/swing/plaf/basic/BasicTabbedPaneUI$Handler
instanceKlass javax/swing/plaf/basic/BasicTabbedPaneUI$TabbedPaneLayout
instanceKlass javax/swing/JTabbedPane$ModelListener
instanceKlass bibliothek/gui/dock/disable/TabDisablingStrategyObserver
instanceKlass java/awt/GridLayout
instanceKlass bibliothek/gui/dock/StackDockStation$5
instanceKlass bibliothek/gui/dock/StackDockStation$3
instanceKlass bibliothek/gui/dock/StackDockStation$Listener
instanceKlass bibliothek/gui/dock/facile/mode/AbstractLocationMode$DockableHandle
instanceKlass bibliothek/gui/dock/dockable/AbstractDockable$4
instanceKlass bibliothek/gui/dock/dockable/DockableBackgroundComponent
instanceKlass bibliothek/gui/dock/frontend/DefaultLayoutChangeStrategy$1
instanceKlass java/util/Collections$UnmodifiableMap$UnmodifiableEntrySet$UnmodifiableEntry
instanceKlass java/util/Collections$UnmodifiableMap$UnmodifiableEntrySet$1
instanceKlass bibliothek/gui/dock/facile/mode/Location
instanceKlass bibliothek/gui/dock/frontend/Setting$Invisible
instanceKlass bibliothek/gui/dock/station/split/SplitDockPathProperty$Node
instanceKlass bibliothek/gui/dock/facile/mode/MaximizedModeSetting$1
instanceKlass bibliothek/gui/dock/facile/mode/MaximizedModeSetting
instanceKlass bibliothek/gui/dock/support/mode/NullModeSettingsFactory
instanceKlass bibliothek/gui/dock/frontend/SettingsBlop
instanceKlass com/sun/org/apache/xerces/internal/impl/Constants$ArrayEnumeration
instanceKlass com/sun/org/apache/xerces/internal/impl/Constants
instanceKlass com/sun/org/apache/xerces/internal/parsers/AbstractSAXParser$LocatorProxy
instanceKlass org/xml/sax/ext/Locator2
instanceKlass org/xml/sax/Locator
instanceKlass com/sun/org/apache/xerces/internal/util/XMLSymbols
instanceKlass com/sun/org/apache/xerces/internal/util/XMLChar
instanceKlass com/sun/xml/internal/stream/util/BufferAllocator
instanceKlass com/sun/xml/internal/stream/util/ThreadLocalBufferAllocator
instanceKlass com/sun/xml/internal/stream/Entity
instanceKlass com/sun/org/apache/xerces/internal/utils/XMLLimitAnalyzer
instanceKlass com/sun/org/apache/xerces/internal/xni/parser/XMLInputSource
instanceKlass com/sun/org/apache/xerces/internal/util/ErrorHandlerWrapper
instanceKlass com/sun/org/apache/xerces/internal/xni/parser/XMLErrorHandler
instanceKlass com/sun/org/apache/xerces/internal/impl/ExternalSubsetResolver
instanceKlass com/sun/org/apache/xerces/internal/util/EntityResolverWrapper
instanceKlass org/xml/sax/ext/EntityResolver2
instanceKlass com/sun/org/apache/xerces/internal/parsers/AbstractSAXParser$AttributesProxy
instanceKlass org/xml/sax/ext/Attributes2
instanceKlass org/xml/sax/Attributes
instanceKlass org/xml/sax/AttributeList
instanceKlass com/sun/org/apache/xerces/internal/util/PropertyState
instanceKlass com/sun/org/apache/xerces/internal/util/FeatureState
instanceKlass com/sun/org/apache/xerces/internal/impl/msg/XMLMessageFormatter
instanceKlass com/sun/org/apache/xerces/internal/util/MessageFormatter
instanceKlass com/sun/org/apache/xerces/internal/impl/XMLVersionDetector
instanceKlass com/sun/org/apache/xerces/internal/impl/validation/ValidationManager
instanceKlass com/sun/org/apache/xerces/internal/impl/dv/dtd/NMTOKENDatatypeValidator
instanceKlass com/sun/org/apache/xerces/internal/impl/dv/dtd/NOTATIONDatatypeValidator
instanceKlass com/sun/org/apache/xerces/internal/impl/dv/dtd/ENTITYDatatypeValidator
instanceKlass com/sun/org/apache/xerces/internal/impl/dv/dtd/ListDatatypeValidator
instanceKlass com/sun/org/apache/xerces/internal/impl/dv/dtd/IDREFDatatypeValidator
instanceKlass com/sun/org/apache/xerces/internal/impl/dv/dtd/IDDatatypeValidator
instanceKlass com/sun/org/apache/xerces/internal/impl/dv/dtd/StringDatatypeValidator
instanceKlass com/sun/org/apache/xerces/internal/impl/dv/DatatypeValidator
instanceKlass com/sun/org/apache/xerces/internal/impl/dv/DTDDVFactory
instanceKlass com/sun/org/apache/xerces/internal/impl/dtd/DTDGrammarBucket
instanceKlass com/sun/org/apache/xerces/internal/impl/dtd/XMLAttributeDecl
instanceKlass com/sun/org/apache/xerces/internal/impl/dtd/XMLSimpleType
instanceKlass com/sun/org/apache/xerces/internal/impl/dtd/XMLElementDecl
instanceKlass com/sun/org/apache/xerces/internal/impl/validation/ValidationState
instanceKlass com/sun/org/apache/xerces/internal/impl/dv/ValidationContext
instanceKlass com/sun/org/apache/xerces/internal/impl/dtd/XMLDTDValidator
instanceKlass com/sun/org/apache/xerces/internal/impl/RevalidationHandler
instanceKlass com/sun/org/apache/xerces/internal/impl/dtd/XMLDTDValidatorFilter
instanceKlass com/sun/org/apache/xerces/internal/xni/parser/XMLDocumentFilter
instanceKlass com/sun/org/apache/xerces/internal/impl/dtd/XMLEntityDecl
instanceKlass com/sun/org/apache/xerces/internal/impl/dtd/XMLDTDProcessor
instanceKlass com/sun/org/apache/xerces/internal/xni/parser/XMLDTDContentModelFilter
instanceKlass com/sun/org/apache/xerces/internal/xni/parser/XMLDTDFilter
instanceKlass com/sun/org/apache/xerces/internal/xni/parser/XMLDTDScanner
instanceKlass com/sun/org/apache/xerces/internal/xni/parser/XMLDTDContentModelSource
instanceKlass com/sun/org/apache/xerces/internal/xni/parser/XMLDTDSource
instanceKlass com/sun/org/apache/xerces/internal/xni/grammars/XMLDTDDescription
instanceKlass com/sun/org/apache/xerces/internal/xni/grammars/XMLGrammarDescription
instanceKlass com/sun/org/apache/xerces/internal/impl/XMLDocumentScannerImpl$TrailingMiscDriver
instanceKlass com/sun/org/apache/xerces/internal/impl/XMLDocumentScannerImpl$PrologDriver
instanceKlass com/sun/org/apache/xerces/internal/impl/XMLDocumentScannerImpl$XMLDeclDriver
instanceKlass com/sun/org/apache/xerces/internal/util/NamespaceSupport
instanceKlass com/sun/org/apache/xerces/internal/xni/NamespaceContext
instanceKlass com/sun/org/apache/xerces/internal/util/XMLAttributesImpl$Attribute
instanceKlass com/sun/org/apache/xerces/internal/util/XMLAttributesImpl
instanceKlass com/sun/org/apache/xerces/internal/xni/XMLAttributes
instanceKlass com/sun/org/apache/xerces/internal/impl/XMLDocumentFragmentScannerImpl$FragmentContentDriver
instanceKlass com/sun/org/apache/xerces/internal/impl/XMLDocumentFragmentScannerImpl$Driver
instanceKlass com/sun/org/apache/xerces/internal/impl/XMLDocumentFragmentScannerImpl$ElementStack2
instanceKlass com/sun/org/apache/xerces/internal/xni/QName
instanceKlass com/sun/org/apache/xerces/internal/impl/XMLDocumentFragmentScannerImpl$ElementStack
instanceKlass com/sun/org/apache/xerces/internal/xni/XMLString
instanceKlass com/sun/org/apache/xerces/internal/impl/XMLScanner
instanceKlass com/sun/xml/internal/stream/XMLBufferListener
instanceKlass com/sun/org/apache/xerces/internal/impl/XMLEntityHandler
instanceKlass com/sun/org/apache/xerces/internal/xni/parser/XMLDocumentScanner
instanceKlass com/sun/org/apache/xerces/internal/xni/parser/XMLDocumentSource
instanceKlass com/sun/org/apache/xerces/internal/impl/XMLErrorReporter
instanceKlass com/sun/org/apache/xerces/internal/impl/XMLEntityScanner
instanceKlass com/sun/org/apache/xerces/internal/xni/XMLLocator
instanceKlass com/sun/xml/internal/stream/XMLEntityStorage
instanceKlass com/sun/org/apache/xerces/internal/impl/XMLEntityManager$CharacterBuffer
instanceKlass com/sun/org/apache/xerces/internal/impl/XMLEntityManager$CharacterBufferPool
instanceKlass com/sun/org/apache/xerces/internal/util/AugmentationsImpl$AugmentationsItemsContainer
instanceKlass com/sun/org/apache/xerces/internal/util/AugmentationsImpl
instanceKlass com/sun/org/apache/xerces/internal/xni/Augmentations
instanceKlass com/sun/org/apache/xerces/internal/util/XMLResourceIdentifierImpl
instanceKlass com/sun/org/apache/xerces/internal/xni/XMLResourceIdentifier
instanceKlass com/sun/org/apache/xerces/internal/impl/XMLEntityManager
instanceKlass com/sun/org/apache/xerces/internal/xni/parser/XMLEntityResolver
instanceKlass com/sun/org/apache/xerces/internal/xni/parser/XMLComponent
instanceKlass com/sun/org/apache/xerces/internal/util/SymbolTable$Entry
instanceKlass com/sun/org/apache/xerces/internal/util/SymbolTable
instanceKlass jdk/xml/internal/SecuritySupport$3
instanceKlass jdk/xml/internal/SecuritySupport$2
instanceKlass jdk/xml/internal/SecuritySupport$1
instanceKlass jdk/xml/internal/SecuritySupport
instanceKlass jdk/xml/internal/JdkXmlUtils
instanceKlass com/sun/org/apache/xerces/internal/util/ParserConfigurationSettings
instanceKlass com/sun/org/apache/xerces/internal/parsers/XML11Configurable
instanceKlass com/sun/org/apache/xerces/internal/xni/parser/XMLPullParserConfiguration
instanceKlass com/sun/org/apache/xerces/internal/xni/parser/XMLParserConfiguration
instanceKlass com/sun/org/apache/xerces/internal/xni/parser/XMLComponentManager
instanceKlass com/sun/org/apache/xerces/internal/parsers/XMLParser
instanceKlass com/sun/org/apache/xerces/internal/xni/XMLDTDContentModelHandler
instanceKlass com/sun/org/apache/xerces/internal/xni/XMLDTDHandler
instanceKlass com/sun/org/apache/xerces/internal/xni/XMLDocumentHandler
instanceKlass org/xml/sax/XMLReader
instanceKlass org/xml/sax/Parser
instanceKlass com/sun/org/apache/xerces/internal/utils/XMLSecurityPropertyManager
instanceKlass com/sun/org/apache/xerces/internal/utils/SecuritySupport$5
instanceKlass com/sun/org/apache/xerces/internal/utils/SecuritySupport$7
instanceKlass com/sun/org/apache/xerces/internal/utils/SecuritySupport$4
instanceKlass com/sun/org/apache/xerces/internal/utils/SecuritySupport
instanceKlass com/sun/org/apache/xerces/internal/utils/XMLSecurityManager
instanceKlass javax/xml/parsers/SAXParser
instanceKlass com/sun/org/apache/xerces/internal/xs/PSVIProvider
instanceKlass com/sun/org/apache/xerces/internal/jaxp/JAXPConstants
instanceKlass javax/xml/parsers/SecuritySupport$1
instanceKlass javax/xml/parsers/FactoryFinder$1
instanceKlass javax/xml/parsers/SecuritySupport$3
instanceKlass javax/xml/parsers/SecuritySupport$4
instanceKlass javax/xml/parsers/SecuritySupport$2
instanceKlass javax/xml/parsers/SecuritySupport
instanceKlass javax/xml/parsers/FactoryFinder
instanceKlass javax/xml/parsers/SAXParserFactory
instanceKlass org/xml/sax/InputSource
instanceKlass org/xml/sax/helpers/DefaultHandler
instanceKlass org/xml/sax/ErrorHandler
instanceKlass org/xml/sax/ContentHandler
instanceKlass org/xml/sax/DTDHandler
instanceKlass org/xml/sax/EntityResolver
instanceKlass bibliothek/util/xml/XIO
instanceKlass com/altera/ui/util/StatusColorUtil
instanceKlass java/text/FieldPosition$Delegate
instanceKlass java/awt/KeyboardFocusManager$LightweightFocusRequest
instanceKlass java/awt/DefaultKeyboardFocusManager$TypeAheadMarker
instanceKlass sun/awt/KeyboardFocusManagerPeerImpl$KfmAccessor
instanceKlass java/awt/KeyboardFocusManager$HeavyweightFocusRequest
instanceKlass com/altera/ui/app/base/EditorTaskRunner$19
instanceKlass com/altera/ui/app/base/EditorTaskRunner$18
instanceKlass com/altera/ui/app/base/EditorTaskRunner$17
instanceKlass java/awt/Cursor$CursorDisposer
instanceKlass javax/swing/plaf/basic/BasicProgressBarUI$Animator
instanceKlass java/awt/peer/DialogPeer
instanceKlass com/altera/ui/app/base/EditorTaskRunner$20
instanceKlass com/altera/ui/app/base/EditorTaskRunner$FilterToggleActionListener
instanceKlass com/altera/ui/app/IEditorTask$IForceStoppableTask
instanceKlass com/altera/ui/app/IEditorTask$IStoppableTask
instanceKlass com/altera/ui/app/IEditorTaskWithSuccessRunnable
instanceKlass com/altera/ui/app/base/EditorTaskRunner$12
instanceKlass com/altera/ui/app/base/EditorTaskRunner$11
instanceKlass javax/swing/plaf/basic/BasicProgressBarUI$Handler
instanceKlass javax/swing/JProgressBar$ModelListener
instanceKlass com/altera/ui/app/IEditorTaskWithOwner
instanceKlass com/altera/ui/app/base/EditorTaskRunner$6
instanceKlass com/altera/sopceditor/tools/MessageViewerTool$MessageLevelComparator
instanceKlass com/altera/ui/ientity/presets/PresetContainer
instanceKlass com/altera/sopceditor/tools/schematic/populator/EnsembleSchematicManager$1
instanceKlass com/altera/sopceditor/tools/schematic/populator/CommandProvider
instanceKlass com/altera/sopceditor/tools/schematic/populator/EnsembleSchematicManager
instanceKlass com/altera/sopceditor/tools/schematic/filter/FilterComponent$FilterToggleActionListener
instanceKlass de/concept/nlview/NlviewMinimap$3
instanceKlass de/concept/nlview/NlviewMinimap$2
instanceKlass com/altera/sopceditor/tools/schematic/formatter/NlvToolTipFormatter
instanceKlass com/altera/sopceditor/tools/schematic/license/NlviewLicenseManager
instanceKlass com/altera/sopceditor/tools/schematic/listeners/EnsembleSchematicNLViewListener
instanceKlass com/altera/sopceditor/tools/schematic/listeners/EnsembleSchematicKeyListener$1
instanceKlass com/altera/sopceditor/tools/schematic/actions/SaveAsPDFAction
instanceKlass com/altera/sopceditor/tools/schematic/listeners/EnsembleSchematicMouseWheelListener
instanceKlass de/concept/nlview/Nlview$5
instanceKlass de/concept/nlview/NlviewArgList
instanceKlass java/awt/print/PageFormat
instanceKlass de/concept/nlview/NlviewPrintMap
instanceKlass de/concept/nlview/NlviewListener
instanceKlass javax/swing/OverlayLayout
instanceKlass javax/swing/plaf/basic/BasicSplitPaneDivider$OneTouchActionHandler
instanceKlass com/altera/ui/ientity/elementeditor/BasicElementEditor$2
instanceKlass java/awt/EventQueue$4
instanceKlass javax/swing/JTable$ModelChange
instanceKlass java/awt/font/LineMetrics
instanceKlass sun/font/CoreMetrics
instanceKlass sun/font/StandardGlyphVector$GlyphStrike
instanceKlass sun/font/FontSubstitution
instanceKlass java/awt/font/GlyphVector
instanceKlass javax/swing/RowSorter$SortKey
instanceKlass com/google/common/collect/PeekingIterator
instanceKlass java/awt/event/MouseEvent$1
instanceKlass sun/awt/AWTAccessor$MouseEventAccessor
instanceKlass com/google/common/collect/Iterators
instanceKlass com/google/common/collect/AbstractMapBasedMultimap$Itr
instanceKlass com/altera/sopcmodel/ensemble/ClockResetDomainMap
instanceKlass com/altera/sopcmodel/ensemble/DriverMapBuilder
instanceKlass com/altera/sopcmodel/domains/DomainReporter
instanceKlass java/util/concurrent/Semaphore
instanceKlass sun/awt/GlobalCursorManager$NativeUpdater
instanceKlass sun/awt/GlobalCursorManager
instanceKlass bibliothek/gui/dock/dockable/DockableStateListenerManager$4
instanceKlass java/awt/SequencedEvent$1
instanceKlass sun/awt/AWTAccessor$SequencedEventAccessor
instanceKlass java/awt/SplashScreen
instanceKlass net/miginfocom/layout/Grid$FlowSizeSpec
instanceKlass net/miginfocom/layout/Grid$LinkedDimGroup
instanceKlass net/miginfocom/layout/Grid$CompWrap
instanceKlass net/miginfocom/layout/Grid$Cell
instanceKlass net/miginfocom/layout/LinkHandler
instanceKlass net/miginfocom/layout/Grid
instanceKlass sun/swing/MenuItemLayoutHelper$RectSize
instanceKlass javax/swing/KeyboardManager$ComponentKeyStrokePair
instanceKlass sun/awt/NullComponentPeer
instanceKlass java/awt/peer/LightweightPeer
instanceKlass sun/awt/im/ExecutableInputMethodManager$3
instanceKlass sun/awt/im/InputMethodLocator
instanceKlass sun/awt/windows/WInputMethodDescriptor
instanceKlass java/awt/im/spi/InputMethodDescriptor
instanceKlass sun/awt/im/InputMethodManager
instanceKlass sun/awt/FontConfiguration$2
instanceKlass sun/awt/NativeLibLoader$1
instanceKlass sun/awt/NativeLibLoader
instanceKlass sun/awt/PlatformFont
instanceKlass java/awt/peer/FontPeer
instanceKlass sun/awt/windows/WColor
instanceKlass sun/java2d/StateTrackableDelegate$1
instanceKlass sun/java2d/StateTracker$2
instanceKlass sun/java2d/StateTracker$1
instanceKlass sun/java2d/StateTracker
instanceKlass sun/java2d/SurfaceDataProxy
instanceKlass sun/awt/image/SurfaceManager$FlushableCacheData
instanceKlass sun/java2d/windows/GDIRenderer
instanceKlass sun/java2d/d3d/D3DBlitLoops
instanceKlass sun/java2d/loops/ProcessPath$DrawHandler
instanceKlass sun/java2d/pipe/BufferedRenderPipe$AAParallelogramPipe
instanceKlass sun/java2d/pipe/BufferedRenderPipe
instanceKlass sun/java2d/pipe/hw/AccelSurface
instanceKlass sun/java2d/d3d/D3DScreenUpdateManager$$Lambda$28
instanceKlass sun/java2d/d3d/D3DScreenUpdateManager$$Lambda$27
instanceKlass sun/java2d/ScreenUpdateManager
instanceKlass javax/swing/RepaintManager$2
instanceKlass sun/awt/windows/WComponentPeer$2
instanceKlass sun/awt/im/InputMethodWindow
instanceKlass sun/awt/ExtendedKeyCodes
instanceKlass sun/awt/RepaintArea
instanceKlass sun/awt/windows/WWindowPeer$GuiDisposedListener
instanceKlass sun/awt/windows/WWindowPeer$ActiveWindowListener
instanceKlass java/awt/peer/CanvasPeer
instanceKlass java/awt/peer/PanelPeer
instanceKlass java/awt/peer/FramePeer
instanceKlass java/awt/peer/WindowPeer
instanceKlass java/awt/peer/ContainerPeer
instanceKlass sun/java2d/loops/GraphicsPrimitive$GeneralBinaryOp
instanceKlass java/util/EnumMap$EnumMapIterator
instanceKlass com/altera/sopceditor/app/qsys/layouts/LayoutManager
instanceKlass com/altera/sopceditor/app/qsys/QsysEditor$3
instanceKlass com/altera/ui/app/base/BasicDockableEditor$2
instanceKlass com/altera/sopceditor/app/qsys/QsysEditor$1
instanceKlass bibliothek/gui/dock/common/mode/station/CSplitDockStationHandle$ModeAreaListenerWrapper
instanceKlass bibliothek/gui/dock/common/intern/AbstractCDockable$4
instanceKlass bibliothek/gui/dock/station/split/SplitDockStationFactory$1
instanceKlass bibliothek/gui/dock/control/focus/FocusTracker$2
instanceKlass bibliothek/gui/dock/control/focus/FocusTracker$1
instanceKlass bibliothek/gui/dock/control/focus/FocusTracker
instanceKlass bibliothek/gui/dock/event/VetoableDockFrontendEvent
instanceKlass bibliothek/gui/dock/action/popup/ActionPopupMenuListener
instanceKlass bibliothek/gui/dock/control/ActionBinder$SourceObserver
instanceKlass bibliothek/gui/dock/station/split/SplitSpanStrategy$2
instanceKlass bibliothek/gui/dock/station/split/SplitSpanStrategy$3
instanceKlass bibliothek/gui/dock/station/split/DefaultSplitDividerStrategy
instanceKlass bibliothek/gui/dock/station/span/SpanMode
instanceKlass bibliothek/gui/dock/themes/basic/NoSpanFactory$1
instanceKlass bibliothek/gui/dock/station/support/ListSpanStrategy$2
instanceKlass bibliothek/gui/dock/station/span/SpanUsage
instanceKlass bibliothek/gui/dock/station/flap/FlapSpanStrategy$1
instanceKlass bibliothek/gui/dock/themes/basic/BasicButtonTitleFactory
instanceKlass bibliothek/gui/dock/action/actions/SeparatorAction
instanceKlass bibliothek/gui/dock/action/DefaultActionOffer$1
instanceKlass bibliothek/gui/dock/support/mode/ModeForwardingActionSource$1
instanceKlass bibliothek/gui/dock/event/DockHierarchyEvent
instanceKlass bibliothek/gui/dock/component/DockComponentConfigurationEvent
instanceKlass bibliothek/gui/dock/facile/mode/station/FlapDockStationHandle
instanceKlass bibliothek/gui/dock/station/flap/FlapDockHoldToggle$1
instanceKlass bibliothek/gui/dock/action/actions/GroupedSelectableDockAction$1
instanceKlass bibliothek/gui/dock/action/actions/GroupedDockAction$Listener
instanceKlass bibliothek/gui/dock/event/FlapDockListener
instanceKlass bibliothek/gui/dock/event/SelectableDockActionListener
instanceKlass bibliothek/gui/dock/action/actions/SharingSelectableDockAction
instanceKlass bibliothek/gui/dock/action/SelectableDockAction
instanceKlass bibliothek/gui/dock/FlapDockStation$12
instanceKlass bibliothek/gui/dock/FlapDockStation$11
instanceKlass bibliothek/gui/dock/station/flap/ButtonPane$1
instanceKlass bibliothek/gui/dock/FlapDockStation$21
instanceKlass bibliothek/gui/dock/station/support/ListSpanStrategy
instanceKlass bibliothek/gui/dock/FlapDockStation$ControllerListener
instanceKlass bibliothek/gui/dock/FlapDockStation$9
instanceKlass bibliothek/gui/dock/FlapDockStation$2
instanceKlass bibliothek/gui/dock/common/CMinimizeArea$1
instanceKlass bibliothek/gui/dock/common/mode/CMinimizedModeArea
instanceKlass bibliothek/gui/dock/facile/mode/MinimizedModeArea
instanceKlass bibliothek/gui/dock/common/mode/station/CSplitDockStationHandle$1
instanceKlass bibliothek/gui/dock/common/mode/station/CSplitDockStationHandle$Maximal
instanceKlass bibliothek/gui/dock/common/mode/station/CSplitDockStationHandle$Normal
instanceKlass bibliothek/gui/dock/common/mode/CNormalModeArea
instanceKlass bibliothek/gui/dock/facile/mode/NormalModeArea
instanceKlass bibliothek/gui/dock/common/mode/station/CSplitDockStationHandle
instanceKlass bibliothek/gui/dock/SplitDockStation$13
instanceKlass bibliothek/gui/dock/SplitDockStation$12
instanceKlass bibliothek/gui/dock/themes/SpanFactoryValue
instanceKlass bibliothek/gui/dock/station/span/SpanCallback
instanceKlass bibliothek/gui/dock/action/HierarchyDockActionSource$Listener
instanceKlass bibliothek/gui/dock/station/DisplayerCollection$2
instanceKlass bibliothek/gui/dock/SplitDockStation$9
instanceKlass bibliothek/gui/dock/dockable/DockableStateListenerManager$2
instanceKlass bibliothek/gui/dock/dockable/DockableStateListenerManager$1
instanceKlass bibliothek/gui/dock/dockable/DockHierarchyObserver
instanceKlass bibliothek/gui/dock/util/ConfiguredBackgroundPanel$1
instanceKlass bibliothek/gui/dock/util/BackgroundPanel$1
instanceKlass bibliothek/gui/dock/station/split/DefaultSplitNodeFactory
instanceKlass bibliothek/gui/dock/SplitDockStation$FullScreenListener
instanceKlass bibliothek/gui/dock/station/support/RootPlaceholderStrategy$1
instanceKlass bibliothek/gui/dock/SplitDockStation$8
instanceKlass com/sun/awt/AWTUtilities
instanceKlass bibliothek/gui/dock/SplitDockStation$DropInfo
instanceKlass bibliothek/gui/dock/SplitDockStation$Access
instanceKlass bibliothek/gui/dock/station/split/AbstractSplitPlaceholderConverter
instanceKlass bibliothek/gui/dock/event/SplitDockListener
instanceKlass bibliothek/gui/dock/station/split/SplitDockTreeFactory
instanceKlass bibliothek/gui/dock/component/DockComponentConfiguration
instanceKlass bibliothek/gui/dock/layout/location/AsideRequest
instanceKlass bibliothek/gui/dock/station/layer/DockStationDropLayer
instanceKlass bibliothek/gui/dock/displayer/DockableDisplayerHints
instanceKlass bibliothek/gui/dock/dockable/DockableStateListener
instanceKlass bibliothek/gui/dock/util/ResourceRequest
instanceKlass bibliothek/gui/dock/station/split/SplitSpanStrategy
instanceKlass bibliothek/gui/dock/station/split/SplitPlaceholderSet
instanceKlass bibliothek/gui/dock/DockHierarchyLock$Token
instanceKlass bibliothek/gui/dock/station/StationChildHandle
instanceKlass bibliothek/gui/dock/station/StationDropItem
instanceKlass bibliothek/gui/dock/station/split/PutInfo
instanceKlass bibliothek/gui/dock/dockable/DockableStateListenerManager
instanceKlass bibliothek/gui/dock/station/support/RootPlaceholderStrategy
instanceKlass bibliothek/gui/dock/common/CGridArea$Delegate
instanceKlass bibliothek/gui/dock/util/font/FontModifier
instanceKlass bibliothek/gui/dock/common/FontMap
instanceKlass bibliothek/gui/dock/common/ColorMap
instanceKlass bibliothek/gui/dock/common/intern/CDockableAccess
instanceKlass bibliothek/gui/dock/common/CGrid
instanceKlass com/altera/ui/docking/painters/ShrinkingTabPainter
instanceKlass bibliothek/gui/dock/common/intern/action/panel/EclipsePanelPopupGenerator
instanceKlass bibliothek/gui/dock/common/intern/color/EclipseTabTransmitter$1
instanceKlass bibliothek/gui/dock/themes/basic/action/BasicButtonModel
instanceKlass bibliothek/extension/gui/dock/theme/EclipseTheme$10
instanceKlass bibliothek/extension/gui/dock/theme/EclipseTheme$9
instanceKlass bibliothek/extension/gui/dock/theme/EclipseTheme$8
instanceKlass bibliothek/extension/gui/dock/theme/EclipseTheme$7
instanceKlass bibliothek/extension/gui/dock/theme/EclipseTheme$6
instanceKlass bibliothek/extension/gui/dock/theme/EclipseTheme$5
instanceKlass bibliothek/gui/dock/station/stack/tab/RowLayout
instanceKlass bibliothek/gui/dock/station/stack/tab/DefaultMenuLineLayoutStrategy
instanceKlass bibliothek/gui/dock/station/stack/tab/layouting/TabsLayoutBlock
instanceKlass bibliothek/gui/dock/station/stack/tab/layouting/LayoutBlock
instanceKlass bibliothek/gui/dock/station/stack/tab/DefaultMenuLineLayoutFactory
instanceKlass bibliothek/gui/dock/station/stack/tab/MenuLineLayoutStrategy
instanceKlass bibliothek/gui/dock/station/stack/tab/MenuLineLayoutFactory
instanceKlass bibliothek/gui/dock/station/stack/tab/AbstractTabLayoutManagerPane
instanceKlass bibliothek/gui/dock/station/stack/tab/AxisConversion
instanceKlass bibliothek/gui/dock/station/stack/tab/TabPaneListener
instanceKlass bibliothek/gui/dock/station/stack/tab/AbstractTabLayoutManager
instanceKlass bibliothek/gui/dock/station/stack/tab/TabLayoutManager
instanceKlass bibliothek/gui/dock/station/stack/tab/TabPane
instanceKlass bibliothek/extension/gui/dock/theme/eclipse/EclipseDockTitleFactory
instanceKlass bibliothek/extension/gui/dock/theme/eclipse/rex/RexSystemColor
instanceKlass bibliothek/extension/gui/dock/theme/eclipse/stack/tab/BasicTabDockTitle$1
instanceKlass bibliothek/gui/dock/themes/basic/BasicDockTitle$1
instanceKlass bibliothek/util/Condition
instanceKlass bibliothek/gui/dock/title/OrientationToRotationStrategyListener
instanceKlass bibliothek/gui/dock/title/DockTitleBackgroundComponent
instanceKlass bibliothek/gui/dock/common/theme/CEclipseTheme$3
instanceKlass bibliothek/gui/dock/common/theme/CEclipseTheme$2
instanceKlass bibliothek/gui/dock/common/theme/CEclipseTheme$1
instanceKlass bibliothek/gui/dock/themes/basic/NoSpanFactory
instanceKlass bibliothek/extension/gui/dock/theme/EclipseTheme$3
instanceKlass bibliothek/extension/gui/dock/theme/eclipse/EclipseStationPaint
instanceKlass bibliothek/extension/gui/dock/theme/eclipse/displayer/EclipseDisplayerFactory
instanceKlass bibliothek/extension/gui/dock/theme/EclipseTheme$2
instanceKlass bibliothek/gui/dock/common/mode/CLocationModeManager$4
instanceKlass bibliothek/gui/dock/common/intern/station/CommonDockStationLayout$1
instanceKlass bibliothek/gui/dock/layout/DefaultLocationEstimationMap$Node
instanceKlass bibliothek/gui/dock/layout/DefaultLocationEstimationMap
instanceKlass bibliothek/gui/dock/common/intern/CommonMultipleDockableLayout
instanceKlass bibliothek/gui/dock/common/intern/layout/ReplacementDockFactory
instanceKlass bibliothek/gui/dock/common/intern/CDockFrontend$1
instanceKlass bibliothek/gui/dock/common/mode/CLocationModeManager$3
instanceKlass bibliothek/gui/dock/support/mode/ModeManager$7
instanceKlass bibliothek/gui/dock/action/MultiDockActionSource$Listener
instanceKlass bibliothek/gui/dock/support/mode/ModeManager$DockableHandle
instanceKlass bibliothek/gui/dock/common/mode/CLocationModeManager$2
instanceKlass bibliothek/gui/dock/support/mode/ModeManager$3
instanceKlass bibliothek/gui/dock/support/mode/ModeManager$ChangeSet
instanceKlass bibliothek/gui/dock/common/mode/CLocationModeManager$5
instanceKlass bibliothek/gui/dock/support/mode/ModeSettings$DockableEntry
instanceKlass bibliothek/gui/dock/station/split/SplitDockFullScreenPropertyFactory
instanceKlass bibliothek/gui/dock/station/split/SplitDockPlaceholderPropertyFactory
instanceKlass bibliothek/gui/dock/station/split/SplitDockPathPropertyFactory
instanceKlass bibliothek/gui/dock/layout/PropertyTransformer
instanceKlass bibliothek/gui/dock/facile/mode/LocationSettingConverter
instanceKlass bibliothek/gui/dock/support/mode/ModeSetting
instanceKlass bibliothek/gui/dock/station/split/SplitDockStationLayout
instanceKlass bibliothek/gui/dock/station/support/PlaceholderMap$PlaceholderKey
instanceKlass bibliothek/gui/dock/common/intern/CommonSingleDockableLayout
instanceKlass bibliothek/gui/dock/layout/DockLayoutComposition
instanceKlass bibliothek/gui/dock/layout/PredefinedLayout
instanceKlass bibliothek/gui/dock/layout/DockLayoutInfo
instanceKlass bibliothek/gui/dock/layout/DockLayout
instanceKlass bibliothek/gui/dock/common/intern/station/CommonDockStationLayout
instanceKlass bibliothek/gui/dock/common/perspective/CPerspectiveMultipleIdentifierCollection
instanceKlass bibliothek/gui/dock/frontend/DefaultDockFrontendPerspective
instanceKlass bibliothek/gui/dock/frontend/DefaultLayoutChangeStrategy$3
instanceKlass bibliothek/gui/dock/common/perspective/CControlPerspective$PerspectiveElementFactory
instanceKlass bibliothek/gui/dock/station/split/SplitDockTree$Key
instanceKlass bibliothek/gui/dock/common/perspective/CPerspective$ElementFrame
instanceKlass bibliothek/gui/dock/common/perspective/CPerspective$ElementIterator
instanceKlass bibliothek/gui/dock/station/split/AbstractSplitDockGrid$Node
instanceKlass bibliothek/gui/dock/station/split/GridNode
instanceKlass bibliothek/gui/dock/station/support/PlaceholderList$Entry
instanceKlass bibliothek/gui/dock/common/perspective/SingleCDockablePerspective$Intern
instanceKlass bibliothek/gui/dock/station/flap/FlapDockPerspective
instanceKlass bibliothek/gui/dock/common/perspective/CMinimizePerspective$1
instanceKlass bibliothek/gui/dock/station/split/AbstractSplitDockGrid
instanceKlass bibliothek/gui/dock/station/split/SplitDockPerspective$1
instanceKlass bibliothek/gui/dock/station/split/SplitDockPerspective$EntryListener
instanceKlass bibliothek/gui/dock/station/split/SplitDockPerspective
instanceKlass bibliothek/gui/dock/common/perspective/CGridPerspective$2
instanceKlass bibliothek/gui/dock/common/perspective/CGridPerspective$1
instanceKlass bibliothek/gui/dock/common/perspective/LocationHistory
instanceKlass bibliothek/gui/dock/common/perspective/CMinimizePerspective
instanceKlass bibliothek/gui/dock/common/perspective/AbstractCDockablePerspective
instanceKlass bibliothek/gui/dock/common/perspective/CContentPerspective
instanceKlass bibliothek/gui/dock/station/support/PerspectivePlaceholderList$1
instanceKlass bibliothek/gui/dock/station/screen/ScreenDockPerspective
instanceKlass bibliothek/gui/dock/common/perspective/CommonDockStationPerspective
instanceKlass bibliothek/gui/dock/common/perspective/CExternalizePerspective$2
instanceKlass bibliothek/gui/dock/common/perspective/CExternalizePerspective$1
instanceKlass bibliothek/gui/dock/common/perspective/mode/CMaximizedModeAreaPerspective
instanceKlass bibliothek/gui/dock/common/perspective/CommonElementPerspective
instanceKlass bibliothek/gui/dock/common/perspective/CExternalizePerspective
instanceKlass bibliothek/gui/dock/common/perspective/mode/CModeAreaPerspective
instanceKlass bibliothek/gui/dock/common/perspective/mode/AbstractModePerspective
instanceKlass bibliothek/gui/dock/common/perspective/mode/LocationModeManagerPerspective
instanceKlass bibliothek/gui/dock/common/perspective/CPerspective
instanceKlass bibliothek/gui/dock/common/perspective/CControlPerspective
instanceKlass bibliothek/gui/dock/common/intern/CommonSingleDockableFactory$Entry
instanceKlass com/altera/ui/app/base/BasicDockableEditor$1
instanceKlass bibliothek/extension/gui/dock/theme/smooth/SmoothDefaultButtonTitleFactory
instanceKlass bibliothek/gui/dock/common/theme/CSmoothTheme$3
instanceKlass bibliothek/gui/dock/common/theme/CSmoothTheme$2
instanceKlass bibliothek/gui/dock/common/theme/CSmoothTheme$1
instanceKlass bibliothek/extension/gui/dock/theme/smooth/SmoothDefaultTitleFactory
instanceKlass bibliothek/gui/dock/common/intern/station/CScreenDockStationWindowClosingStrategy
instanceKlass bibliothek/gui/dock/station/screen/window/ScreenDockWindowClosingStrategy
instanceKlass bibliothek/gui/dock/common/intern/ui/CDisablingStrategy
instanceKlass bibliothek/gui/dock/disable/DisablingStrategy
instanceKlass bibliothek/gui/dock/common/intern/action/CButtonContentFilter$1
instanceKlass bibliothek/gui/dock/common/intern/action/CDecorateableActionListener
instanceKlass bibliothek/gui/dock/action/AbstractButtonContentFilter
instanceKlass bibliothek/gui/dock/action/ButtonContentFilter$2
instanceKlass bibliothek/gui/dock/action/ButtonContentFilter$1
instanceKlass bibliothek/gui/dock/action/ButtonContentFilter
instanceKlass bibliothek/gui/dock/themes/basic/action/DefaultDockActionImportanceOrder
instanceKlass bibliothek/gui/dock/themes/basic/action/DockActionImportanceOrder
instanceKlass bibliothek/gui/dock/station/stack/action/DefaultDockActionDistributor
instanceKlass bibliothek/gui/dock/station/stack/action/DockActionDistributor
instanceKlass bibliothek/gui/dock/common/intern/CPlaceholderStrategy$2
instanceKlass bibliothek/gui/dock/common/intern/CPlaceholderStrategy$1
instanceKlass bibliothek/gui/dock/common/intern/CPlaceholderStrategy
instanceKlass bibliothek/gui/dock/common/intern/ui/CommonSingleTabDecider
instanceKlass bibliothek/gui/dock/displayer/SingleTabDecider$2
instanceKlass bibliothek/gui/dock/displayer/SingleTabDecider$1
instanceKlass bibliothek/gui/dock/displayer/SingleTabDecider
instanceKlass bibliothek/extension/gui/dock/theme/eclipse/DefaultEclipseThemeConnector
instanceKlass bibliothek/extension/gui/dock/theme/eclipse/EclipseThemeConnector
instanceKlass bibliothek/extension/gui/dock/theme/eclipse/stack/tab/TabPanePainter
instanceKlass bibliothek/extension/gui/dock/theme/eclipse/stack/tab/InvisibleTab
instanceKlass bibliothek/extension/gui/dock/theme/eclipse/stack/tab/ArchGradientPainter$1
instanceKlass bibliothek/extension/gui/dock/theme/eclipse/stack/tab/TabPainter
instanceKlass bibliothek/gui/dock/focus/SimplifiedFocusTraversalPolicy
instanceKlass bibliothek/gui/dock/station/stack/tab/TabPaneTabBackgroundComponent
instanceKlass bibliothek/gui/dock/station/stack/tab/TabPaneChildBackgroundComponent
instanceKlass bibliothek/gui/dock/station/stack/tab/TabPaneBackgroundComponent
instanceKlass bibliothek/gui/dock/util/BackgroundAlgorithmListener
instanceKlass bibliothek/extension/gui/dock/theme/eclipse/EclipseTabStateInfo
instanceKlass bibliothek/extension/gui/dock/theme/eclipse/stack/tab/TabComponent
instanceKlass bibliothek/gui/dock/station/flap/AbstractFlapLayoutManager
instanceKlass bibliothek/gui/dock/station/flap/FlapWindow
instanceKlass bibliothek/gui/dock/station/flap/DefaultFlapWindow$Parent
instanceKlass bibliothek/gui/dock/station/flap/DefaultFlapWindowFactory
instanceKlass bibliothek/gui/dock/station/flap/FlapWindowFactory
instanceKlass bibliothek/gui/dock/station/flap/button/DefaultButtonContentFilter
instanceKlass bibliothek/gui/dock/station/flap/button/ButtonContentFilter
instanceKlass bibliothek/gui/dock/station/flap/button/ButtonContent$7
instanceKlass bibliothek/gui/dock/station/flap/button/ButtonContent$6
instanceKlass bibliothek/gui/dock/station/flap/button/AbstractButtonContentCondition
instanceKlass bibliothek/gui/dock/station/flap/button/ButtonContent$3
instanceKlass bibliothek/gui/dock/station/flap/button/ButtonContent$2
instanceKlass bibliothek/gui/dock/station/flap/button/ButtonContent$1
instanceKlass bibliothek/gui/dock/station/flap/button/ButtonContentCondition
instanceKlass bibliothek/gui/dock/station/flap/button/ButtonContent
instanceKlass bibliothek/gui/dock/station/flap/FlapLayoutManager
instanceKlass bibliothek/gui/dock/station/flap/FlapLayoutManagerListener
instanceKlass bibliothek/gui/dock/station/flap/FlapDropInfo
instanceKlass bibliothek/gui/dock/facile/station/split/ResizeElement
instanceKlass bibliothek/gui/dock/facile/station/split/DelegatingSplitLayoutManager
instanceKlass bibliothek/gui/dock/common/mode/station/CScreenDockStationHandle$1
instanceKlass bibliothek/gui/dock/common/mode/station/CScreenDockStationHandle$Maximal
instanceKlass bibliothek/gui/dock/common/mode/station/CScreenDockStationHandle$External
instanceKlass bibliothek/gui/dock/common/mode/CExternalizedModeArea
instanceKlass bibliothek/gui/dock/facile/mode/ExternalizedModeArea
instanceKlass bibliothek/gui/dock/facile/mode/StationModeArea
instanceKlass bibliothek/gui/dock/common/mode/CMaximizedModeArea
instanceKlass bibliothek/gui/dock/common/mode/CModeArea
instanceKlass bibliothek/gui/dock/facile/mode/MaximizedModeArea
instanceKlass bibliothek/gui/dock/common/mode/station/CScreenDockStationHandle
instanceKlass bibliothek/gui/dock/control/SingleParentRemover$DockRegisterObserver$1
instanceKlass java/lang/FunctionalInterface
instanceKlass bibliothek/gui/dock/station/LayoutLocked
instanceKlass bibliothek/gui/dock/station/support/PlaceholderMap$1
instanceKlass bibliothek/gui/dock/station/support/PlaceholderMap$Key
instanceKlass bibliothek/gui/dock/station/support/PlaceholderListItemAdapter
instanceKlass bibliothek/gui/dock/station/screen/magnet/MultiAttractorStrategy
instanceKlass bibliothek/gui/dock/station/screen/ScreenDockStationExtension
instanceKlass bibliothek/gui/dock/title/ControllerTitleFactory
instanceKlass bibliothek/gui/dock/component/DefaultDockComponentManager$Handle
instanceKlass bibliothek/gui/dock/component/DockComponentRootHandler$Listener
instanceKlass bibliothek/gui/dock/common/intern/CommonDockable
instanceKlass bibliothek/gui/dock/facile/station/screen/WindowProviderVisibility$1
instanceKlass bibliothek/gui/dock/facile/station/screen/WindowProviderVisibility
instanceKlass bibliothek/gui/dock/common/intern/station/AbstractResizeRequestHandler
instanceKlass bibliothek/gui/dock/common/location/CLocationExpandStrategy
instanceKlass bibliothek/gui/dock/common/CLocation
instanceKlass bibliothek/gui/dock/ScreenDockStation$13
instanceKlass bibliothek/gui/dock/ScreenDockStation$ScreenWindowListener
instanceKlass bibliothek/gui/dock/station/screen/ScreenDockWindowListener
instanceKlass bibliothek/gui/dock/station/screen/magnet/MagnetizedOperation
instanceKlass bibliothek/gui/dock/station/screen/magnet/MagnetController
instanceKlass bibliothek/gui/dock/themes/StationPaintValue
instanceKlass bibliothek/gui/dock/station/DisplayerCollection$1
instanceKlass bibliothek/gui/dock/station/DisplayerCollection
instanceKlass bibliothek/gui/dock/themes/CombinerValue
instanceKlass bibliothek/gui/dock/themes/StationThemeItemValue
instanceKlass bibliothek/gui/dock/themes/DisplayerFactoryValue
instanceKlass bibliothek/gui/dock/ScreenDockStation$11
instanceKlass bibliothek/gui/dock/station/screen/DefaultScreenDockFullscreenStrategy
instanceKlass bibliothek/gui/dock/station/support/PlaceholderList$6
instanceKlass bibliothek/gui/dock/station/support/PlaceholderList$SubList$1
instanceKlass bibliothek/gui/dock/station/screen/window/DefaultScreenDockWindowConfiguration
instanceKlass bibliothek/gui/dock/station/support/PlaceholderList$5
instanceKlass bibliothek/gui/dock/station/support/PlaceholderList$SubList
instanceKlass bibliothek/gui/dock/station/support/PlaceholderList$Filter
instanceKlass bibliothek/gui/dock/station/support/PlaceholderMetaMap
instanceKlass bibliothek/gui/dock/station/support/DockStationListenerManager
instanceKlass bibliothek/gui/dock/station/screen/ScreenDropSizeStrategy$2
instanceKlass bibliothek/gui/dock/station/screen/ScreenDropSizeStrategy$1
instanceKlass bibliothek/gui/dock/station/screen/ScreenDropSizeStrategy
instanceKlass bibliothek/gui/dock/station/screen/magnet/AttractorStrategy
instanceKlass bibliothek/gui/dock/station/screen/magnet/MagnetOperation
instanceKlass bibliothek/gui/dock/station/screen/magnet/DefaultMagnetStrategy
instanceKlass bibliothek/gui/dock/station/screen/ScreenDockFullscreenStrategy
instanceKlass bibliothek/gui/dock/ScreenDockStation$2
instanceKlass bibliothek/gui/dock/station/screen/ScreenDockWindowConfiguration
instanceKlass bibliothek/gui/dock/ScreenDockStation$1
instanceKlass bibliothek/gui/dock/station/screen/window/DisplayerScreenDockWindow
instanceKlass bibliothek/gui/dock/station/screen/ScreenDockWindow
instanceKlass bibliothek/gui/dock/station/screen/window/DefaultScreenDockWindowFactory
instanceKlass bibliothek/gui/dock/station/screen/ScreenDockWindowFactory
instanceKlass bibliothek/gui/dock/station/screen/AbstractBoundaryRestriction
instanceKlass bibliothek/gui/dock/station/screen/BoundaryRestriction
instanceKlass bibliothek/gui/dock/station/screen/magnet/MagnetStrategy
instanceKlass bibliothek/gui/dock/station/screen/ScreenDockStationListener
instanceKlass bibliothek/gui/dock/station/AbstractDockStation
instanceKlass bibliothek/gui/dock/common/CExternalizeArea$1
instanceKlass bibliothek/gui/dock/common/intern/station/CommonStationDelegate
instanceKlass bibliothek/gui/dock/common/event/ResizeRequestListener
instanceKlass bibliothek/gui/dock/common/intern/AbstractCStation
instanceKlass bibliothek/gui/dock/common/mode/CStationContainerHistoryRewriter
instanceKlass bibliothek/gui/dock/common/mode/CLocationModeManager$1
instanceKlass bibliothek/gui/dock/support/mode/ModeManager$6$1
instanceKlass bibliothek/gui/dock/support/mode/ModeManager$6
instanceKlass bibliothek/gui/dock/support/mode/ModeManager$ModeHandle
instanceKlass bibliothek/gui/dock/facile/mode/DefaultExternalizedModeBehavior
instanceKlass bibliothek/gui/dock/facile/mode/MappingLocationModeActionProvider
instanceKlass bibliothek/gui/dock/facile/mode/MaximizedMode$Listener
instanceKlass bibliothek/gui/dock/event/DockActionSourceListener
instanceKlass bibliothek/gui/dock/common/action/core/CommonDropDownItem
instanceKlass bibliothek/gui/dock/facile/mode/ExternalizedModeBehavior
instanceKlass bibliothek/gui/dock/facile/mode/LocationModeListener
instanceKlass bibliothek/gui/dock/common/mode/ExtendedMode
instanceKlass javax/swing/Timer$1
instanceKlass bibliothek/gui/dock/action/AbstractDockActionSource
instanceKlass bibliothek/gui/dock/facile/mode/DefaultLocationModeActionProvider
instanceKlass bibliothek/gui/dock/facile/mode/AbstractLocationMode$ManagerListener
instanceKlass bibliothek/gui/dock/facile/mode/AbstractLocationMode$AreaListener
instanceKlass bibliothek/gui/dock/common/perspective/mode/LocationModePerspective
instanceKlass bibliothek/gui/dock/support/mode/ModeSettingFactory
instanceKlass bibliothek/gui/dock/facile/mode/LocationModeActionProvider
instanceKlass bibliothek/gui/dock/facile/mode/ModeAreaListener
instanceKlass bibliothek/gui/dock/common/mode/PreviousModeDoubleClickStrategy
instanceKlass bibliothek/gui/dock/facile/mode/LocationModeManager$LocationModeListenerAdapter
instanceKlass bibliothek/gui/dock/facile/mode/status/DefaultExtendedModeEnablement$3
instanceKlass bibliothek/gui/dock/facile/mode/status/AbstractExtendedModeEnablement$1
instanceKlass bibliothek/gui/dock/facile/mode/LocationModeManager$4
instanceKlass bibliothek/gui/dock/facile/mode/LocationModeManager$3
instanceKlass bibliothek/gui/dock/common/group/CGroupMovement
instanceKlass bibliothek/gui/dock/common/group/StackGroupBehavior
instanceKlass bibliothek/gui/dock/facile/mode/LocationModeManager$HierarchyListener
instanceKlass bibliothek/gui/dock/event/DockHierarchyListener
instanceKlass bibliothek/gui/dock/support/mode/ModeManager$2
instanceKlass bibliothek/gui/dock/support/mode/ModeManager$1
instanceKlass bibliothek/gui/dock/facile/mode/DoubleClickLocationStrategy$1
instanceKlass bibliothek/gui/dock/facile/mode/status/DefaultExtendedModeEnablement$1
instanceKlass bibliothek/gui/dock/facile/mode/status/ExtendedModeEnablementFactory
instanceKlass bibliothek/gui/dock/facile/mode/status/AbstractExtendedModeEnablement
instanceKlass bibliothek/gui/dock/facile/mode/status/ExtendedModeEnablement
instanceKlass bibliothek/gui/dock/facile/mode/DoubleClickLocationStrategy
instanceKlass bibliothek/gui/dock/common/intern/CDockFrontendListener
instanceKlass bibliothek/gui/dock/support/mode/UndoableModeSettings
instanceKlass bibliothek/gui/dock/facile/mode/AbstractLocationMode
instanceKlass bibliothek/gui/dock/common/mode/CLocationMode
instanceKlass bibliothek/gui/dock/facile/mode/LocationMode
instanceKlass bibliothek/gui/dock/support/mode/ModeSettings
instanceKlass bibliothek/gui/dock/support/mode/ModeManagerListener
instanceKlass bibliothek/gui/dock/facile/mode/status/ExtendedModeEnablementListener
instanceKlass bibliothek/gui/dock/common/group/CGroupBehavior
instanceKlass bibliothek/gui/dock/support/mode/AffectingRunnable
instanceKlass bibliothek/gui/dock/support/mode/Mode
instanceKlass bibliothek/gui/dock/support/mode/AffectedSet
instanceKlass bibliothek/gui/dock/support/mode/ModeManager
instanceKlass bibliothek/gui/dock/common/CControl$10
instanceKlass bibliothek/gui/dock/common/CControl$9
instanceKlass bibliothek/gui/dock/common/intern/CommonMultipleDockableFactory
instanceKlass bibliothek/gui/dock/common/MultipleCDockableLayout
instanceKlass bibliothek/gui/dock/common/EmptyMultipleCDockableFactory
instanceKlass javax/swing/TimerQueue$DelayedTimer
instanceKlass java/util/concurrent/Delayed
instanceKlass bibliothek/gui/dock/control/focus/RepeatingFocusRequest
instanceKlass bibliothek/gui/dock/themes/nostack/NoStackTitleFactory
instanceKlass bibliothek/gui/dock/common/intern/action/panel/PanelDropDownGenerator
instanceKlass bibliothek/gui/dock/common/intern/action/panel/PanelMenuGenerator
instanceKlass bibliothek/gui/dock/common/intern/action/panel/BasicPanelPopupGenerator
instanceKlass bibliothek/gui/dock/common/action/core/CommonDecoratableDockAction
instanceKlass bibliothek/gui/dock/common/action/panel/PanelPopupWindowListener
instanceKlass bibliothek/gui/dock/common/action/panel/PanelPopupWindow
instanceKlass bibliothek/gui/dock/common/action/core/CommonDockAction
instanceKlass bibliothek/gui/dock/common/intern/font/FontTransmitter$Listener
instanceKlass bibliothek/gui/dock/common/event/FontMapListener
instanceKlass bibliothek/gui/dock/util/UIPriorityValue$DirectValue
instanceKlass bibliothek/gui/dock/common/intern/color/ColorTransmitter$Listener
instanceKlass bibliothek/gui/dock/common/intern/ui/UITransmitter$Listener
instanceKlass bibliothek/gui/dock/common/event/ColorMapListener
instanceKlass bibliothek/gui/dock/common/event/CControlListener
instanceKlass bibliothek/gui/dock/common/intern/ui/UITransmitter
instanceKlass bibliothek/gui/dock/common/theme/color/CColorBridgeExtension
instanceKlass bibliothek/gui/dock/common/theme/CDockTheme$Controller
instanceKlass bibliothek/gui/dock/common/theme/CBasicTheme$3
instanceKlass bibliothek/gui/dock/common/theme/CBasicTheme$2
instanceKlass bibliothek/gui/dock/common/theme/CBasicTheme$1
instanceKlass bibliothek/gui/dock/common/theme/CDockTheme$3
instanceKlass bibliothek/gui/dock/common/theme/CDockTheme$2
instanceKlass bibliothek/gui/dock/util/font/FontBridge
instanceKlass bibliothek/gui/dock/common/theme/CDockTheme$1
instanceKlass bibliothek/gui/dock/util/font/DockFont
instanceKlass bibliothek/gui/dock/accept/AbstractAcceptance
instanceKlass bibliothek/gui/dock/themes/ColorBridgeFactory
instanceKlass bibliothek/gui/dock/util/color/ColorBridge
instanceKlass bibliothek/gui/dock/common/intern/font/FontBridgeFactory
instanceKlass bibliothek/gui/dock/common/theme/ThemeMap$2
instanceKlass bibliothek/gui/dock/common/theme/CDockTheme
instanceKlass bibliothek/gui/dock/common/theme/ThemeMap$1
instanceKlass bibliothek/gui/dock/common/theme/ThemeMap$Entry
instanceKlass bibliothek/gui/dock/common/theme/CDockThemeFactory
instanceKlass bibliothek/gui/dock/common/theme/ThemeMapListener
instanceKlass bibliothek/gui/dock/common/theme/ThemeMap
instanceKlass bibliothek/gui/dock/common/intern/station/CommonDockStationFactory
instanceKlass bibliothek/gui/dock/common/perspective/ShrinkablePerspectiveStation
instanceKlass bibliothek/gui/dock/station/stack/StackDockPerspective
instanceKlass bibliothek/gui/dock/perspective/PerspectiveStation
instanceKlass bibliothek/gui/dock/frontend/RegisteringDockFactory
instanceKlass bibliothek/gui/dock/station/support/PlaceholderStrategy
instanceKlass bibliothek/gui/dock/common/intern/ui/ExtendedModeAcceptance
instanceKlass bibliothek/gui/dock/common/intern/ui/WorkingAreaAcceptance
instanceKlass bibliothek/gui/dock/common/intern/ui/StackableAcceptance
instanceKlass bibliothek/gui/dock/common/intern/ControlVetoClosingListener
instanceKlass bibliothek/gui/dock/common/intern/ControlVetoFocusListener
instanceKlass bibliothek/gui/dock/common/intern/action/CActionOffer
instanceKlass bibliothek/gui/dock/common/CControl$11
instanceKlass bibliothek/gui/dock/common/CControl$1
instanceKlass bibliothek/gui/dock/common/intern/RootStationAdjacentFactory
instanceKlass bibliothek/gui/dock/frontend/DefaultLayoutChangeStrategy$SettingAccess
instanceKlass bibliothek/gui/dock/frontend/DockFrontendExtension
instanceKlass bibliothek/gui/dock/station/screen/ScreenDockPropertyFactory
instanceKlass bibliothek/gui/dock/station/flap/FlapDockPropertyFactory
instanceKlass bibliothek/gui/dock/station/stack/StackDockPropertyFactory
instanceKlass bibliothek/gui/dock/station/split/SplitDockPropertyFactory
instanceKlass bibliothek/gui/dock/station/support/PlaceholderMap
instanceKlass bibliothek/gui/dock/station/screen/ScreenDockStationLayout
instanceKlass bibliothek/gui/dock/station/screen/ScreenDockStationFactory
instanceKlass bibliothek/gui/DockFrontend$DockInfo
instanceKlass bibliothek/gui/DockFrontend$RootInfo
instanceKlass bibliothek/gui/dock/layout/BackupFactoryData
instanceKlass bibliothek/gui/dock/layout/PredefinedDockSituation$PreloadFactory
instanceKlass bibliothek/util/xml/XContainer
instanceKlass bibliothek/gui/dock/station/flap/FlapDockStationLayout
instanceKlass bibliothek/gui/dock/station/flap/FlapDockStationFactory
instanceKlass bibliothek/gui/dock/station/stack/StackDockStationLayout
instanceKlass bibliothek/gui/dock/station/stack/StackDockStationFactory
instanceKlass bibliothek/gui/dock/station/split/SplitDockPerspective$Entry
instanceKlass bibliothek/gui/dock/station/split/SplitDockStationLayout$Entry
instanceKlass bibliothek/gui/dock/station/split/SplitDockStationFactory
instanceKlass bibliothek/gui/dock/layout/LocationEstimationMap
instanceKlass bibliothek/gui/dock/perspective/Perspective
instanceKlass bibliothek/gui/DockFrontend$Internals
instanceKlass bibliothek/gui/dock/dockable/DefaultDockableFactory
instanceKlass bibliothek/gui/dock/action/ActionContentModifier
instanceKlass bibliothek/gui/dock/event/StandardDockActionListener
instanceKlass bibliothek/gui/dock/util/UIPriorityValue$SchemeValue
instanceKlass bibliothek/gui/dock/util/UIPriorityValue$Value
instanceKlass bibliothek/gui/dock/util/UIProperties$Observer
instanceKlass bibliothek/gui/dock/disable/ActionDisablingStrategyObserver
instanceKlass bibliothek/gui/dock/action/actions/AbstractStandardDockAction
instanceKlass bibliothek/gui/dock/action/actions/SharingDropDownItemAction
instanceKlass bibliothek/gui/dock/action/actions/SharingStandardDockAction
instanceKlass bibliothek/gui/dock/action/ButtonDockAction
instanceKlass bibliothek/gui/dock/action/StandardDropDownItemAction
instanceKlass bibliothek/gui/dock/action/dropdown/DropDownItemAction
instanceKlass bibliothek/gui/dock/action/StandardDockAction
instanceKlass bibliothek/gui/dock/event/DockFrontendAdapter
instanceKlass bibliothek/gui/dock/event/DockFrontendListener
instanceKlass bibliothek/gui/dock/frontend/VetoManager
instanceKlass bibliothek/gui/dock/frontend/DockFrontendPerspective
instanceKlass bibliothek/gui/dock/perspective/PredefinedMap
instanceKlass bibliothek/gui/dock/layout/DockSituation
instanceKlass bibliothek/gui/dock/frontend/DefaultLayoutChangeStrategy
instanceKlass bibliothek/gui/dock/frontend/MissingDockableStrategy$2
instanceKlass bibliothek/gui/dock/frontend/MissingDockableStrategy$1
instanceKlass bibliothek/gui/dock/layout/AdjacentDockFactory
instanceKlass bibliothek/gui/dock/frontend/Setting
instanceKlass bibliothek/gui/dock/support/mode/ModeSettingsConverter
instanceKlass bibliothek/gui/dock/common/event/CDockableAdapter
instanceKlass bibliothek/gui/dock/common/CControl$7
instanceKlass bibliothek/gui/dock/common/CControl$6
instanceKlass bibliothek/gui/dock/common/CControl$4
instanceKlass bibliothek/gui/dock/station/stack/DndAutoSelectStrategyRequest
instanceKlass bibliothek/gui/dock/station/stack/StackDnDAutoSelectSupport
instanceKlass bibliothek/util/workarounds/Java6Workaround
instanceKlass bibliothek/util/workarounds/Workaround
instanceKlass bibliothek/util/Workarounds
instanceKlass bibliothek/gui/dock/control/DefaultGlobalMouseDispatcher$3
instanceKlass bibliothek/gui/dock/control/DefaultKeyboardController$3
instanceKlass bibliothek/gui/dock/control/DoubleClickController$1$1
instanceKlass bibliothek/gui/dock/control/focus/DefaultFocusStrategy
instanceKlass bibliothek/gui/dock/control/relocator/DefaultDockRelocator$Listener
instanceKlass bibliothek/gui/DockController$FocusControllerObserver
instanceKlass bibliothek/gui/dock/layout/DockablePropertyFactory
instanceKlass bibliothek/gui/dock/action/ActionGuard
instanceKlass bibliothek/gui/dock/frontend/LayoutChangeStrategy
instanceKlass bibliothek/gui/dock/frontend/FrontendEntry
instanceKlass bibliothek/gui/dock/frontend/FrontendPerspectiveCache
instanceKlass bibliothek/gui/dock/frontend/DockFrontendInternals
instanceKlass bibliothek/gui/DockFrontend
instanceKlass bibliothek/gui/dock/station/split/SplitDividerStrategy
instanceKlass bibliothek/gui/dock/station/split/DefaultSplitLayoutManager
instanceKlass bibliothek/gui/dock/station/split/SplitLayoutManager
instanceKlass bibliothek/gui/dock/station/support/PlaceholderStrategyListener
instanceKlass bibliothek/gui/dock/util/PaintableComponent
instanceKlass bibliothek/gui/dock/station/StationBackgroundComponent
instanceKlass bibliothek/gui/dock/util/BackgroundAlgorithm
instanceKlass bibliothek/gui/dock/util/BackgroundComponent
instanceKlass bibliothek/gui/dock/station/split/SplitNodeFactory
instanceKlass bibliothek/gui/dock/disable/DisablingStrategyListener
instanceKlass bibliothek/gui/dock/layout/AbstractDockableProperty
instanceKlass bibliothek/gui/dock/action/ListeningDockAction
instanceKlass bibliothek/gui/dock/station/split/SplitTreeFactory
instanceKlass bibliothek/gui/dock/station/split/Divideable
instanceKlass bibliothek/gui/dock/station/split/SplitDockTree
instanceKlass bibliothek/gui/dock/station/split/SplitDockAccess
instanceKlass bibliothek/gui/dock/station/support/CombinerSource
instanceKlass bibliothek/gui/dock/station/split/SplitNode
instanceKlass bibliothek/gui/dock/station/split/SplitNodeVisitor
instanceKlass bibliothek/gui/dock/control/AcceptanceDockRelocatorMode
instanceKlass bibliothek/gui/dock/control/ModifierMask
instanceKlass bibliothek/gui/dock/control/DockRelocatorMode
instanceKlass bibliothek/gui/dock/control/DefaultFocusController$Request
instanceKlass bibliothek/gui/dock/control/focus/DefaultFocusRequest
instanceKlass bibliothek/gui/dock/themes/color/ExtendingColorScheme$1
instanceKlass bibliothek/util/Colors
instanceKlass bibliothek/gui/dock/themes/color/DefaultColorScheme$2
instanceKlass bibliothek/gui/dock/themes/color/AbstractColorScheme$1
instanceKlass bibliothek/gui/dock/themes/color/AbstractColorScheme
instanceKlass bibliothek/gui/dock/station/stack/DndAutoSelectStrategy$2
instanceKlass bibliothek/gui/dock/station/stack/DndAutoSelectStrategy$1
instanceKlass bibliothek/gui/dock/station/stack/DndAutoSelectStrategy
instanceKlass bibliothek/gui/dock/station/stack/tab/TabConfigurations$1
instanceKlass bibliothek/gui/dock/station/stack/tab/TabConfigurations
instanceKlass bibliothek/gui/dock/station/stack/TabContentFilterListener
instanceKlass bibliothek/gui/dock/station/DockableDisplayerListener
instanceKlass bibliothek/gui/dock/station/support/PlaceholderListItemConverter
instanceKlass bibliothek/gui/dock/station/support/PlaceholderList
instanceKlass bibliothek/gui/dock/station/support/ComponentDragOperation
instanceKlass bibliothek/gui/dock/station/StationDragOperation
instanceKlass bibliothek/gui/dock/station/StationDropOperation
instanceKlass bibliothek/gui/dock/component/DockComponentRootHandler
instanceKlass bibliothek/gui/dock/station/stack/StackDockComponentListener
instanceKlass bibliothek/gui/dock/dockable/AbstractDockable
instanceKlass bibliothek/gui/dock/station/stack/StackDockComponentParent
instanceKlass bibliothek/gui/dock/themes/DockThemeExtension
instanceKlass bibliothek/gui/dock/themes/basic/BasicSpanFactory$1
instanceKlass bibliothek/gui/dock/themes/basic/BasicSpanFactory
instanceKlass java/awt/GridBagConstraints
instanceKlass java/awt/GridBagLayout
instanceKlass bibliothek/gui/dock/dockable/ScreencaptureMovingImageFactory
instanceKlass javax/swing/JList$ListSelectionHandler
instanceKlass bibliothek/gui/dock/focus/DefaultDockableSelection$1
instanceKlass bibliothek/gui/dock/station/stack/StackDockComponent
instanceKlass bibliothek/gui/dock/themes/BasicTheme$4
instanceKlass bibliothek/gui/dock/dockable/MovingImage
instanceKlass bibliothek/gui/dock/themes/basic/BasicMovingImageFactory
instanceKlass bibliothek/gui/dock/title/DockTitle
instanceKlass bibliothek/gui/dock/themes/basic/BasicDockTitleFactory
instanceKlass bibliothek/gui/dock/station/DockableDisplayer
instanceKlass bibliothek/gui/dock/themes/basic/BasicDisplayerFactory
instanceKlass bibliothek/gui/dock/util/color/DockColor
instanceKlass bibliothek/gui/dock/themes/basic/BasicStationPaint
instanceKlass bibliothek/gui/dock/util/NullPriorityValue$1
instanceKlass bibliothek/gui/dock/perspective/PerspectiveDockable
instanceKlass bibliothek/gui/dock/layout/DockableProperty
instanceKlass bibliothek/gui/dock/themes/basic/BasicCombiner
instanceKlass bibliothek/gui/dock/themes/BasicTheme$3
instanceKlass bibliothek/gui/dock/component/DefaultDockComponentManager
instanceKlass bibliothek/gui/dock/control/DefaultGlobalMouseDispatcher$2
instanceKlass bibliothek/gui/dock/control/DefaultGlobalMouseDispatcher
instanceKlass bibliothek/gui/dock/control/DefaultDockControllerFactory$3
instanceKlass bibliothek/gui/dock/control/DockableSelector$Listener
instanceKlass bibliothek/gui/dock/focus/DockableSelectionListener
instanceKlass bibliothek/gui/dock/control/DockableSelector
instanceKlass bibliothek/gui/dock/control/DefaultKeyboardController$2
instanceKlass bibliothek/gui/dock/event/ComponentHierarchyObserverListener
instanceKlass bibliothek/gui/dock/control/AbstractKeyboardController
instanceKlass bibliothek/gui/dock/control/DoubleClickController$1
instanceKlass bibliothek/gui/dock/event/LocatedListenerList
instanceKlass bibliothek/gui/dock/control/DoubleClickController
instanceKlass bibliothek/gui/dock/action/view/ActionViewConverter$18
instanceKlass bibliothek/gui/dock/action/view/ActionViewConverter$17
instanceKlass bibliothek/gui/dock/action/view/ActionViewConverter$16
instanceKlass bibliothek/gui/dock/action/view/ActionViewConverter$15
instanceKlass bibliothek/gui/dock/action/view/ActionViewConverter$14
instanceKlass bibliothek/gui/dock/themes/basic/action/dropdown/DropDownViewItem
instanceKlass bibliothek/gui/dock/action/view/ActionViewConverter$13
instanceKlass bibliothek/gui/dock/action/view/ActionViewConverter$12
instanceKlass bibliothek/gui/dock/action/view/ActionViewConverter$11
instanceKlass bibliothek/gui/dock/action/view/ActionViewConverter$10
instanceKlass bibliothek/gui/dock/action/view/ActionViewConverter$9
instanceKlass bibliothek/gui/dock/action/view/ActionViewConverter$8
instanceKlass bibliothek/gui/dock/themes/basic/action/BasicTitleViewItem
instanceKlass bibliothek/gui/dock/themes/basic/action/BasicResourceInitializer
instanceKlass bibliothek/gui/dock/themes/basic/action/BasicTrigger
instanceKlass bibliothek/gui/dock/action/view/ActionViewConverter$7
instanceKlass bibliothek/gui/dock/action/view/ActionViewConverter$6
instanceKlass bibliothek/gui/dock/action/view/ActionViewConverter$5
instanceKlass bibliothek/gui/dock/action/view/ActionViewConverter$4
instanceKlass bibliothek/gui/dock/action/view/ActionViewConverter$3
instanceKlass bibliothek/gui/dock/action/view/ActionViewConverter$2
instanceKlass bibliothek/gui/dock/action/view/ActionViewConverter$Entry
instanceKlass bibliothek/gui/dock/themes/basic/action/menu/MenuViewItem
instanceKlass bibliothek/gui/dock/action/view/ViewItem
instanceKlass bibliothek/gui/dock/action/view/ActionViewConverter$1
instanceKlass bibliothek/gui/dock/action/view/ViewTarget
instanceKlass bibliothek/gui/dock/action/ActionType
instanceKlass bibliothek/gui/dock/action/view/ActionViewConverter
instanceKlass bibliothek/gui/dock/control/DefaultDockControllerFactory$2
instanceKlass bibliothek/gui/dock/control/focus/DefaultFocusHistory
instanceKlass bibliothek/gui/dock/control/DefaultDockControllerFactory$1
instanceKlass bibliothek/gui/dock/control/focus/FocusStrategyRequest
instanceKlass bibliothek/gui/dock/control/focus/AbstractFocusController
instanceKlass bibliothek/gui/dock/control/focus/DefaultMouseFocusObserver$2
instanceKlass bibliothek/gui/dock/control/focus/DefaultMouseFocusObserver$GlobalMouseListener
instanceKlass bibliothek/gui/dock/control/relocator/VetoableDockRelocatorAdapter
instanceKlass bibliothek/gui/dock/control/focus/DefaultMouseFocusObserver
instanceKlass bibliothek/gui/dock/action/LocationHint
instanceKlass bibliothek/gui/dock/action/LocationHint$Enumeration
instanceKlass bibliothek/gui/dock/action/DockActionSource
instanceKlass bibliothek/gui/dock/action/DefaultActionOffer
instanceKlass bibliothek/gui/dock/control/relocator/DefaultDockRelocator$1
instanceKlass bibliothek/gui/dock/control/relocator/MultiInserter
instanceKlass bibliothek/gui/dock/control/relocator/TabMerger
instanceKlass bibliothek/gui/dock/control/relocator/StackMerger
instanceKlass bibliothek/gui/dock/control/relocator/MultiMerger
instanceKlass bibliothek/gui/dock/control/relocator/Inserter
instanceKlass bibliothek/gui/dock/control/relocator/Merger
instanceKlass bibliothek/gui/dock/control/RemoteRelocator
instanceKlass bibliothek/gui/dock/control/relocator/VetoableDockRelocatorListener
instanceKlass bibliothek/gui/dock/control/relocator/DropOperation
instanceKlass bibliothek/gui/dock/control/relocator/MergeOperation
instanceKlass bibliothek/gui/dock/control/relocator/RelocateOperation
instanceKlass bibliothek/gui/dock/control/relocator/InserterSource
instanceKlass bibliothek/gui/dock/control/DirectRemoteRelocator
instanceKlass bibliothek/gui/dock/control/BasicRemoteRelocator
instanceKlass bibliothek/gui/dock/control/relocator/DockRelocatorEvent
instanceKlass bibliothek/gui/dock/control/relocator/AbstractDockRelocator
instanceKlass bibliothek/gui/dock/action/ActionPopupSuppressor$3
instanceKlass bibliothek/gui/dock/action/ActionPopupSuppressor$2
instanceKlass bibliothek/gui/dock/action/ActionPopupSuppressor$1
instanceKlass bibliothek/gui/dock/action/ActionPopupSuppressor
instanceKlass bibliothek/gui/dock/action/popup/ActionPopupMenu
instanceKlass bibliothek/gui/dock/action/popup/DefaultActionPopupMenuFactory
instanceKlass bibliothek/gui/dock/action/popup/ActionPopupMenuFactory
instanceKlass bibliothek/gui/dock/control/PopupController
instanceKlass bibliothek/gui/dock/event/DockControllerRepresentativeListener
instanceKlass bibliothek/gui/dock/event/DockStationAdapter
instanceKlass bibliothek/gui/dock/event/DockStationListener
instanceKlass bibliothek/gui/dock/control/DockRegister
instanceKlass bibliothek/gui/DockController$3
instanceKlass bibliothek/gui/DockController$2
instanceKlass bibliothek/gui/dock/util/WindowProviderWrapper$1
instanceKlass bibliothek/gui/dock/util/WindowProviderWrapper
instanceKlass bibliothek/gui/dock/themes/ThemeDisplayerFactory
instanceKlass bibliothek/gui/dock/station/support/CombinerTarget
instanceKlass bibliothek/gui/dock/themes/ThemeCombiner
instanceKlass bibliothek/gui/dock/util/TypedPropertyUIScheme$Link$1
instanceKlass bibliothek/gui/dock/themes/ThemeStationPaint
instanceKlass bibliothek/gui/dock/util/property/DynamicPropertyFactory
instanceKlass bibliothek/gui/dock/station/span/Span
instanceKlass bibliothek/gui/dock/station/span/DefaultSpanFactory
instanceKlass bibliothek/gui/dock/title/DockTitleVersion$2
instanceKlass bibliothek/gui/dock/util/extension/ExtensionName
instanceKlass bibliothek/gui/dock/title/DockTitleVersion$1
instanceKlass bibliothek/gui/dock/title/DockTitleVersion
instanceKlass bibliothek/gui/dock/title/NullTitleFactory
instanceKlass bibliothek/gui/dock/title/DockTitleManager
instanceKlass bibliothek/gui/dock/util/NullPriorityValue
instanceKlass bibliothek/gui/dock/util/DockProperties$Entry
instanceKlass bibliothek/gui/dock/util/PropertyValue$1
instanceKlass bibliothek/gui/dock/util/DockPropertyListener
instanceKlass bibliothek/gui/dock/util/DockUtilities$DockVisitor
instanceKlass bibliothek/gui/dock/util/DockUtilities
instanceKlass bibliothek/gui/dock/util/icon/DefaultIconScheme$3
instanceKlass bibliothek/gui/dock/util/icon/DefaultIconScheme$1
instanceKlass bibliothek/gui/dock/util/icon/DefaultIconScheme$2
instanceKlass bibliothek/gui/dock/themes/icon/TabMenuOverflowIconBridge$Listener
instanceKlass bibliothek/gui/dock/station/stack/tab/TabMenuListener
instanceKlass bibliothek/gui/dock/themes/icon/TabMenuOverflowIconBridge
instanceKlass bibliothek/gui/dock/util/AbstractUIValue
instanceKlass bibliothek/gui/dock/util/UIValue
instanceKlass bibliothek/gui/dock/util/icon/DefaultIconScheme$IconResource
instanceKlass bibliothek/gui/dock/util/icon/DockIconBridge
instanceKlass bibliothek/gui/dock/util/AbstractUIScheme
instanceKlass bibliothek/gui/dock/util/UIProperties$2
instanceKlass bibliothek/gui/dock/util/UIProperties$1
instanceKlass bibliothek/gui/dock/util/UISchemeListener
instanceKlass bibliothek/gui/dock/util/PriorityValue$1
instanceKlass bibliothek/gui/dock/util/TypedPropertyUIScheme
instanceKlass bibliothek/gui/dock/themes/ThemeManager$1
instanceKlass bibliothek/gui/dock/util/PriorityValue
instanceKlass bibliothek/gui/dock/util/UISchemeEvent
instanceKlass bibliothek/gui/dock/util/UIProperties
instanceKlass bibliothek/gui/dock/util/TypedUIProperties$Type
instanceKlass bibliothek/gui/dock/util/UIBridge
instanceKlass bibliothek/gui/dock/util/TypedUIProperties
instanceKlass bibliothek/gui/dock/util/DockProperties
instanceKlass bibliothek/gui/dock/util/extension/SharedExtension
instanceKlass bibliothek/gui/dock/util/extension/ExtensionManager
instanceKlass bibliothek/gui/dock/DockHierarchyLock
instanceKlass bibliothek/gui/dock/accept/MultiDockAcceptance
instanceKlass bibliothek/gui/dock/event/DockableAdapter
instanceKlass bibliothek/gui/dock/event/DockableListener
instanceKlass bibliothek/gui/dock/title/DockTitleEvent
instanceKlass bibliothek/gui/dock/event/DockRegisterAdapter
instanceKlass bibliothek/gui/dock/component/DockComponentManager
instanceKlass bibliothek/gui/dock/control/KeyboardController
instanceKlass bibliothek/gui/dock/control/GlobalMouseDispatcher
instanceKlass bibliothek/gui/dock/control/focus/MouseFocusObserver
instanceKlass bibliothek/gui/dock/control/focus/FocusController
instanceKlass bibliothek/gui/dock/control/focus/FocusHistory
instanceKlass bibliothek/gui/dock/event/ControllerSetupListener
instanceKlass bibliothek/gui/dock/control/DockRelocator
instanceKlass bibliothek/gui/dock/control/DefaultDockControllerFactory
instanceKlass bibliothek/gui/DockUI$3
instanceKlass bibliothek/gui/DockUI$2
instanceKlass bibliothek/gui/dock/util/laf/Nimbus6u10$Listener
instanceKlass bibliothek/util/container/Single
instanceKlass bibliothek/gui/dock/util/laf/DefaultLookAndFeelColors$Listener
instanceKlass bibliothek/gui/dock/util/laf/AbstractLookAndFeelColors
instanceKlass bibliothek/gui/dock/themes/NoStackTheme$1
instanceKlass bibliothek/gui/dock/themes/NoStackTheme
instanceKlass bibliothek/gui/dock/action/view/ViewGenerator
instanceKlass bibliothek/gui/dock/station/span/SpanFactory
instanceKlass bibliothek/gui/dock/focus/DockableSelection
instanceKlass bibliothek/gui/dock/station/stack/StackDockComponentFactory
instanceKlass bibliothek/gui/dock/dockable/DockableMovingImageFactory
instanceKlass bibliothek/gui/dock/title/DockTitleFactory
instanceKlass bibliothek/gui/dock/station/DisplayerFactory
instanceKlass bibliothek/gui/dock/station/StationPaint
instanceKlass bibliothek/gui/dock/station/Combiner
instanceKlass bibliothek/gui/dock/event/UIListener
instanceKlass bibliothek/gui/dock/util/PropertyValue
instanceKlass bibliothek/gui/dock/themes/ColorScheme
instanceKlass bibliothek/gui/dock/themes/ThemeProperties
instanceKlass bibliothek/gui/dock/themes/ThemeMeta
instanceKlass bibliothek/gui/dock/themes/ThemePropertyFactory
instanceKlass bibliothek/gui/dock/themes/BasicTheme
instanceKlass bibliothek/gui/DockTheme
instanceKlass bibliothek/gui/DockUI$1
instanceKlass bibliothek/gui/dock/util/laf/LookAndFeelColorsListener
instanceKlass bibliothek/gui/dock/util/laf/LookAndFeelColors
instanceKlass bibliothek/gui/dock/themes/ThemeFactory
instanceKlass bibliothek/gui/DockUI
instanceKlass bibliothek/gui/dock/control/DockControllerFactory
instanceKlass bibliothek/gui/dock/control/focus/FocusRequest
instanceKlass bibliothek/gui/dock/event/DockTitleBindingListener
instanceKlass bibliothek/gui/dock/control/ControllerSetupCollection
instanceKlass bibliothek/gui/dock/perspective/PerspectiveElement
instanceKlass bibliothek/gui/dock/common/intern/CommonSingleDockableFactory
instanceKlass bibliothek/gui/dock/common/intern/DefaultCControlRegister$1
instanceKlass bibliothek/gui/dock/common/CStationContainerListener
instanceKlass bibliothek/gui/dock/common/intern/DefaultCControlRegister
instanceKlass bibliothek/extension/gui/dock/preference/PreferenceFactory$5
instanceKlass bibliothek/extension/gui/dock/preference/PreferenceFactory$4
instanceKlass bibliothek/extension/gui/dock/preference/PreferenceFactory$3
instanceKlass bibliothek/extension/gui/dock/preference/PreferenceFactory$2
instanceKlass bibliothek/extension/gui/dock/preference/PreferenceFactory$1
instanceKlass bibliothek/extension/gui/dock/preference/PreferenceFactory
instanceKlass bibliothek/extension/gui/dock/preference/PreferenceStorage$Node
instanceKlass bibliothek/extension/gui/dock/preference/PreferenceStorage
instanceKlass bibliothek/gui/dock/common/intern/CListenerCollection$8
instanceKlass bibliothek/gui/dock/common/intern/CListenerCollection$7
instanceKlass bibliothek/gui/dock/common/intern/CListenerCollection$6
instanceKlass bibliothek/gui/dock/common/intern/CListenerCollection$5
instanceKlass bibliothek/gui/dock/common/intern/CListenerCollection$4
instanceKlass bibliothek/gui/dock/common/intern/CListenerCollection$3
instanceKlass bibliothek/gui/dock/common/intern/CListenerCollection$2
instanceKlass bibliothek/gui/dock/common/intern/CListenerCollection$1
instanceKlass bibliothek/gui/dock/common/event/CDockableLocationListener
instanceKlass bibliothek/gui/dock/common/event/CVetoClosingListener
instanceKlass bibliothek/gui/dock/common/event/CDoubleClickListener
instanceKlass bibliothek/gui/dock/common/event/CKeyboardListener
instanceKlass bibliothek/gui/dock/common/event/CVetoFocusListener
instanceKlass bibliothek/gui/dock/common/event/CDockablePropertyListener
instanceKlass bibliothek/gui/dock/common/intern/CListenerCollection
instanceKlass bibliothek/gui/dock/support/util/ApplicationResourceManager
instanceKlass bibliothek/gui/dock/common/perspective/CStationPerspective
instanceKlass bibliothek/gui/dock/common/perspective/DefaultMissingPerspectiveFactory
instanceKlass bibliothek/gui/dock/action/DockAction
instanceKlass bibliothek/gui/dock/common/CControl$Access
instanceKlass bibliothek/gui/dock/common/MissingCDockableStrategy$3
instanceKlass bibliothek/gui/dock/common/MissingCDockableStrategy$2
instanceKlass bibliothek/gui/dock/common/MissingCDockableStrategy$1
instanceKlass bibliothek/gui/dock/common/MissingCDockableStrategy
instanceKlass bibliothek/gui/DockController
instanceKlass bibliothek/gui/dock/common/intern/MutableCControlRegister
instanceKlass bibliothek/gui/dock/common/intern/station/CommonDockStation
instanceKlass bibliothek/gui/dock/common/intern/CommonElement
instanceKlass bibliothek/gui/dock/common/intern/EfficientControlFactory
instanceKlass bibliothek/gui/dock/util/WindowProviderListener
instanceKlass com/altera/ui/app/base/BasicEditor$3
instanceKlass com/altera/ui/app/base/EditorTaskRunner$1
instanceKlass com/altera/sopceditor/app/sopcbuilder/SopcEnsembleEditor$7
instanceKlass com/altera/ui/app/base/ThreadRunner$PostRunnable
instanceKlass com/altera/ui/app/base/EditorTaskRunner
instanceKlass com/altera/sopceditor/tools/ipupgrade/IpUpgradeTool$1
instanceKlass com/altera/sopceditor/tools/saveandload/SaveAndLoadTool$1
instanceKlass com/altera/sopceditor/tools/saveandload/SaveAndLoadTool$2
instanceKlass com/altera/sopceditor/tools/saveandload/SaveAndLoadTool$ChangeDetector
instanceKlass javax/swing/filechooser/FileFilter
instanceKlass com/altera/sopceditor/tools/assignments/AssignmentsTool$1
instanceKlass com/altera/sopceditor/tools/elementdocs/ElementDocumentationTool$2
instanceKlass com/altera/sopceditor/tools/elementdocs/ElementObserver
instanceKlass com/altera/ui/util/TextPanel$5
instanceKlass com/altera/ui/util/TextPanel$4
instanceKlass com/altera/ui/util/TextPanel$3
instanceKlass com/altera/ui/util/TextPanel$2
instanceKlass com/altera/ui/util/TextPanel$1
instanceKlass com/altera/ui/util/TextPanel$8
instanceKlass javax/swing/event/HyperlinkListener
instanceKlass com/altera/sopceditor/tools/MessageViewer2$5
instanceKlass com/altera/sopceditor/tools/TreeExpander
instanceKlass com/altera/sopceditor/tools/MessageViewer2$RenderData
instanceKlass org/netbeans/swing/outline/EventBroadcaster
instanceKlass org/netbeans/swing/outline/ExtTreeWillExpandListener
instanceKlass javax/swing/tree/FixedHeightLayoutCache$SearchInfo
instanceKlass org/netbeans/swing/outline/ProxyTableModel
instanceKlass org/netbeans/swing/outline/DefaultOutlineModel
instanceKlass com/altera/sopceditor/tools/MessageViewer2$MessageRowModel
instanceKlass com/altera/sopcmodel/util/ParameterDescriptor$RangeChecker
instanceKlass javax/swing/TransferHandler$DropLocation
instanceKlass com/altera/sopcmodel/ensemble/LockedInterfacesValidator
instanceKlass org/netbeans/swing/outline/DefaultOutlineCellRenderer$ExpansionHandleBorder
instanceKlass com/altera/sopcmodel/ensemble/EnsembleMultiThreadIDValidator
instanceKlass com/altera/sopcmodel/ensemble/EnsembleSecurityValidator
instanceKlass com/altera/sopcmodel/ensemble/EnsembleAddressValidation
instanceKlass com/altera/sopcmodel/ensemble/EnsembleSystemPropagator$EnsembleSystemInfoEvaluator
instanceKlass com/altera/sopcmodel/util/SystemInfoPropagator
instanceKlass com/altera/sopcmodel/ensemble/EnsembleSystemPropagator$InteruptEvaluator
instanceKlass com/altera/sopcmodel/ensemble/EnsembleSystemPropagator$ClockResetEvaluator
instanceKlass java/awt/datatransfer/Transferable
instanceKlass com/altera/entityinterfaces/moduleext/AddressMap$Entry
instanceKlass com/altera/sopcmodel/ensemble/EnsembleSystemPropagator$MMEvaluator
instanceKlass com/altera/sopcmodel/ensemble/EnsembleSystemPropagator$CustomInstructionEvaluator
instanceKlass com/altera/sopcmodel/ensemble/EnsembleSystemPropagator$TristateInfoEvaluator
instanceKlass com/altera/sopcmodel/util/ISystemInfoTypeEvaluator
instanceKlass com/altera/sopcmodel/ensemble/EnsembleSystemPropagator
instanceKlass org/netbeans/swing/outline/TreePathSupport
instanceKlass org/netbeans/swing/outline/OutlineModel
instanceKlass org/netbeans/swing/etable/TableColumnSelector
instanceKlass com/altera/ui/components/ILinearSelectionBehavior
instanceKlass com/altera/sopcmodel/ensemble/EnsembleValidator
instanceKlass com/altera/ui/components/ILinearSelectionAdapter
instanceKlass org/netbeans/swing/outline/RenderDataProvider
instanceKlass org/netbeans/swing/outline/RowModel
instanceKlass com/altera/sopcmodel/ensemble/FixAndForwardLogger
instanceKlass com/altera/sopceditor/util/CountingMessageLogger
instanceKlass com/altera/entityinterfaces/message/IMessage
instanceKlass com/altera/sopceditor/util/EnsembleValidator
instanceKlass com/altera/sopceditor/util/EnsembleValidationMaster$ValidationRunner$1
instanceKlass com/altera/sopceditor/util/EnsembleValidationMaster$ValidationRunner
instanceKlass com/altera/sopceditor/tools/MessageViewerTool$2$1
instanceKlass com/altera/sopceditor/tools/MessageViewerTool$2
instanceKlass com/altera/sopceditor/tools/MessageViewerTool$4
instanceKlass com/altera/sopceditor/tools/MessageViewerTool$3
instanceKlass com/google/common/collect/Sets
instanceKlass com/altera/sopceditor/tools/MessageViewerTool$6
instanceKlass com/altera/sopceditor/tools/MessageViewerTool$1
instanceKlass com/altera/sopceditor/util/EnsembleValidationMaster$1
instanceKlass com/altera/sopceditor/util/EnsembleValidationMaster
instanceKlass com/altera/ui/ientity/presets/PresetEditor$12
instanceKlass com/altera/ui/ientity/presets/PresetEditor$11
instanceKlass com/altera/ui/ientity/presets/PresetEditor$6
instanceKlass com/altera/sopcmodel/util/IElementPreset
instanceKlass com/altera/ui/ientity/presets/PresetEditor$1
instanceKlass com/altera/ui/ientity/presets/PresetEditor$2
instanceKlass com/altera/sopcmodel/presets/ReadOnlyPresetManager
instanceKlass com/altera/sopceditor/tools/presets/ModuleObserver
instanceKlass com/altera/sopceditor/tools/presets/PresetsTool$2
instanceKlass com/altera/sopceditor/tools/presets/PresetsTool$3
instanceKlass com/altera/sopcmodel/presets/IPresetManager
instanceKlass com/altera/sopcmodel/presets/IReadOnlyPresetManager
instanceKlass com/altera/sopcmodel/util/ImageCreator
instanceKlass com/altera/sopcmodel/extensions/IGetImage
instanceKlass com/altera/sopceditor/tools/blockdiagram/BlockDiagramTool$1
instanceKlass com/altera/sopceditor/tools/inspector/InspectorTool$1
instanceKlass com/altera/sopceditor/tools/schematic/SchematicComponent$1
instanceKlass com/altera/sopceditor/tools/schematic/filter/ExclusiveEnsembleFilter
instanceKlass com/altera/sopceditor/tools/schematic/SchematicComponent$4
instanceKlass java/awt/print/Printable
instanceKlass com/altera/sopceditor/tools/schematic/lib/NlviewLibraryManager
instanceKlass com/altera/ui/app/IZoomableTool
instanceKlass com/altera/ui/app/ISystemSaveAware
instanceKlass com/altera/sopceditor/tools/connections/ConnectionsTool$2
instanceKlass com/altera/sopceditor/tools/connections/BurstAdapterDataWrangler
instanceKlass com/altera/sopceditor/tools/connections/DataWidthAdapterDataWrangler
instanceKlass com/altera/sopceditor/tools/connections/ClockCrossingAdapterDataWrangler
instanceKlass com/altera/sopceditor/tools/connections/ConnectionNameDataWrangler
instanceKlass com/altera/sopceditor/tools/connections/ConnectedDataWrangler
instanceKlass com/altera/sopceditor/tools/connections/ConnectionPointObserver
instanceKlass javax/swing/text/DefaultCaret$1
instanceKlass javax/swing/TimerQueue$1
instanceKlass javax/swing/TimerQueue
instanceKlass javax/swing/text/AbstractDocument$UndoRedoDocumentEvent
instanceKlass com/altera/sopceditor/tools/connections/ConnectionsTool$4
instanceKlass com/altera/sopceditor/tools/connections/ConnectionsTool$5
instanceKlass com/altera/sopceditor/tools/connections/ConnectableModel
instanceKlass com/altera/sopceditor/tools/fabric/RemoveFabricAssignmentAction$1
instanceKlass com/altera/sopceditor/tools/fabric/AssignmentValueDataWrangler
instanceKlass com/altera/sopceditor/tools/fabric/AssignmentNameDataWrangler
instanceKlass com/altera/sopceditor/tools/fabric/ElementIdentifierDataWrangler
instanceKlass com/altera/sopceditor/tools/fabric/FabricAssignmentsTool$2
instanceKlass com/altera/sopceditor/tools/fabric/FabricAssignmentsTool$1
instanceKlass com/altera/ui/ientity/elementeditor/AbstractParameterValue
instanceKlass com/altera/sopceditor/tools/generation/GenerationMessagesTool$2
instanceKlass com/altera/ui/ientity/messages/MessageIconProvider
instanceKlass com/altera/sopceditor/tools/generation/GenerationMessagesTool$3
instanceKlass com/altera/sopceditor/tools/generation/GenerationMessagesTool$FilterToggleActionListener
instanceKlass com/altera/sopceditor/tools/generation/GenerationMessagesTool$1$1
instanceKlass com/altera/sopceditor/tools/generation/GenerationMessagesTool$1
instanceKlass com/altera/ui/components/IMessageIconProvider
instanceKlass com/altera/sopceditor/tools/generation/GenerationMenuTool$4
instanceKlass com/altera/sopceditor/tools/generation/GenerationMenuTool$3
instanceKlass com/altera/sopceditor/tools/generation/GenerationMenuTool$2
instanceKlass com/altera/sopceditor/tools/generation/GenerationMenuTool$1
instanceKlass com/altera/ui/ientity/elementeditor/BasicElementEditor$4
instanceKlass com/altera/sopcmodel/extensions/IParameterGroups2$IDisplayAction
instanceKlass com/altera/ui/ientity/elementeditor/ParameterComponentFactory2$17
instanceKlass com/altera/ui/ientity/elementeditor/ParameterComponentFactory2$16
instanceKlass com/altera/ui/ientity/elementeditor/updaters/ComboBoxLegalRangeUpdater
instanceKlass com/altera/entityinterfaces/parameterext/IParameterRequestSystemInfo$1
instanceKlass com/altera/ui/ientity/elementeditor/ParameterUtil
instanceKlass com/altera/ui/ientity/elementeditor/BasicElementEditor$20
instanceKlass com/altera/ui/components/CollapseExpandIcon
instanceKlass com/altera/ui/ientity/elementeditor/BasicElementEditor$DisplayGroup$1
instanceKlass com/altera/ui/ientity/elementeditor/BasicElementEditor$DisplayGroup
instanceKlass com/altera/ip/customwidget/IWidgetProvider
instanceKlass com/altera/ui/util/KonamiCode
instanceKlass com/altera/ui/ientity/elementeditor/BasicElementEditor$3
instanceKlass com/altera/ui/ientity/presets/PresetEditor
instanceKlass com/altera/ui/ientity/elementeditor/SimpleValueSetter
instanceKlass com/altera/ui/ientity/elementeditor/DynamicRangeSystemInfoParameterValue$1
instanceKlass com/altera/ui/ientity/elementeditor/BasicElementEditor$1
instanceKlass com/altera/ui/ientity/elementeditor/ParameterValue
instanceKlass com/altera/ip/customwidget/IParameterAccessor
instanceKlass com/altera/sopceditor/tools/DeviceFamilyElement$1
instanceKlass com/altera/sopceditor/util/AbstractElement
instanceKlass com/altera/sopceditor/tools/DeviceFamilyTool$2
instanceKlass com/altera/sopceditor/tools/DeviceFamilyTool$1
instanceKlass com/altera/ui/ientity/elementeditor/BasicElementEditor
instanceKlass com/altera/ui/ientity/elementeditor/IReadOnlyDelegate
instanceKlass com/altera/ui/ientity/elementeditor/IValueSetter
instanceKlass com/altera/sopcmodel/extensions/IBasicElementEditor
instanceKlass com/altera/ui/ientity/elementeditor/ParameterComponentFactory2$ParameterUi
instanceKlass com/altera/ui/ientity/elementeditor/ParameterComponentFactory2$32
instanceKlass com/altera/ui/ientity/elementeditor/ParameterComponentFactory2$31
instanceKlass com/altera/ui/ientity/elementeditor/ParameterComponentFactory2$2
instanceKlass com/altera/sopcmodel/util/DisplayHintUtil
instanceKlass com/altera/sopcmodel/util/ParamUtils
instanceKlass com/altera/ui/ientity/elementeditor/converters/StringToObjectConverter
instanceKlass com/altera/ui/ientity/elementeditor/IParameterUi
instanceKlass com/altera/ui/ientity/elementeditor/ParameterComponentFactory2
instanceKlass com/altera/sopceditor/tools/ensembleparams/StubParameterValue
instanceKlass com/altera/sopceditor/tools/ensembleparams/RemoveInstanceParameterAction$1
instanceKlass com/altera/ui/components/columntable/ColumnTable$ColumnVisibilityListener
instanceKlass com/altera/ui/components/columntable/ColumnTable$2
instanceKlass com/altera/ui/components/columntable/ColumnTable$3
instanceKlass com/altera/ui/components/columntable/ColumnTable$4
instanceKlass com/altera/ui/components/columntable/IAboutToChangeTableListener
instanceKlass com/altera/sopceditor/tools/ensembleparams/wranglers/ParameterDescriptionDataWrangler
instanceKlass com/altera/sopceditor/tools/ensembleparams/wranglers/ParameterAllowedRangesDataWrangler
instanceKlass com/altera/sopceditor/tools/ensembleparams/wranglers/ParameterDefaultValueDataWrangler
instanceKlass com/altera/sopceditor/tools/ensembleparams/wranglers/ParameterTypeDataWrangler
instanceKlass com/altera/sopceditor/tools/ensembleparams/wranglers/ParameterDisplayNameDataWrangler
instanceKlass javax/swing/plaf/basic/BasicRadioButtonUI$KeyHandler
instanceKlass com/sun/java/swing/plaf/windows/WindowsIconFactory$RadioButtonIcon
instanceKlass com/altera/ui/components/columntable/DefaultUiWrangler
instanceKlass com/altera/sopceditor/tools/ensembleparams/wranglers/ParameterNameDataWrangler
instanceKlass com/altera/ui/components/columntable/TableColumnInfo
instanceKlass com/altera/sopceditor/tools/ensembleparams/InstanceParametersTool$1
instanceKlass com/altera/sopceditor/tools/ensembleparams/InstanceParametersTool$4
instanceKlass com/altera/sopceditor/tools/ensembleparams/InstanceParametersTool$3
instanceKlass com/altera/ui/ientity/elementeditor/IParameterValue
instanceKlass com/altera/sopceditor/tools/instrumentation/InstrumentationPanel$2
instanceKlass com/altera/sopceditor/tools/instrumentation/InstrumentationTableModel$1
instanceKlass com/altera/sopceditor/tools/instrumentation/PerformanceMonitorDataWrangler
instanceKlass com/altera/sopceditor/tools/instrumentation/FullyQualifiedNameDataWrangler
instanceKlass com/altera/sopceditor/tools/instrumentation/InstrumentationTool$1
instanceKlass javax/swing/JTable$SortManager
instanceKlass javax/swing/DefaultRowSorter$ModelWrapper
instanceKlass javax/swing/table/TableRowSorter$ComparableComparator
instanceKlass javax/swing/RowSorter
instanceKlass com/altera/sopceditor/tools/addressmap/AddressMapModel$AddressableConnection
instanceKlass org/noos/xing/mydoggy/plaf/ui/util/Colors
instanceKlass com/altera/sopceditor/tools/addressmap/AddressMapModel$1
instanceKlass com/altera/sopceditor/tools/addressmap/AddressMapModel$2$1
instanceKlass com/altera/sopceditor/tools/addressmap/AddressMapModel$2
instanceKlass com/altera/sopceditor/tools/addressmap/AddressMapModel$ColumnSortOrderFinder
instanceKlass com/altera/sopceditor/tools/addressmap/AddressMapTool$1
instanceKlass javax/swing/ButtonGroup
instanceKlass com/altera/sopceditor/tools/systemtable/ShowClockResetDomainsAction$2
instanceKlass com/altera/sopceditor/tools/systemtable/ShowClockResetDomainsAction$1
instanceKlass com/altera/sopceditor/tools/systemtable/ShowClockResetDomainsAction$DomainAdapter
instanceKlass com/altera/ui/components/columntable/IUiWrangler
instanceKlass com/altera/ui/components/columntable/IDataWrangler
instanceKlass com/altera/sopceditor/tools/systemtable/SystemTableTool$SelectionAwareActionManager
instanceKlass com/altera/ui/widgets/systemtable/SystemTable$ColumnVisibilityListener
instanceKlass com/altera/sopceditor/tools/systemtable/widgets/QsysConnectionColumnComponent$2
instanceKlass com/altera/sopceditor/tools/systemtable/widgets/QsysConnectionColumnComponent$1
instanceKlass com/altera/sopceditor/tools/systemtable/widgets/ConnectionMatrixModel$1
instanceKlass sun/awt/DefaultMouseInfoPeer
instanceKlass java/awt/peer/MouseInfoPeer
instanceKlass java/awt/MouseInfo
instanceKlass java/awt/Component$2
instanceKlass com/altera/ui/widgets/systemtable/TableColumnComponent$2
instanceKlass com/altera/ui/widgets/systemtable/TableColumnComponent$1
instanceKlass com/altera/sopceditor/tools/systemtable/widgets/PossibleConnection
instanceKlass com/altera/ui/widgets/systemtable/SystemTable$2
instanceKlass com/altera/ui/widgets/systemtable/SystemTable$3
instanceKlass com/altera/ui/widgets/systemtable/SystemTable$4
instanceKlass com/altera/ui/widgets/systemtable/IAboutToChangeTableListener
instanceKlass com/altera/sopceditor/tools/clockdomain/ClockDomainManager$1
instanceKlass com/altera/sopceditor/util/ModuleSortIndexComparator
instanceKlass com/altera/ui/widgets/systemtable/SystemTableModel$1$1
instanceKlass com/altera/ui/widgets/systemtable/SystemTableModel$1
instanceKlass com/altera/ui/widgets/systemtable/SystemTableModel$3
instanceKlass com/altera/sopceditor/tools/systemtable/SystemTableTool$5
instanceKlass com/altera/sopceditor/tools/systemtable/widgets/NameDataWrangler
instanceKlass com/altera/sopceditor/tools/systemtable/SystemTableTool$1
instanceKlass com/altera/sopceditor/tools/clockdomain/FilterManager
instanceKlass com/altera/sopceditor/tools/systemtable/widgets/OpcodeNameDataWrangler
instanceKlass com/altera/sopceditor/tools/systemtable/widgets/TagDataWrangler
instanceKlass com/altera/sopceditor/tools/systemtable/widgets/ConnectionPointFilter
instanceKlass com/altera/sopceditor/tools/systemtable/widgets/IConnectionPointFilter
instanceKlass com/altera/sopceditor/tools/systemtable/widgets/SecurityDataWrangler
instanceKlass com/altera/sopceditor/tools/systemtable/widgets/BaseAddressDataWrangler
instanceKlass com/altera/sopceditor/tools/systemtable/widgets/InputClockDataWrangler
instanceKlass javax/swing/plaf/basic/BasicComboBoxUI$DefaultKeySelectionManager
instanceKlass javax/swing/JComboBox$KeySelectionManager
instanceKlass javax/swing/plaf/basic/BasicComboBoxUI$ComboBoxLayoutManager
instanceKlass javax/swing/plaf/basic/BasicComboBoxUI$Handler
instanceKlass javax/swing/plaf/basic/BasicComboBoxEditor
instanceKlass javax/swing/ComboBoxEditor
instanceKlass javax/swing/plaf/basic/BasicComboPopup$Handler
instanceKlass javax/swing/plaf/basic/BasicListUI$Handler
instanceKlass javax/swing/ListCellRenderer
instanceKlass javax/swing/plaf/basic/BasicComboPopup$EmptyListModelClass
instanceKlass javax/swing/plaf/basic/ComboPopup
instanceKlass com/sun/java/swing/plaf/windows/WindowsComboBoxUI$2
instanceKlass javax/swing/AncestorNotifier
instanceKlass javax/swing/JComboBox$1
instanceKlass javax/swing/AbstractListModel
instanceKlass javax/swing/MutableComboBoxModel
instanceKlass javax/swing/ComboBoxModel
instanceKlass javax/swing/ListModel
instanceKlass javax/swing/event/ListDataListener
instanceKlass com/altera/ui/widgets/systemtable/ReadOnlyDataWrangler
instanceKlass com/altera/sopceditor/tools/systemtable/widgets/IConnectionColumnComponent
instanceKlass com/altera/sopceditor/tools/systemtable/widgets/AutoExportDataWrangler
instanceKlass com/altera/sopceditor/tools/systemtable/widgets/InterfaceExportDataWrangler
instanceKlass com/altera/sopceditor/tools/systemtable/widgets/ModuleEnabledDataWrangler
instanceKlass com/altera/ui/widgets/systemtable/TableColumnInfo
instanceKlass javax/swing/DefaultCellEditor$EditorDelegate
instanceKlass com/sun/java/swing/plaf/windows/WindowsIconFactory$CheckBoxIcon
instanceKlass com/altera/ui/widgets/systemtable/SystemTableEntry
instanceKlass com/altera/ui/widgets/systemtable/DefaultUiWrangler
instanceKlass com/altera/sopceditor/tools/systemtable/SystemTableTool$ToggleAction
instanceKlass com/altera/sopceditor/tools/systemtable/widgets/ConnectionMatrixModel
instanceKlass com/altera/ui/widgets/systemtable/IUiWrangler
instanceKlass com/altera/ui/widgets/systemtable/IDataWrangler
instanceKlass com/altera/sopceditor/tools/resetdomain/ResetDomainTree$1
instanceKlass com/altera/sopceditor/tools/resetdomain/ResetDomainTable$3
instanceKlass javax/swing/table/TableColumn
instanceKlass javax/swing/plaf/basic/BasicTableUI$Handler
instanceKlass javax/swing/plaf/basic/BasicTableHeaderUI$MouseInputHandler
instanceKlass javax/swing/plaf/basic/BasicTableHeaderUI$1
instanceKlass sun/swing/table/DefaultTableCellHeaderRenderer$EmptyIcon
instanceKlass javax/swing/JTable$$Lambda$26
instanceKlass javax/swing/JTable$$Lambda$25
instanceKlass javax/swing/JTable$$Lambda$24
instanceKlass javax/swing/JTable$$Lambda$23
instanceKlass javax/swing/JTable$$Lambda$22
instanceKlass javax/swing/JTable$$Lambda$21
instanceKlass javax/swing/JTable$$Lambda$20
instanceKlass javax/swing/JTable$$Lambda$19
instanceKlass javax/swing/JTable$$Lambda$18
instanceKlass javax/swing/JTable$$Lambda$17
instanceKlass javax/swing/JTable$$Lambda$16
instanceKlass javax/swing/table/DefaultTableColumnModel
instanceKlass javax/swing/table/TableColumnModel
instanceKlass javax/swing/table/TableCellRenderer
instanceKlass javax/swing/table/AbstractTableModel
instanceKlass javax/swing/table/TableModel
instanceKlass com/altera/sopceditor/tools/resetdomain/ResetDomainTool$1
instanceKlass javax/swing/event/RowSorterListener
instanceKlass javax/swing/event/ListSelectionListener
instanceKlass javax/swing/event/TableColumnModelListener
instanceKlass javax/swing/event/TableModelListener
instanceKlass javax/swing/plaf/basic/BasicSplitPaneUI$Handler
instanceKlass javax/swing/plaf/basic/BasicSplitPaneUI$BasicHorizontalLayoutManager
instanceKlass javax/swing/plaf/basic/BasicBorders$SplitPaneDividerBorder
instanceKlass javax/swing/plaf/basic/BasicSplitPaneDivider$DividerLayout
instanceKlass javax/swing/plaf/basic/BasicBorders$SplitPaneBorder
instanceKlass javax/swing/text/DefaultStyledDocument$AbstractChangeHandler
instanceKlass com/altera/sopceditor/tools/resetdomain/IStringBuilder
instanceKlass com/altera/sopceditor/tools/clockdomain/ClockDomainPane$1
instanceKlass com/altera/sopceditor/tools/clockdomain/Utility
instanceKlass com/altera/sopceditor/tools/clockdomain/IClockDomainConnection
instanceKlass javax/swing/plaf/basic/BasicToolBarUI$Handler
instanceKlass com/sun/java/swing/plaf/windows/WindowsBorders
instanceKlass javax/swing/JToolBar$DefaultToolBarLayout
instanceKlass com/altera/sopceditor/tools/clockdomain/IColorProvider
instanceKlass com/altera/sopceditor/tools/navigator/NavigationPane$NavigationPaneListener
instanceKlass com/altera/sopceditor/tools/navigator/NavigationPane$1
instanceKlass com/altera/sopceditor/tools/navigator/filter/ConnectionsFilter
instanceKlass com/altera/sopceditor/tools/navigator/group/ConnectionsGroup
instanceKlass com/altera/sopceditor/tools/navigator/group/IHierarchyGroup
instanceKlass com/altera/sopceditor/tools/navigator/NavigationPane$LazyEnsembleResolver$2
instanceKlass com/altera/sopceditor/tools/navigator/NavigationPane$LazyEnsembleResolver$3
instanceKlass com/altera/sopcmodel/util/ElementUtils
instanceKlass com/altera/entityinterfaces/moduleext/IElementValidateWithParent
instanceKlass com/altera/sopcmodel/util/MessageLogger
instanceKlass com/altera/sopcmodel/ensemble/BorderPointBuilder
instanceKlass com/altera/entityinterfaces/IPort
instanceKlass com/altera/sopcmodel/components/tclmodule/LiveModuleBase
instanceKlass com/altera/sopcmodel/extensions/IInterfaceUpgradeMapping
instanceKlass com/altera/sopcmodel/extensions/IGeneratedDeviceFamilyCompatibility
instanceKlass com/altera/sopcmodel/util/IModuleGetPackageVersion
instanceKlass com/altera/sopcmodel/extensions/IGetMode
instanceKlass com/altera/sopcmodel/extensions/IQipStringExtension
instanceKlass com/altera/sopcmodel/extensions/IOpaqueAddressMap
instanceKlass com/altera/entityinterfaces/etcprivate/IModuleGetDirectConstants
instanceKlass com/altera/entityinterfaces/etcprivate/moduleext/simulation/IModuleGetDirectPaths
instanceKlass com/altera/entityinterfaces/moduleext/ITerminatedPortsPtfPresence
instanceKlass com/altera/entityinterfaces/moduleext/ITerminatedPorts
instanceKlass com/altera/sopcmodel/components/tclmodule/LiveModuleUtils$IFileInfoListThingie
instanceKlass com/altera/sopcmodel/ptf/IModuleImportPTF
instanceKlass com/altera/sopcmodel/extensions/IModuleProvideQipFiles
instanceKlass com/altera/entityinterfaces/moduleext/IGetFixedHdlName
instanceKlass com/altera/entityinterfaces/moduleext/ISetDeviceFamily
instanceKlass com/altera/sopceditor/tools/navigator/NavigationPane$LazyEnsembleResolver
instanceKlass com/altera/sopceditor/tools/navigator/filter/IHierarchyFilter
instanceKlass com/altera/qsys/ui/path/EntityPath
instanceKlass com/altera/qsys/ui/selection/SystemPathSelection
instanceKlass com/altera/qsys/ui/selection/ISystemPathSelection
instanceKlass com/altera/sopceditor/tools/systemtable/widgets/ConnectionMenuModel
instanceKlass com/altera/sopceditor/tools/navigator/node/resolver/ILazyResolver
instanceKlass com/altera/sopceditor/tools/TreeExpander$TreeAdapter
instanceKlass com/altera/sopceditor/tools/navigator/NavigatorTool$1
instanceKlass com/altera/ui/app/base/EmptySelection
instanceKlass com/altera/ui/app/ISelection
instanceKlass com/altera/ui/app/base/SelectionProvider
instanceKlass com/altera/componenteditor/util/HelpUtil
instanceKlass com/altera/ui/util/weblauncher/IWebBrowserLauncher
instanceKlass com/altera/sopceditor/util/EditorUiUtils
instanceKlass com/altera/sopceditor/tools/library/ModuleLibraryTool$1
instanceKlass com/altera/sopceditor/tools/library/ModuleLibraryAction$1
instanceKlass com/altera/sopceditor/tools/library/librarypanel/EnsembleLibraryPanel$1
instanceKlass com/altera/sopceditor/tools/library/librarypanel/EnsembleLibraryPanel$3
instanceKlass com/altera/sopceditor/tools/library/librarypanel/EnsembleLibraryPanel$2
instanceKlass com/altera/sopceditor/tools/library/librarypanel/LibraryPanel$10
instanceKlass com/altera/sopceditor/tools/library/librarypanel/LibraryPanel$ExpandedCategoryListener
instanceKlass javax/swing/plaf/basic/BasicScrollPaneUI$Handler
instanceKlass java/awt/event/ComponentAdapter
instanceKlass javax/swing/plaf/basic/BasicScrollBarUI$ScrollListener
instanceKlass javax/swing/plaf/basic/BasicScrollBarUI$Handler
instanceKlass javax/swing/plaf/basic/BasicScrollBarUI$ModelListener
instanceKlass sun/java2d/loops/GraphicsPrimitiveMgr$PrimitiveSpec
instanceKlass sun/java2d/loops/GraphicsPrimitiveMgr$2
instanceKlass sun/java2d/loops/GraphicsPrimitiveMgr$1
instanceKlass sun/java2d/loops/GeneralRenderer
instanceKlass sun/java2d/loops/CustomComponent
instanceKlass sun/java2d/pipe/ValidatePipe
instanceKlass java/awt/BasicStroke
instanceKlass java/awt/AlphaComposite
instanceKlass sun/java2d/loops/XORComposite
instanceKlass java/awt/Composite
instanceKlass sun/awt/ConstrainableGraphics
instanceKlass sun/java2d/loops/GraphicsPrimitiveMgr
instanceKlass sun/java2d/loops/GraphicsPrimitive
instanceKlass sun/java2d/loops/CompositeType
instanceKlass sun/java2d/DefaultDisposerRecord
instanceKlass sun/java2d/loops/RenderLoops
instanceKlass sun/awt/image/BufImgSurfaceData$ICMColorData
instanceKlass com/sun/java/swing/plaf/windows/WindowsScrollBarUI$Grid
instanceKlass javax/swing/JScrollBar$ModelListener
instanceKlass java/awt/Adjustable
instanceKlass javax/swing/ViewportLayout
instanceKlass javax/swing/ScrollPaneLayout
instanceKlass com/altera/sopceditor/tools/library/librarypanel/LibraryPanel$6
instanceKlass java/beans/VetoableChangeListener
instanceKlass javax/swing/event/AncestorListener
instanceKlass javax/swing/plaf/basic/BasicButtonListener
instanceKlass com/altera/ui/app/base/BasicDocumentListener
instanceKlass net/miginfocom/layout/CC
instanceKlass javax/accessibility/AccessibleStateSet
instanceKlass java/awt/im/InputContext
instanceKlass java/awt/im/InputMethodRequests
instanceKlass java/awt/Event
instanceKlass java/awt/BufferCapabilities
instanceKlass java/awt/PointerInfo
instanceKlass java/io/ObjectStreamConstants
instanceKlass java/awt/Stroke
instanceKlass net/miginfocom/swing/SwingComponentWrapper
instanceKlass com/altera/ui/components/SearchPanel$1
instanceKlass javax/swing/JTextField$ScrollRepainter
instanceKlass javax/swing/DefaultBoundedRangeModel
instanceKlass javax/swing/BoundedRangeModel
instanceKlass javax/swing/plaf/synth/SynthUI
instanceKlass javax/swing/plaf/synth/SynthConstants
instanceKlass javax/swing/text/JTextComponent$DefaultKeymap
instanceKlass javax/swing/text/Keymap
instanceKlass javax/swing/text/DefaultHighlighter$SafeDamager
instanceKlass javax/swing/text/Highlighter$Highlight
instanceKlass javax/swing/text/LayeredHighlighter
instanceKlass javax/swing/text/Highlighter
instanceKlass javax/swing/text/DefaultCaret$Handler
instanceKlass java/awt/datatransfer/ClipboardOwner
instanceKlass javax/swing/text/Caret
instanceKlass javax/swing/plaf/basic/BasicTextUI$UpdateHandler
instanceKlass javax/swing/text/JTextComponent$1
instanceKlass sun/swing/SwingAccessor$JTextComponentAccessor
instanceKlass com/altera/sopceditor/tools/library/librarypanel/LibraryPanel$4
instanceKlass javax/swing/event/DocumentListener
instanceKlass javax/swing/JTree$TreeSelectionRedirector
instanceKlass com/altera/sopceditor/tools/library/librarypanel/LibraryPanel$3
instanceKlass java/io/RandomAccessFile$1
instanceKlass javax/swing/event/TreeWillExpandListener
instanceKlass java/util/Vector$1
instanceKlass javax/swing/tree/DefaultMutableTreeNode$PreorderEnumeration
instanceKlass java/text/BreakIterator
instanceKlass javax/swing/text/Utilities
instanceKlass javax/swing/text/GlyphView$GlyphPainter
instanceKlass javax/swing/SizeRequirements
instanceKlass javax/swing/text/TabableView
instanceKlass javax/swing/text/FlowView$FlowStrategy
instanceKlass javax/swing/text/TabExpander
instanceKlass javax/swing/text/html/StyleSheet$1
instanceKlass javax/swing/text/html/CSSBorder$StrokePainter
instanceKlass javax/swing/text/html/CSSBorder$SolidPainter
instanceKlass javax/swing/text/html/CSSBorder$NullPainter
instanceKlass javax/swing/text/html/CSSBorder$BorderPainter
instanceKlass javax/swing/text/html/StyleSheet$BoxPainter
instanceKlass javax/swing/text/html/StyleSheet$SearchBuffer
instanceKlass javax/swing/text/html/MuxingAttributeSet
instanceKlass javax/swing/text/View
instanceKlass javax/swing/text/GapContent$UndoPosRef
instanceKlass javax/swing/text/Segment
instanceKlass java/text/CharacterIterator
instanceKlass javax/swing/text/SegmentCache
instanceKlass javax/swing/event/DocumentEvent$ElementChange
instanceKlass javax/swing/text/DefaultStyledDocument$ElementBuffer$ElemChanges
instanceKlass javax/swing/text/DefaultStyledDocument$ElementSpec
instanceKlass javax/swing/text/html/parser/ContentModelState
instanceKlass javax/swing/text/html/parser/TagStack
instanceKlass javax/swing/text/html/parser/TagElement
instanceKlass javax/swing/text/html/parser/Parser
instanceKlass javax/swing/text/html/HTMLDocument$HTMLReader$TagAction
instanceKlass javax/swing/text/html/HTMLEditorKit$ParserCallback
instanceKlass javax/swing/text/html/parser/AttributeList
instanceKlass javax/swing/text/html/parser/ContentModel
instanceKlass javax/swing/text/html/parser/ParserDelegator$1
instanceKlass javax/swing/text/html/parser/Entity
instanceKlass javax/swing/text/html/parser/Element
instanceKlass javax/swing/text/html/parser/DTD
instanceKlass javax/swing/text/html/parser/DTDConstants
instanceKlass javax/swing/text/html/HTMLEditorKit$Parser
instanceKlass javax/swing/event/DocumentEvent$EventType
instanceKlass javax/swing/event/DocumentEvent
instanceKlass javax/swing/text/DefaultStyledDocument$ElementBuffer
instanceKlass javax/swing/text/GapContent$StickyPosition
instanceKlass javax/swing/text/Position
instanceKlass javax/swing/text/AbstractDocument$1
instanceKlass javax/swing/text/AbstractDocument$AbstractElement
instanceKlass javax/swing/text/Element
instanceKlass javax/swing/text/GapVector
instanceKlass javax/swing/text/AbstractDocument$Content
instanceKlass javax/swing/text/AbstractDocument
instanceKlass javax/swing/text/StyledDocument
instanceKlass javax/swing/text/Document
instanceKlass javax/swing/text/html/CSS$ShorthandMarginParser
instanceKlass javax/swing/text/html/CSS$LengthUnit
instanceKlass javax/swing/text/html/HTMLEditorKit$1
instanceKlass javax/swing/text/StyleContext$KeyEnumeration
instanceKlass javax/swing/text/html/CSSParser
instanceKlass javax/swing/text/html/StyleSheet$CssParser
instanceKlass javax/swing/text/html/CSSParser$CSSParserCallback
instanceKlass javax/swing/text/html/StyleSheet$SelectorMapping
instanceKlass java/util/Collections$3
instanceKlass javax/swing/text/StyleContext$SmallAttributeSet
instanceKlass javax/swing/text/html/CSS$CssValue
instanceKlass javax/swing/text/html/CSS$Value
instanceKlass javax/swing/text/html/CSS$Attribute
instanceKlass javax/swing/text/html/CSS
instanceKlass javax/swing/text/StyleContext$NamedStyle
instanceKlass javax/swing/text/Style
instanceKlass javax/swing/text/StyleContext$FontKey
instanceKlass javax/swing/text/Position$Bias
instanceKlass javax/swing/text/SimpleAttributeSet$EmptyAttributeSet
instanceKlass javax/swing/text/SimpleAttributeSet
instanceKlass javax/swing/text/MutableAttributeSet
instanceKlass javax/swing/text/AttributeSet
instanceKlass javax/swing/text/StyledEditorKit$AttributeTracker
instanceKlass javax/swing/text/html/HTML$Attribute
instanceKlass javax/swing/text/AttributeSet$ParagraphAttribute
instanceKlass javax/swing/text/AttributeSet$ColorAttribute
instanceKlass javax/swing/text/AttributeSet$FontAttribute
instanceKlass javax/swing/text/AttributeSet$CharacterAttribute
instanceKlass javax/swing/text/StyleConstants
instanceKlass javax/swing/text/StyleContext
instanceKlass javax/swing/text/AbstractDocument$AttributeContext
instanceKlass javax/swing/text/html/HTML
instanceKlass javax/swing/text/html/HTML$Tag
instanceKlass javax/swing/text/LayeredHighlighter$LayerPainter
instanceKlass javax/swing/text/Highlighter$HighlightPainter
instanceKlass javax/swing/event/CaretListener
instanceKlass javax/swing/text/StyledEditorKit$StyledViewFactory
instanceKlass javax/swing/text/EditorKit
instanceKlass javax/swing/text/html/HTMLEditorKit$HTMLFactory
instanceKlass javax/swing/text/ViewFactory
instanceKlass sun/font/CMap
instanceKlass sun/font/FontScaler
instanceKlass sun/font/StrikeCache$DisposableStrike
instanceKlass sun/font/FontStrikeDisposer
instanceKlass sun/java2d/Disposer$PollDisposable
instanceKlass sun/font/FontStrikeDesc
instanceKlass sun/font/FontDesignMetrics$MetricsKey
instanceKlass java/awt/FontMetrics
instanceKlass javax/swing/JTree$TreeModelHandler
instanceKlass javax/swing/AbstractCellEditor
instanceKlass javax/swing/tree/TreeCellEditor
instanceKlass javax/swing/table/TableCellEditor
instanceKlass javax/swing/CellEditor
instanceKlass javax/swing/tree/AbstractLayoutCache$NodeDimensions
instanceKlass javax/swing/tree/AbstractLayoutCache
instanceKlass javax/swing/tree/RowMapper
instanceKlass sun/awt/shell/ShellFolder$4
instanceKlass sun/awt/shell/ShellFolder$3
instanceKlass sun/awt/shell/Win32ShellFolderManager2$ComInvoker$2
instanceKlass sun/awt/shell/Win32ShellFolderManager2$ComInvoker$1
instanceKlass java/util/concurrent/Executors$DefaultThreadFactory
instanceKlass java/util/concurrent/Executors
instanceKlass java/util/concurrent/LinkedBlockingQueue$Node
instanceKlass java/util/concurrent/BlockingQueue
instanceKlass java/util/concurrent/ThreadPoolExecutor$AbortPolicy
instanceKlass java/util/concurrent/RejectedExecutionHandler
instanceKlass java/util/concurrent/AbstractExecutorService
instanceKlass java/util/concurrent/ExecutorService
instanceKlass java/util/concurrent/Executor
instanceKlass sun/awt/shell/ShellFolder$Invoker
instanceKlass java/util/concurrent/ThreadFactory
instanceKlass sun/awt/shell/ShellFolderManager
instanceKlass sun/awt/image/GifFrame
instanceKlass sun/swing/SwingUtilities2$2$1
instanceKlass javax/swing/TransferHandler$TransferSupport
instanceKlass javax/swing/TransferHandler$DropHandler
instanceKlass java/awt/datatransfer/SystemFlavorMap$SoftCache
instanceKlass java/awt/datatransfer/SystemFlavorMap
instanceKlass java/awt/datatransfer/FlavorTable
instanceKlass java/awt/datatransfer/FlavorMap
instanceKlass java/awt/dnd/DropTargetContext
instanceKlass javax/swing/ClientPropertyKey$1
instanceKlass sun/awt/AWTAccessor$ClientPropertyKeyAccessor
instanceKlass javax/swing/plaf/basic/BasicTreeUI$Handler
instanceKlass javax/swing/plaf/basic/DragRecognitionSupport$BeforeDrag
instanceKlass javax/swing/event/TreeModelListener
instanceKlass javax/swing/event/CellEditorListener
instanceKlass javax/swing/TransferHandler
instanceKlass javax/swing/tree/TreePath
instanceKlass javax/swing/DefaultListSelectionModel
instanceKlass javax/swing/ListSelectionModel
instanceKlass javax/swing/tree/DefaultTreeSelectionModel
instanceKlass javax/swing/tree/TreeSelectionModel
instanceKlass javax/swing/tree/DefaultTreeModel
instanceKlass com/altera/sopceditor/tools/library/librarypanel/ComponentEditorLibraryEntry
instanceKlass java/util/TimSort
instanceKlass com/altera/sopceditor/tools/library/librarypanel/LibraryTreeUtil$1
instanceKlass com/google/common/collect/Lists
instanceKlass com/altera/sopceditor/tools/library/LibraryUtil
instanceKlass java/util/Collections$EmptyEnumeration
instanceKlass javax/swing/tree/DefaultMutableTreeNode
instanceKlass javax/swing/tree/MutableTreeNode
instanceKlass javax/swing/tree/TreeNode
instanceKlass com/altera/sopceditor/tools/library/librarypanel/LibraryTreeUtil
instanceKlass com/altera/sopclibrary/conan/Conan
instanceKlass com/altera/librarianinterfaces/IModifiableLibrarian
instanceKlass java/awt/Component$3
instanceKlass com/altera/librarianinterfaces/ICatalogListener
instanceKlass javax/swing/event/TreeExpansionListener
instanceKlass javax/swing/ScrollPaneConstants
instanceKlass javax/swing/Scrollable
instanceKlass com/altera/ui/components/SearchPanel$IFilterListener
instanceKlass javax/swing/tree/TreeCellRenderer
instanceKlass javax/swing/event/TreeSelectionListener
instanceKlass javax/swing/tree/TreeModel
instanceKlass net/miginfocom/layout/ResizeConstraint
instanceKlass net/miginfocom/layout/DimConstraint
instanceKlass net/miginfocom/layout/AC
instanceKlass net/miginfocom/layout/LC
instanceKlass net/miginfocom/layout/ConstraintParser
instanceKlass net/miginfocom/layout/BoundSize
instanceKlass net/miginfocom/layout/UnitConverter
instanceKlass com/sun/beans/finder/InstanceFinder
instanceKlass java/beans/WeakIdentityMap
instanceKlass java/beans/ThreadGroupContext
instanceKlass java/beans/Beans
instanceKlass java/beans/ExceptionListener
instanceKlass net/miginfocom/layout/LayoutUtil
instanceKlass java/beans/PersistenceDelegate
instanceKlass java/io/ObjectInput
instanceKlass java/io/ObjectOutput
instanceKlass net/miginfocom/layout/UnitValue
instanceKlass net/miginfocom/layout/PlatformDefaults
instanceKlass net/miginfocom/layout/ContainerWrapper
instanceKlass net/miginfocom/layout/ComponentWrapper
instanceKlass net/miginfocom/swing/MigLayout
instanceKlass java/io/Externalizable
instanceKlass com/altera/ui/app/IToolPreferencesUi
instanceKlass com/altera/sopceditor/tools/library/librarypanel/ILibraryActionCallback
instanceKlass com/altera/sopcmodel/extensions/IGetIcon
instanceKlass com/altera/ui/app/INotificationListener
instanceKlass com/altera/qsys/actions/blackbox/ReplaceModuleWithBlackBoxAction$1
instanceKlass com/altera/sopceditor/actions/hierarchy/pull/PullIntoParentSystemAction$1
instanceKlass com/altera/sopceditor/actions/hierarchy/push/PushIntoSubsystemAction$1
instanceKlass com/altera/sopceditor/actions/hierarchy/push/PushIntoNewSubsystemAction$1
instanceKlass com/altera/sopceditor/actions/DrillIntoSelectionAction$1
instanceKlass com/altera/sopceditor/actions/AddChildSubSystemAction$1
instanceKlass com/altera/sopceditor/actions/AddNewSubSystemAction$1
instanceKlass sun/awt/image/PNGImageDecoder$Chromaticities
instanceKlass com/altera/sopceditor/tools/EditableListener
instanceKlass com/altera/sopceditor/tools/SopcEditorTool$2
instanceKlass com/altera/ui/app/base/AbstractEditorTool
instanceKlass com/altera/sopceditor/util/IEnsembleGetter
instanceKlass com/altera/sopceditor/tools/EditableModel
instanceKlass com/altera/sopceditor/app/qsys/recentprojects/RecentProjectsManager
instanceKlass java/awt/event/WindowAdapter
instanceKlass com/sun/java/swing/plaf/windows/WindowsPopupMenuUI$MnemonicListener
instanceKlass java/awt/event/FocusAdapter
instanceKlass javax/swing/plaf/basic/BasicPopupMenuUI$MenuKeyboardHelper
instanceKlass javax/swing/MenuSelectionManager
instanceKlass javax/swing/plaf/basic/BasicPopupMenuUI$MouseGrabber
instanceKlass javax/swing/plaf/basic/BasicPopupMenuUI$BasicMenuKeyListener
instanceKlass javax/swing/plaf/basic/BasicPopupMenuUI$BasicPopupMenuListener
instanceKlass javax/swing/event/PopupMenuListener
instanceKlass javax/swing/plaf/basic/BasicLookAndFeel$1
instanceKlass java/awt/Toolkit$SelectiveAWTEventListener
instanceKlass javax/swing/plaf/basic/BasicLookAndFeel$AWTEventHelper
instanceKlass javax/swing/Popup
instanceKlass javax/swing/ActionPropertyChangeListener
instanceKlass com/sun/java/swing/plaf/windows/WindowsIconFactory$MenuItemArrowIcon
instanceKlass com/sun/java/swing/plaf/windows/WindowsMenuItemUI$1
instanceKlass sun/reflect/ClassDefiner$1
instanceKlass sun/reflect/ClassDefiner
instanceKlass sun/reflect/MethodAccessorGenerator$1
instanceKlass sun/reflect/Label$PatchInfo
instanceKlass sun/reflect/Label
instanceKlass sun/reflect/UTF8
instanceKlass sun/reflect/ClassFileAssembler
instanceKlass sun/reflect/ByteVectorImpl
instanceKlass sun/reflect/ByteVector
instanceKlass sun/reflect/ByteVectorFactory
instanceKlass sun/reflect/AccessorGenerator
instanceKlass sun/reflect/ClassFileConstants
instanceKlass com/altera/ui/app/base/ActionMenuListener
instanceKlass javax/swing/plaf/basic/BasicMenuItemUI$Handler
instanceKlass javax/swing/event/MenuDragMouseListener
instanceKlass javax/swing/plaf/basic/BasicMenuUI$MouseInputHandler
instanceKlass javax/swing/event/MouseInputListener
instanceKlass javax/swing/plaf/basic/BasicHTML
instanceKlass sun/swing/MenuItemLayoutHelper
instanceKlass javax/swing/plaf/basic/BasicGraphicsUtils
instanceKlass com/sun/java/swing/plaf/windows/WindowsIconFactory$MenuArrowIcon
instanceKlass com/sun/java/swing/plaf/windows/WindowsMenuUI$1
instanceKlass com/sun/java/swing/plaf/windows/WindowsMenuItemUIAccessor
instanceKlass javax/swing/JMenuItem$MenuItemFocusListener
instanceKlass javax/swing/JMenu$MenuChangeListener
instanceKlass javax/swing/AbstractButton$Handler
instanceKlass javax/swing/DefaultButtonModel
instanceKlass javax/swing/ButtonModel
instanceKlass sun/swing/UIAction
instanceKlass javax/swing/KeyboardManager
instanceKlass javax/swing/plaf/basic/BasicMenuBarUI$Handler
instanceKlass java/awt/AWTEventMulticaster
instanceKlass java/awt/event/TextListener
instanceKlass java/awt/event/AdjustmentListener
instanceKlass java/awt/event/ItemListener
instanceKlass java/awt/event/WindowStateListener
instanceKlass java/awt/event/WindowFocusListener
instanceKlass java/awt/event/WindowListener
instanceKlass java/awt/event/ContainerListener
instanceKlass com/sun/java/swing/plaf/windows/WindowsMenuBarUI$2
instanceKlass javax/swing/plaf/basic/BasicBorders
instanceKlass javax/swing/BoxLayout
instanceKlass javax/swing/DefaultSingleSelectionModel
instanceKlass javax/swing/SingleSelectionModel
instanceKlass javax/swing/ActionMap
instanceKlass javax/swing/InputMap
instanceKlass javax/swing/LayoutComparator
instanceKlass java/util/function/IntUnaryOperator
instanceKlass java/util/function/IntToDoubleFunction
instanceKlass java/util/function/IntFunction
instanceKlass java/util/function/IntToLongFunction
instanceKlass java/util/function/LongBinaryOperator
instanceKlass java/util/function/IntBinaryOperator
instanceKlass java/util/function/DoubleBinaryOperator
instanceKlass java/util/function/BinaryOperator
instanceKlass java/util/stream/LongStream
instanceKlass java/util/stream/DoubleStream
instanceKlass java/util/stream/Stream
instanceKlass java/util/stream/IntStream
instanceKlass java/util/stream/BaseStream
instanceKlass java/util/Spliterator$OfDouble
instanceKlass java/util/Spliterator$OfInt
instanceKlass java/util/Spliterator$OfLong
instanceKlass java/util/Spliterator$OfPrimitive
instanceKlass java/util/Spliterator
instanceKlass javax/swing/SortingFocusTraversalPolicy$1
instanceKlass javax/swing/RepaintManager$PaintManager
instanceKlass javax/swing/JRootPane$RootLayout
instanceKlass com/sun/java/swing/SwingUtilities3
instanceKlass javax/swing/RepaintManager$ProcessingRunnable
instanceKlass sun/font/TrueTypeFont$DirectoryEntry
instanceKlass java/nio/DirectByteBuffer$Deallocator
instanceKlass sun/nio/ch/Util$BufferCache
instanceKlass sun/nio/ch/Util$2
instanceKlass sun/nio/ch/Util
instanceKlass sun/nio/ch/IOStatus
instanceKlass sun/nio/ch/NativeThread
instanceKlass java/nio/channels/spi/AbstractInterruptibleChannel$1
instanceKlass sun/nio/ch/FileDispatcherImpl$1
instanceKlass sun/nio/ch/NativeDispatcher
instanceKlass sun/nio/ch/NativeThreadSet
instanceKlass sun/nio/ch/IOUtil$1
instanceKlass sun/nio/ch/IOUtil
instanceKlass java/nio/file/attribute/FileAttribute
instanceKlass java/nio/channels/spi/AbstractInterruptibleChannel
instanceKlass java/nio/channels/InterruptibleChannel
instanceKlass java/nio/channels/ScatteringByteChannel
instanceKlass java/nio/channels/GatheringByteChannel
instanceKlass java/nio/channels/SeekableByteChannel
instanceKlass java/nio/channels/ByteChannel
instanceKlass java/nio/channels/WritableByteChannel
instanceKlass java/nio/channels/ReadableByteChannel
instanceKlass java/nio/channels/Channel
instanceKlass java/io/RandomAccessFile
instanceKlass sun/font/TrueTypeFont$1
instanceKlass sun/font/TrueTypeFont$TTDisposerRecord
instanceKlass sun/font/SunFontManager$5
instanceKlass sun/font/SunFontManager$FamilyDescription
instanceKlass sun/awt/Win32FontManager$2
instanceKlass sun/font/SunFontManager$3
instanceKlass sun/font/FontFamily
instanceKlass sun/font/Font2DHandle
instanceKlass sun/font/CompositeFontDescriptor
instanceKlass sun/font/SunFontManager$FontRegistrationInfo
instanceKlass sun/awt/FontDescriptor
instanceKlass sun/awt/FontConfiguration
instanceKlass sun/font/SunFontManager$2
instanceKlass sun/awt/Win32FontManager$1
instanceKlass sun/font/GlyphList
instanceKlass sun/font/StrikeCache$1
instanceKlass sun/font/StrikeCache
instanceKlass sun/font/FontStrike
instanceKlass sun/font/CharToGlyphMapper
instanceKlass java/awt/geom/Path2D
instanceKlass sun/font/StrikeMetrics
instanceKlass sun/font/Font2D
instanceKlass sun/font/FontManagerNativeLibrary$1
instanceKlass sun/font/FontManagerNativeLibrary
instanceKlass sun/font/SunFontManager$1
instanceKlass sun/font/SunFontManager$T1Filter
instanceKlass sun/font/SunFontManager$TTFilter
instanceKlass sun/font/SunFontManager
instanceKlass sun/font/FontManagerForSGE
instanceKlass sun/font/FontManager
instanceKlass sun/java2d/FontSupport
instanceKlass sun/font/FontManagerFactory$1
instanceKlass sun/font/FontManagerFactory
instanceKlass sun/reflect/misc/Trampoline
instanceKlass sun/reflect/misc/MethodUtil$1
instanceKlass java/awt/FlowLayout
instanceKlass java/awt/Window$WindowDisposerRecord
instanceKlass java/awt/BorderLayout
instanceKlass java/awt/LayoutManager2
instanceKlass sun/awt/image/SurfaceManager$ProxiedGraphicsConfig
instanceKlass sun/java2d/pipe/hw/AccelGraphicsConfig
instanceKlass sun/java2d/pipe/hw/BufferedContextProvider
instanceKlass sun/java2d/pipe/BufferedContext
instanceKlass sun/java2d/pipe/hw/ContextCapabilities
instanceKlass sun/java2d/d3d/D3DGraphicsDevice$1
instanceKlass sun/java2d/d3d/D3DGraphicsDevice$1Result
instanceKlass sun/java2d/d3d/D3DRenderQueue$1
instanceKlass sun/java2d/pipe/RenderBuffer
instanceKlass sun/java2d/pipe/RenderQueue
instanceKlass sun/misc/PerfCounter$WindowsClientCounters
instanceKlass java/awt/GraphicsDevice
instanceKlass java/awt/Cursor$1
instanceKlass sun/awt/AWTAccessor$CursorAccessor
instanceKlass java/awt/Frame$1
instanceKlass sun/awt/AWTAccessor$FrameAccessor
instanceKlass java/awt/Window$1
instanceKlass sun/awt/AWTAccessor$WindowAccessor
instanceKlass com/altera/ui/quartus/quickini/QuickIni
instanceKlass com/altera/ui/quartus/Quartus2IniUtils
instanceKlass java/awt/EventQueue$1AWTInvocationLock
instanceKlass com/altera/ui/app/base/BasicEditor$1
instanceKlass com/altera/sopceditor/app/sopcbuilder/SopcEnsembleEditor$1
instanceKlass com/altera/sopceditor/util/FilterRule
instanceKlass com/altera/sopceditor/util/SystemTableRuleFilter$1
instanceKlass com/altera/sopcmodel/missing/IMissingConnection
instanceKlass com/altera/ui/widgets/systemtable/ISystemTableFilter$IFilterChangeListener
instanceKlass com/altera/sopceditor/util/SystemTableRuleFilter
instanceKlass com/altera/ui/widgets/systemtable/ISystemTableFilter
instanceKlass com/altera/sopceditor/util/SystemTableFilterUtils
instanceKlass bibliothek/gui/dock/common/action/CAction
instanceKlass bibliothek/gui/dock/common/action/CloseActionFactory$1
instanceKlass bibliothek/gui/dock/common/action/CloseActionFactory
instanceKlass bibliothek/gui/dock/facile/station/split/DefaultConflictResolver
instanceKlass bibliothek/gui/dock/facile/station/split/ConflictResolver
instanceKlass bibliothek/gui/dock/util/property/ConstantPropertyFactory
instanceKlass bibliothek/util/Path
instanceKlass bibliothek/gui/dock/util/PropertyKey
instanceKlass bibliothek/gui/dock/common/perspective/MissingPerspectiveStrategy
instanceKlass bibliothek/gui/dock/common/intern/CControlAccess
instanceKlass bibliothek/gui/dock/util/AbstractWindowProvider
instanceKlass bibliothek/gui/dock/util/NullWindowProvider
instanceKlass bibliothek/gui/dock/util/WindowProvider
instanceKlass bibliothek/gui/dock/common/intern/CControlFactory
instanceKlass bibliothek/gui/dock/util/property/PropertyFactory
instanceKlass bibliothek/gui/dock/accept/DockAcceptance
instanceKlass bibliothek/gui/dock/event/VetoableDockFrontendListener
instanceKlass bibliothek/gui/dock/control/focus/FocusStrategy
instanceKlass bibliothek/gui/dock/event/FocusVetoListener
instanceKlass bibliothek/gui/dock/event/DockRegisterListener
instanceKlass bibliothek/gui/dock/action/ActionOffer
instanceKlass bibliothek/gui/dock/frontend/MissingDockableStrategy
instanceKlass bibliothek/gui/dock/control/SingleParentRemover
instanceKlass bibliothek/gui/dock/layout/DockSituationIgnore
instanceKlass bibliothek/gui/dock/facile/mode/ModeArea
instanceKlass bibliothek/gui/dock/support/util/ApplicationResource
instanceKlass bibliothek/gui/dock/common/MultipleCDockableFactory
instanceKlass bibliothek/gui/dock/event/DoubleClickListener
instanceKlass bibliothek/gui/dock/event/KeyboardListener
instanceKlass bibliothek/gui/dock/event/LocatedListener
instanceKlass bibliothek/gui/dock/support/mode/HistoryRewriter
instanceKlass bibliothek/gui/dock/event/DockableFocusListener
instanceKlass bibliothek/gui/dock/common/event/CDockableStateListener
instanceKlass bibliothek/gui/dock/common/CStation
instanceKlass bibliothek/gui/DockStation
instanceKlass bibliothek/gui/dock/common/CControlRegister
instanceKlass bibliothek/gui/Dockable
instanceKlass bibliothek/gui/dock/station/support/PlaceholderListItem
instanceKlass bibliothek/gui/dock/DockElementRepresentative
instanceKlass bibliothek/gui/dock/DockElement
instanceKlass bibliothek/gui/dock/component/DockComponentRoot
instanceKlass bibliothek/gui/dock/common/CFocusHistory
instanceKlass bibliothek/gui/dock/DockFactory
instanceKlass bibliothek/gui/dock/layout/DockConverter
instanceKlass bibliothek/gui/dock/util/UIScheme
instanceKlass bibliothek/gui/dock/common/CControl
instanceKlass java/awt/image/BufferedImage$1
instanceKlass java/awt/geom/RectangularShape
instanceKlass java/awt/Shape
instanceKlass java/awt/image/SampleModel
instanceKlass java/awt/image/DataBuffer$1
instanceKlass sun/awt/image/SunWritableRaster$DataStealer
instanceKlass java/awt/image/DataBuffer
instanceKlass java/awt/image/Raster
instanceKlass java/lang/invoke/LambdaForm$MH
instanceKlass java/lang/invoke/LambdaForm$DMH
instanceKlass sun/awt/image/ImageWatched$WeakLink$$Lambda$15
instanceKlass java/lang/invoke/LambdaForm$DMH
instanceKlass sun/awt/image/ImageDecoder
instanceKlass sun/awt/image/ImageFetcher$1
instanceKlass sun/awt/image/FetcherInfo
instanceKlass sun/awt/image/ImageConsumerQueue
instanceKlass sun/awt/image/ImageWatched$Link
instanceKlass sun/awt/image/ImageWatched
instanceKlass java/awt/image/ImageConsumer
instanceKlass sun/awt/image/MultiResolutionImage
instanceKlass java/awt/MediaEntry
instanceKlass sun/awt/image/NativeLibLoader$1
instanceKlass sun/awt/image/NativeLibLoader
instanceKlass sun/awt/image/InputStreamImageSource
instanceKlass sun/awt/image/ImageFetchable
instanceKlass java/awt/image/ImageProducer
instanceKlass java/awt/MediaTracker
instanceKlass java/util/concurrent/locks/LockSupport
instanceKlass javax/accessibility/AccessibleContext
instanceKlass java/awt/event/InputMethodListener
instanceKlass java/awt/event/HierarchyBoundsListener
instanceKlass java/awt/event/HierarchyListener
instanceKlass java/awt/event/FocusListener
instanceKlass java/awt/TrayIcon
instanceKlass java/awt/dnd/DropTarget
instanceKlass java/awt/dnd/DropTargetListener
instanceKlass java/awt/MenuComponent
instanceKlass java/awt/EventQueue$3
instanceKlass java/awt/image/BufferStrategy
instanceKlass java/awt/GraphicsConfiguration
instanceKlass sun/awt/dnd/SunDragSourceContextPeer
instanceKlass java/awt/dnd/peer/DragSourceContextPeer
instanceKlass java/awt/Cursor
instanceKlass sun/awt/EventQueueDelegate
instanceKlass java/awt/ModalEventFilter
instanceKlass java/awt/ComponentOrientation
instanceKlass java/awt/EventDispatchThread$HierarchyEventFilter
instanceKlass java/awt/EventFilter
instanceKlass javax/swing/ImageIcon$2
instanceKlass javax/swing/ImageIcon$1
instanceKlass java/awt/EventDispatchThread$1
instanceKlass javax/swing/ImageIcon
instanceKlass java/awt/Conditional
instanceKlass sun/awt/EventQueueItem
instanceKlass java/awt/EventQueue$5
instanceKlass java/awt/event/InvocationEvent$1
instanceKlass sun/awt/AWTAccessor$InvocationEventAccessor
instanceKlass java/awt/ActiveEvent
instanceKlass com/altera/ui/app/base/BasicIconFactory$1
instanceKlass com/altera/ui/app/base/BasicIconFactory
instanceKlass com/altera/ui/docking/visibility/IVisibilityAware
instanceKlass bibliothek/gui/dock/common/intern/AbstractCDockable
instanceKlass bibliothek/gui/dock/common/SingleCDockable
instanceKlass com/altera/sopceditor/app/qsys/QsysEditor$2
instanceKlass java/util/Vector$Itr
instanceKlass com/altera/sopceditor/app/sopcbuilder/SopcEnsembleEditor$4
instanceKlass com/altera/sopceditor/app/sopcbuilder/SopcEnsembleEditor$3
instanceKlass com/altera/ui/app/base/BasicEditor$MyUndoableEditListener
instanceKlass com/altera/ui/app/base/ExternalizedAction$1
instanceKlass java/awt/event/KeyEvent$1
instanceKlass sun/awt/AWTAccessor$KeyEventAccessor
instanceKlass java/awt/VKCollection
instanceKlass javax/swing/ArrayTable
instanceKlass javax/swing/AbstractAction
instanceKlass javax/swing/event/UndoableEditListener
instanceKlass com/altera/ui/app/base/SelectionManager$1
instanceKlass com/altera/ui/app/ISelectionListener
instanceKlass com/altera/ui/app/base/SelectionManager
instanceKlass com/altera/ui/app/IEditorTool
instanceKlass com/altera/ui/docking/factories/BasicEditorToolDockableFactory
instanceKlass com/altera/ui/docking/factories/IEditorToolDockableFactory
instanceKlass java/util/logging/Filter
instanceKlass java/awt/event/ComponentListener
instanceKlass bibliothek/gui/dock/common/CStationContainer
instanceKlass bibliothek/util/Filter
instanceKlass bibliothek/gui/dock/common/SingleCDockableFactory
instanceKlass bibliothek/gui/dock/common/event/CFocusListener
instanceKlass bibliothek/gui/dock/common/intern/CDockable
instanceKlass bibliothek/gui/dock/common/perspective/CDockablePerspective
instanceKlass bibliothek/gui/dock/common/perspective/CElementPerspective
instanceKlass javax/swing/event/MenuListener
instanceKlass com/altera/ui/app/ISelectionManager
instanceKlass com/altera/ui/app/base/EditorTaskRunner$ITaskListener
instanceKlass com/altera/ui/app/IEditor
instanceKlass com/altera/ui/app/IEditorTaskRunner
instanceKlass com/altera/ui/app/IUndoableEditExecutor
instanceKlass com/altera/sopceditor/tools/saveandload/ISavedFileTracker
instanceKlass java/util/concurrent/ConcurrentHashMap$Traverser
instanceKlass com/altera/infrastructure/common/BuildNumber
instanceKlass java/util/LinkedList$ListItr
instanceKlass com/altera/infrastructure/devices/util/DevFamilyResolver
instanceKlass com/altera/sopceditor/app/GlobalProperties
instanceKlass com/altera/sopcmodel/domains/ClockDomainReport
instanceKlass com/altera/sopceditor/tools/clockdomain/ClockDomainManager
instanceKlass com/altera/sopcmodel/connections/ConnectionManager
instanceKlass com/altera/sopcmodel/domains/IClockDomainManager
instanceKlass com/altera/librarianinterfaces/ILibrarian
instanceKlass com/altera/sopcmodel/util/CatalogCard$1
instanceKlass com/altera/sopcmodel/util/CatalogCard$IObjectGetter
instanceKlass com/altera/sopcmodel/util/CatalogCard
instanceKlass com/altera/sopcmodel/ensemble/Ensemble$3
instanceKlass com/altera/sopcmodel/ensemble/Ensemble$2
instanceKlass com/altera/sopcmodel/ensemble/Ensemble$1
instanceKlass com/altera/sopcmodel/util/ParameterGroups$DisplayParameter
instanceKlass com/altera/sopcmodel/extensions/IParameterGroups2$IDisplayParameter
instanceKlass com/altera/sopcmodel/extensions/IParameterGroups2$IDisplayText
instanceKlass com/altera/sopcmodel/util/ParameterGroups$DisplayItemWithState
instanceKlass com/altera/sopcmodel/extensions/IParameterGroups2$IParameterGroup
instanceKlass com/altera/sopcmodel/extensions/IParameterGroups2$IDisplayItem
instanceKlass com/altera/sopcmodel/util/ParameterGroups
instanceKlass com/altera/sopcmodel/extensions/IParameterGroups
instanceKlass sun/awt/AppContext$PostShutdownEventRunnable
instanceKlass com/altera/sopcmodel/ensemble/DeviceFamily
instanceKlass com/altera/sopcmodel/ensemble/DevFamilyAdapter
instanceKlass com/altera/sopcmodel/extensions/IParameterGroups2
instanceKlass com/altera/entityinterfaces/moduleext/IDeviceFamily
instanceKlass com/altera/sopcmodel/ensemble/Assignment
instanceKlass com/altera/sopcmodel/util/ParameterDescriptorInstance
instanceKlass com/altera/sopcmodel/ensemble/Ensemble$EnsembleDeviceUiUpdateCallback
instanceKlass com/altera/sopcmodel/ensemble/ParameterDisplayRanges
instanceKlass com/altera/sopcmodel/extensions/IParameterDisplayRanges
instanceKlass com/altera/sopcmodel/ensemble/Ensemble$5
instanceKlass com/altera/sopcmodel/extensions/IParameterUiUpdate
instanceKlass com/altera/sopcmodel/beanelement/BeanElementAnnotation$LongRange
instanceKlass com/altera/sopcmodel/util/ParameterDescriptor$Range
instanceKlass com/altera/sopcmodel/beanelement/BeanElementAnnotation$IntRange
instanceKlass com/altera/sopcmodel/ensemble/EnsembleUtils
instanceKlass com/altera/sopcmodel/beanelement/BeanElementAnnotation$RequestSystemInfo
instanceKlass com/altera/sopcmodel/beanelement/BeanElementAnnotation$Derived
instanceKlass com/altera/sopcmodel/beanelement/BeanElementAnnotation$AffectsGeneratedHdl
instanceKlass com/altera/sopcmodel/beanelement/BeanElementAnnotation$ExistsOnGeneratedHdl
instanceKlass com/altera/sopcmodel/beanelement/BeanElementAnnotation$Status
instanceKlass com/altera/sopcmodel/beanelement/BeanElementAnnotation$Description
instanceKlass com/altera/sopcmodel/beanelement/BeanElementAnnotation$VHDLWidth
instanceKlass com/altera/sopcmodel/beanelement/BeanElementAnnotation$VHDLType
instanceKlass com/altera/sopcmodel/beanelement/BeanElementAnnotation$Units
instanceKlass com/altera/sopcmodel/internal/util/Misc
instanceKlass com/altera/entityinterfaces/IGetType
instanceKlass com/altera/sopcmodel/beanelement/BeanElementAnnotation$IntChoice
instanceKlass java/lang/annotation/Documented
instanceKlass java/lang/Deprecated
instanceKlass com/altera/sopcmodel/beanelement/BeanElementAnnotation$Visible
instanceKlass com/altera/sopcmodel/transforms/interfaces/IConnectionPointRef
instanceKlass sun/reflect/generics/tree/ArrayTypeSignature
instanceKlass com/altera/sopcmodel/beanelement/BeanElementAnnotation$NotAParameter
instanceKlass sun/reflect/generics/tree/VoidDescriptor
instanceKlass sun/reflect/generics/tree/BooleanSignature
instanceKlass sun/reflect/generics/tree/TypeVariableSignature
instanceKlass java/beans/SimpleBeanInfo
instanceKlass java/util/TreeMap$PrivateEntryIterator
instanceKlass java/beans/Transient
instanceKlass com/sun/beans/WildcardTypeImpl
instanceKlass sun/reflect/generics/reflectiveObjects/ParameterizedTypeImpl
instanceKlass java/lang/reflect/ParameterizedType
instanceKlass sun/reflect/generics/reflectiveObjects/LazyReflectiveObjectGenerator
instanceKlass java/lang/reflect/WildcardType
instanceKlass sun/reflect/generics/tree/MethodTypeSignature
instanceKlass sun/reflect/generics/tree/Wildcard
instanceKlass sun/reflect/generics/tree/BottomSignature
instanceKlass java/lang/reflect/TypeVariable
instanceKlass sun/reflect/generics/tree/ClassSignature
instanceKlass sun/reflect/generics/tree/Signature
instanceKlass sun/reflect/generics/tree/FormalTypeParameter
instanceKlass com/sun/beans/TypeResolver
instanceKlass java/beans/MethodRef
instanceKlass com/sun/beans/util/Cache$CacheEntry
instanceKlass com/sun/beans/util/Cache
instanceKlass com/sun/beans/finder/AbstractFinder
instanceKlass com/sun/beans/finder/ClassFinder
instanceKlass java/beans/BeanInfo
instanceKlass java/beans/FeatureDescriptor
instanceKlass com/sun/beans/WeakCache
instanceKlass java/beans/Introspector
instanceKlass com/google/common/collect/HashBasedTable$Factory
instanceKlass com/google/common/base/Supplier
instanceKlass com/google/common/collect/AbstractTable
instanceKlass com/altera/sopcmodel/ensemble/ModuleValidatorBuilder
instanceKlass com/altera/sopcmodel/util/SystemInfoUpdater
instanceKlass com/google/common/collect/AbstractMapEntry
instanceKlass com/google/common/collect/LinkedHashMultimap$ValueSetLink
instanceKlass com/google/common/collect/CollectPreconditions
instanceKlass com/google/common/base/Preconditions
instanceKlass java/lang/StrictMath
instanceKlass com/google/common/collect/Maps$EntryTransformer
instanceKlass com/google/common/collect/UnmodifiableIterator
instanceKlass com/google/common/collect/BiMap
instanceKlass com/google/common/base/Converter
instanceKlass com/google/common/collect/ImmutableMap
instanceKlass com/google/common/base/Function
instanceKlass com/google/common/collect/SortedMapDifference
instanceKlass com/google/common/collect/MapDifference
instanceKlass com/google/common/collect/Maps
instanceKlass com/google/common/collect/Platform
instanceKlass com/google/common/collect/Multiset
instanceKlass com/google/common/collect/AbstractMultimap
instanceKlass com/altera/sopcmodel/beanelement/BeanModule$1
instanceKlass com/altera/sopcmodel/beanelement/BeanElement$1
instanceKlass com/altera/sopcmodel/ensemble/BorderPortDescription
instanceKlass com/altera/sopcmodel/ensemble/BorderPointDescription
instanceKlass com/altera/sopcmodel/beanelement/BeanElementClass$AssignmentsExtension
instanceKlass com/altera/sopcmodel/extensions/IElementExtAssignments
instanceKlass com/altera/sopcmodel/internal/conversions/Converter
instanceKlass com/altera/sopcmodel/beanelement/BeanElementAnnotation$Categories
instanceKlass org/apache/commons/lang3/ArrayUtils
instanceKlass com/altera/sopcmodel/util/Version
instanceKlass com/altera/sopcmodel/beanelement/BeanElementAnnotation$Version
instanceKlass com/altera/entityinterfaces/moduleext/IModuleGenerateHDL
instanceKlass com/altera/sopcmodel/ensemble/EnsembleWalker$ConnectionRef
instanceKlass com/altera/sopcmodel/util/ParameterDescriptor
instanceKlass com/altera/sopcmodel/extensions/IParameterAffectsElaboration
instanceKlass com/altera/sopcmodel/extensions/IParameterAffectsValidation
instanceKlass com/altera/sopcmodel/extensions/IParameterGroups2$IDisplayItemState
instanceKlass com/altera/entityinterfaces/parameterext/IParameterNewInstanceValue
instanceKlass com/altera/entityinterfaces/parameterext/IParameterRequestSystemInfo
instanceKlass com/altera/sopcmodel/extensions/IDisplayHints
instanceKlass com/altera/entityinterfaces/parameterext/IParameterHDLPresence
instanceKlass com/altera/sopcmodel/extensions/IParameterDescriptorExtExposure
instanceKlass com/altera/entityinterfaces/parameterext/IParameterHDLWidth
instanceKlass com/altera/entityinterfaces/parameterext/IParameterHDLType
instanceKlass com/altera/sopcmodel/extensions/IDisplayUnits
instanceKlass com/altera/sopcmodel/extensions/ILongDescription
instanceKlass com/altera/sopcmodel/util/IIpInfo
instanceKlass com/altera/sopcmodel/ensemble/EnsembleWalker
instanceKlass com/altera/sopcmodel/ensemble/InterconnectAssignments
instanceKlass com/altera/sopcmodel/definition/BoundaryDefinition
instanceKlass com/altera/sopcmodel/util/ISerializableObject
instanceKlass com/altera/sopcmodel/util/IExternalEnsembleValidator
instanceKlass com/altera/entityinterfaces/IConnection
instanceKlass com/altera/sopcmodel/beanelement/BeanElementUtils
instanceKlass com/altera/sopcmodel/beanelement/BeanElementAnnotation$Name
instanceKlass java/lang/annotation/Target
instanceKlass java/lang/reflect/WeakCache$Value
instanceKlass sun/misc/ProxyGenerator$ExceptionTableEntry
instanceKlass sun/misc/ProxyGenerator$PrimitiveTypeInfo
instanceKlass sun/misc/ProxyGenerator$FieldInfo
instanceKlass java/io/DataOutput
instanceKlass sun/misc/ProxyGenerator$ConstantPool$Entry
instanceKlass sun/misc/ProxyGenerator$MethodInfo
instanceKlass sun/misc/ProxyGenerator$ProxyMethod
instanceKlass sun/misc/ProxyGenerator$ConstantPool
instanceKlass sun/misc/ProxyGenerator
instanceKlass java/lang/reflect/WeakCache$Factory
instanceKlass java/util/function/Supplier
instanceKlass java/lang/reflect/Proxy$ProxyClassFactory
instanceKlass java/lang/reflect/Proxy$KeyFactory
instanceKlass java/util/function/BiFunction
instanceKlass java/lang/reflect/WeakCache
instanceKlass java/lang/reflect/Proxy
instanceKlass sun/reflect/annotation/AnnotationInvocationHandler
instanceKlass java/lang/reflect/InvocationHandler
instanceKlass sun/reflect/annotation/AnnotationParser$1
instanceKlass sun/reflect/annotation/ExceptionProxy
instanceKlass java/lang/annotation/Inherited
instanceKlass java/lang/annotation/Retention
instanceKlass sun/reflect/annotation/AnnotationType$1
instanceKlass java/lang/reflect/GenericArrayType
instanceKlass com/altera/sopcmodel/beanelement/BeanElementAnnotation$DisplayName
instanceKlass sun/reflect/generics/visitor/Reifier
instanceKlass sun/reflect/generics/visitor/TypeTreeVisitor
instanceKlass sun/reflect/generics/factory/CoreReflectionFactory
instanceKlass sun/reflect/generics/factory/GenericsFactory
instanceKlass sun/reflect/generics/scope/AbstractScope
instanceKlass sun/reflect/generics/scope/Scope
instanceKlass sun/reflect/generics/tree/ClassTypeSignature
instanceKlass sun/reflect/generics/tree/SimpleClassTypeSignature
instanceKlass sun/reflect/generics/tree/FieldTypeSignature
instanceKlass sun/reflect/generics/tree/BaseType
instanceKlass sun/reflect/generics/tree/TypeSignature
instanceKlass sun/reflect/generics/tree/ReturnType
instanceKlass sun/reflect/generics/tree/TypeArgument
instanceKlass sun/reflect/generics/tree/TypeTree
instanceKlass sun/reflect/generics/tree/Tree
instanceKlass sun/reflect/generics/parser/SignatureParser
instanceKlass sun/reflect/annotation/AnnotationParser
instanceKlass com/altera/sopcmodel/beanelement/BeanElementAnnotation$NeedsLibrarian
instanceKlass com/altera/entityinterfaces/IParameterDescriptor$Range
instanceKlass com/altera/sopcmodel/beanelement/BeanElementAnnotation
instanceKlass com/altera/sopcmodel/beanelement/BeanElementClass
instanceKlass com/altera/entityinterfaces/IConnectionPoint
instanceKlass javax/swing/event/ChangeListener
instanceKlass com/altera/sopcmodel/extensions/ICatalogCard2
instanceKlass com/google/common/collect/Table
instanceKlass com/google/common/collect/SetMultimap
instanceKlass com/google/common/collect/Multimap
instanceKlass com/altera/entityinterfaces/IParameterDescriptorInstance
instanceKlass com/altera/entityinterfaces/IParameterDescriptor
instanceKlass com/altera/entityinterfaces/IParameterStatics
instanceKlass com/altera/entityinterfaces/IElementClass
instanceKlass com/altera/sopcmodel/beanelement/BeanElement
instanceKlass com/altera/entityinterfaces/moduleext/IGetParameterDescriptor
instanceKlass com/altera/sopcmodel/extensions/IDisplayDetails
instanceKlass com/altera/entityinterfaces/elementext/IValidateWithFlags
instanceKlass com/altera/sopcmodel/extensions/IStandAloneSystem
instanceKlass com/altera/sopcmodel/ensemble/IInterfaceRemappingInfo
instanceKlass com/altera/sopcmodel/extensions/IMigrationInfo
instanceKlass com/altera/sopcmodel/extensions/IReportModuleHierarchy
instanceKlass com/altera/entityinterfaces/moduleext/IFilterChildMessages
instanceKlass com/altera/sopcmodel/util/IGetDevice
instanceKlass com/altera/sopcmodel/util/IGetQuartusProjectInfo
instanceKlass com/altera/entityinterfaces/moduleext/IGetSystemInfoParameters
instanceKlass com/altera/sopcmodel/extensions/ITraversableSystem
instanceKlass com/altera/sopcmodel/transforms/interfaces/IMutableSystem
instanceKlass com/altera/sopcmodel/transforms/interfaces/IImmutableSopcSystem
instanceKlass com/altera/sopcmodel/extensions/IUseTestBenchNamingPattern
instanceKlass com/altera/sopcmodel/util/ISetQuartusProjectInfo
instanceKlass com/altera/componenteditor/app/IBlackBoxImporterExporter
instanceKlass com/altera/sopceditor/widgets/AbstractPropertyEditor
instanceKlass com/altera/entityinterfaces/IModule
instanceKlass javax/swing/undo/AbstractUndoableEdit
instanceKlass javax/swing/undo/UndoableEdit
instanceKlass com/altera/entityinterfaces/moduleext/IModuleSystem2
instanceKlass com/altera/entityinterfaces/moduleext/IModuleSystem
instanceKlass com/altera/ui/app/ISelectionProvider
instanceKlass com/altera/entityinterfaces/IAssignment
instanceKlass com/altera/librarianinterfaces/ICatalogCard
instanceKlass com/altera/sopceditor/util/EditorUtils
instanceKlass com/altera/infrastructure/devices/DevFamily
instanceKlass com/altera/infrastructure/devices/SQLQueryBuilder$1
instanceKlass com/altera/infrastructure/devices/SQLSchema
instanceKlass com/altera/infrastructure/devices/SQLQueryBuilder
instanceKlass com/altera/infrastructure/devices/DevInstallation
instanceKlass sun/nio/cs/Surrogate
instanceKlass sun/nio/cs/Surrogate$Parser
instanceKlass java/util/Base64$Encoder
instanceKlass java/util/Base64$Decoder
instanceKlass java/util/Base64
instanceKlass com/altera/infrastructure/devices/util/Base64Util
instanceKlass com/altera/jdbcsqlite/JDBCResultSetMetaData
instanceKlass com/altera/jdbcsqlite/JDBCDatabaseMetaData
instanceKlass java/sql/ResultSetMetaData
instanceKlass com/altera/jdbcsqlite/JDBCResultSet
instanceKlass com/altera/jdbcsqlite/Vm
instanceKlass com/altera/jdbcsqlite/TableResult
instanceKlass java/sql/ResultSet
instanceKlass com/altera/jdbcsqlite/JDBCStatement
instanceKlass com/altera/jdbcsqlite/FunctionContext
instanceKlass com/altera/utilities/AltLibraryLoader$AltNativeLibrary
instanceKlass com/altera/jdbcsqlite/Callback
instanceKlass com/altera/utilities/AltLibraryLoader
instanceKlass java/util/concurrent/CopyOnWriteArrayList$COWIterator
instanceKlass org/apache/commons/lang3/SystemUtils
instanceKlass java/sql/DriverInfo
instanceKlass java/sql/DriverManager$2
instanceKlass java/sql/DriverManager$1
instanceKlass java/sql/DriverManager
instanceKlass java/sql/PreparedStatement
instanceKlass java/sql/Statement
instanceKlass java/sql/DatabaseMetaData
instanceKlass com/altera/jdbcsqlite/Database
instanceKlass com/altera/jdbcsqlite/JDBCConnection
instanceKlass com/altera/jdbcsqlite/BusyHandler
instanceKlass java/sql/Connection
instanceKlass java/sql/Wrapper
instanceKlass com/altera/jdbcsqlite/JDBC
instanceKlass java/sql/Driver
instanceKlass com/altera/infrastructure/devices/SQLQueryRunner
instanceKlass java/io/FileOutputStream$1
instanceKlass com/altera/utilities/AltTempDir$CleanUpOldTempDirs
instanceKlass java/io/DeleteOnExitHook$1
instanceKlass java/io/DeleteOnExitHook
instanceKlass sun/nio/fs/BasicFileAttributesHolder
instanceKlass sun/nio/fs/WindowsDirectoryStream$WindowsDirectoryIterator
instanceKlass sun/nio/fs/WindowsFileAttributes
instanceKlass java/nio/file/attribute/DosFileAttributes
instanceKlass java/nio/file/attribute/BasicFileAttributes
instanceKlass sun/nio/fs/NativeBuffer$Deallocator
instanceKlass sun/nio/fs/NativeBuffer
instanceKlass sun/nio/fs/NativeBuffers
instanceKlass sun/nio/fs/WindowsNativeDispatcher$BackupResult
instanceKlass sun/nio/fs/WindowsNativeDispatcher$CompletionStatus
instanceKlass sun/nio/fs/WindowsNativeDispatcher$AclInformation
instanceKlass sun/nio/fs/WindowsNativeDispatcher$Account
instanceKlass sun/nio/fs/WindowsNativeDispatcher$DiskFreeSpace
instanceKlass sun/nio/fs/WindowsNativeDispatcher$VolumeInformation
instanceKlass sun/nio/fs/WindowsNativeDispatcher$FirstStream
instanceKlass sun/nio/fs/WindowsNativeDispatcher$FirstFile
instanceKlass sun/nio/fs/WindowsNativeDispatcher$1
instanceKlass sun/nio/fs/WindowsNativeDispatcher
instanceKlass sun/nio/fs/WindowsDirectoryStream
instanceKlass java/nio/file/DirectoryStream
instanceKlass java/nio/file/Files$AcceptAllFilter
instanceKlass java/nio/file/DirectoryStream$Filter
instanceKlass java/nio/file/Files
instanceKlass java/net/NetworkInterface$2
instanceKlass java/net/DefaultInterface
instanceKlass java/net/Inet6Address$Inet6AddressHolder
instanceKlass java/net/InetAddress$CachedLocalHost
instanceKlass java/net/InetAddress$2
instanceKlass sun/net/spi/nameservice/NameService
instanceKlass java/net/Inet6AddressImpl
instanceKlass java/net/InetAddressImpl
instanceKlass java/net/InetAddressImplFactory
instanceKlass java/util/concurrent/ConcurrentSkipListMap$Node
instanceKlass java/util/concurrent/ConcurrentSkipListMap$Index
instanceKlass java/util/concurrent/ConcurrentNavigableMap
instanceKlass java/util/NavigableSet
instanceKlass java/util/SortedSet
instanceKlass java/net/InetAddress$InetAddressHolder
instanceKlass java/net/InetAddress$1
instanceKlass java/net/InetAddress
instanceKlass java/net/InterfaceAddress
instanceKlass java/net/NetworkInterface$1
instanceKlass java/net/NetworkInterface
instanceKlass sun/security/provider/ByteArrayAccess
instanceKlass java/lang/StringCoding$StringEncoder
instanceKlass sun/security/provider/SeedGenerator$1
instanceKlass sun/security/provider/SeedGenerator
instanceKlass sun/security/provider/SecureRandom$SeederHolder
instanceKlass sun/security/util/MessageDigestSpi2
instanceKlass sun/security/jca/GetInstance$Instance
instanceKlass java/security/MessageDigestSpi
instanceKlass sun/security/jca/GetInstance
instanceKlass java/security/SecureRandomSpi
instanceKlass java/security/Provider$UString
instanceKlass java/security/Provider$Service
instanceKlass sun/security/provider/NativePRNG$NonBlocking
instanceKlass sun/security/provider/NativePRNG$Blocking
instanceKlass sun/security/provider/NativePRNG
instanceKlass sun/security/provider/SunEntries$1
instanceKlass sun/security/provider/SunEntries
instanceKlass sun/security/jca/ProviderConfig$2
instanceKlass java/security/Security$1
instanceKlass java/security/Security
instanceKlass sun/security/jca/ProviderList$2
instanceKlass sun/misc/FDBigInteger
instanceKlass java/security/Provider$EngineDescription
instanceKlass java/security/Provider$ServiceKey
instanceKlass sun/security/jca/ProviderConfig
instanceKlass sun/security/jca/ProviderList
instanceKlass sun/security/jca/Providers
instanceKlass java/util/Random
instanceKlass java/io/File$TempDirectory
instanceKlass com/altera/utilities/AltTempDir
instanceKlass com/altera/infrastructure/devices/DevFamilyListPath
instanceKlass com/altera/infrastructure/devices/DeviceDB
instanceKlass com/altera/librarianinterfaces/IVersion
instanceKlass com/altera/infrastructure/devices/IDevFamily
instanceKlass com/altera/infrastructure/devices/IDeviceDB
instanceKlass com/altera/infrastructure/devices/DevFamilyManagerFromDB
instanceKlass com/altera/infrastructure/devices/DevFamilyManager
instanceKlass com/altera/infrastructure/devices/IDevFamilyManager
instanceKlass java/util/WeakHashMap$HashIterator
instanceKlass com/altera/utilities/altNode/AltNode
instanceKlass com/altera/ipedit/QsysEditorApp$2
instanceKlass java/io/FilenameFilter
instanceKlass com/altera/sopceditor/util/EditorFileUtils
instanceKlass java/util/Timer$1
instanceKlass java/util/TaskQueue
instanceKlass java/util/Timer
instanceKlass com/altera/utilities/AltCmdLineToolBase$2
instanceKlass com/altera/utilities/AltCmdLineToolBase$AltXmlStreamWriter
instanceKlass com/altera/utilities/AltCmdLineToolBase$1
instanceKlass com/altera/utilities/AltCmdLineToolBase$AltXmlStreamReader
instanceKlass java/awt/event/KeyAdapter
instanceKlass java/awt/event/KeyListener
instanceKlass javax/swing/event/MenuKeyListener
instanceKlass java/awt/event/MouseMotionAdapter
instanceKlass javax/swing/ToolTipManager$stillInsideTimerAction
instanceKlass javax/swing/ToolTipManager$outsideTimerAction
instanceKlass javax/swing/Timer$DoPostEvent
instanceKlass java/util/concurrent/atomic/AtomicBoolean
instanceKlass javax/swing/event/EventListenerList
instanceKlass javax/swing/ToolTipManager$insideTimerAction
instanceKlass javax/swing/Timer
instanceKlass java/awt/event/MouseAdapter
instanceKlass java/awt/event/MouseWheelListener
instanceKlass com/sun/java/swing/plaf/windows/WindowsLookAndFeel$SkinIcon
instanceKlass javax/swing/BorderFactory
instanceKlass com/sun/java/swing/plaf/windows/WindowsLookAndFeel$1
instanceKlass java/util/EnumMap$1
instanceKlass com/sun/java/swing/plaf/windows/WindowsIconFactory$RadioButtonMenuItemIcon
instanceKlass javax/swing/plaf/basic/BasicIconFactory$CheckBoxMenuItemIcon
instanceKlass javax/swing/plaf/basic/BasicIconFactory$MenuItemCheckIcon
instanceKlass javax/swing/plaf/basic/BasicIconFactory
instanceKlass javax/swing/MenuElement
instanceKlass com/sun/java/swing/plaf/windows/WindowsIconFactory$VistaMenuItemCheckIconFactory$VistaMenuItemCheckIcon
instanceKlass com/sun/java/swing/plaf/windows/WindowsIconFactory$MenuItemCheckIcon
instanceKlass sun/swing/SwingLazyValue$1
instanceKlass com/sun/java/swing/plaf/windows/WindowsIconFactory$VistaMenuItemCheckIconFactory
instanceKlass sun/swing/MenuItemCheckIconFactory
instanceKlass com/sun/java/swing/plaf/windows/WindowsLookAndFeel$ActiveWindowsIcon
instanceKlass com/sun/java/swing/plaf/windows/WindowsIconFactory$FrameButtonIcon
instanceKlass com/sun/java/swing/plaf/windows/WindowsIconFactory
instanceKlass com/sun/java/swing/plaf/windows/WindowsLookAndFeel$LazyWindowsIcon
instanceKlass com/sun/java/swing/plaf/windows/XPStyle$Skin
instanceKlass com/sun/java/swing/plaf/windows/WindowsLookAndFeel$XPColorValue$XPColorValueKey
instanceKlass java/awt/geom/Point2D
instanceKlass com/sun/java/swing/plaf/windows/WindowsLookAndFeel$XPValue
instanceKlass com/sun/java/swing/plaf/windows/DesktopProperty
instanceKlass com/sun/java/swing/plaf/windows/WindowsTreeUI$ExpandedIcon
instanceKlass java/awt/SystemColor$$Lambda$14
instanceKlass sun/awt/AWTAccessor$SystemColorAccessor
instanceKlass java/lang/invoke/LambdaForm$DMH
instanceKlass java/lang/invoke/LambdaForm$DMH
instanceKlass com/sun/java/swing/plaf/windows/WindowsRootPaneUI$AltProcessor
instanceKlass sun/swing/ImageCache
instanceKlass sun/swing/CachedPainter
instanceKlass com/sun/java/swing/plaf/windows/XPStyle
instanceKlass java/util/ArrayList$SubList$1
instanceKlass javax/swing/plaf/ComponentUI
instanceKlass sun/util/ResourceBundleEnumeration
instanceKlass javax/swing/plaf/metal/DefaultMetalTheme$FontDelegate$1
instanceKlass javax/swing/JComponent$1
instanceKlass java/awt/Container$1
instanceKlass sun/awt/AWTAccessor$ContainerAccessor
instanceKlass java/awt/LightweightDispatcher
instanceKlass java/awt/event/AWTEventListener
instanceKlass javax/swing/UIManager$2
instanceKlass sun/awt/KeyboardFocusManagerPeerImpl
instanceKlass java/awt/peer/KeyboardFocusManagerPeer
instanceKlass java/awt/AWTKeyStroke$1
instanceKlass java/awt/AWTKeyStroke
instanceKlass java/awt/FocusTraversalPolicy
instanceKlass java/awt/DefaultKeyboardFocusManager$1
instanceKlass sun/awt/AWTAccessor$DefaultKeyboardFocusManagerAccessor
instanceKlass java/awt/KeyboardFocusManager$1
instanceKlass sun/awt/AWTAccessor$KeyboardFocusManagerAccessor
instanceKlass java/awt/KeyboardFocusManager
instanceKlass java/awt/KeyEventPostProcessor
instanceKlass java/awt/KeyEventDispatcher
instanceKlass sun/awt/PaintEventDispatcher
instanceKlass sun/swing/SwingAccessor
instanceKlass javax/swing/RepaintManager$1
instanceKlass sun/swing/SwingAccessor$RepaintManagerAccessor
instanceKlass javax/swing/RepaintManager$DisplayChangedHandler
instanceKlass javax/swing/RepaintManager
instanceKlass javax/swing/plaf/metal/OceanTheme$6
instanceKlass javax/swing/plaf/metal/OceanTheme$5
instanceKlass javax/swing/plaf/metal/OceanTheme$4
instanceKlass javax/swing/plaf/metal/OceanTheme$3
instanceKlass javax/swing/plaf/metal/OceanTheme$2
instanceKlass javax/swing/plaf/metal/OceanTheme$1
instanceKlass java/util/EventListenerProxy
instanceKlass sun/swing/SwingUtilities2$AATextInfo
instanceKlass sun/misc/FloatingDecimal$ASCIIToBinaryBuffer
instanceKlass sun/misc/FloatingDecimal$PreparedASCIIToBinaryBuffer
instanceKlass sun/misc/FloatingDecimal$ASCIIToBinaryConverter
instanceKlass sun/misc/FloatingDecimal$BinaryToASCIIBuffer
instanceKlass sun/misc/FloatingDecimal$ExceptionalBinaryToASCIIBuffer
instanceKlass sun/misc/FloatingDecimal$BinaryToASCIIConverter
instanceKlass sun/misc/FloatingDecimal
instanceKlass sun/java2d/SunGraphicsEnvironment$1
instanceKlass sun/awt/SunDisplayChanger
instanceKlass sun/java2d/SurfaceManagerFactory
instanceKlass sun/java2d/windows/WindowsFlags$1
instanceKlass sun/java2d/windows/WindowsFlags
instanceKlass javax/swing/plaf/metal/MetalLookAndFeel$$Lambda$13
instanceKlass javax/swing/plaf/metal/MetalLookAndFeel$$Lambda$12
instanceKlass javax/swing/plaf/metal/MetalLookAndFeel$$Lambda$11
instanceKlass javax/swing/plaf/metal/MetalLookAndFeel$$Lambda$10
instanceKlass javax/swing/plaf/metal/MetalLookAndFeel$$Lambda$9
instanceKlass javax/swing/plaf/metal/MetalLookAndFeel$FontActiveValue
instanceKlass javax/swing/plaf/metal/MetalLookAndFeel$$Lambda$8
instanceKlass javax/swing/plaf/metal/MetalLookAndFeel$$Lambda$7
instanceKlass javax/swing/UIDefaults$LazyInputMap
instanceKlass java/awt/geom/Dimension2D
instanceKlass javax/swing/plaf/basic/BasicLookAndFeel$2
instanceKlass sun/swing/SwingUtilities2$2
instanceKlass javax/swing/border/AbstractBorder
instanceKlass javax/swing/border/Border
instanceKlass javax/swing/UIDefaults$ActiveValue
instanceKlass sun/swing/SwingLazyValue
instanceKlass javax/swing/UIDefaults$LazyValue
instanceKlass javax/swing/plaf/metal/DefaultMetalTheme$FontDelegate
instanceKlass javax/swing/plaf/UIResource
instanceKlass javax/swing/plaf/metal/MetalTheme
instanceKlass sun/swing/DefaultLookup
instanceKlass javax/swing/LookAndFeel
instanceKlass javax/swing/UIManager$1
instanceKlass javax/swing/UIManager$LAFState
instanceKlass javax/swing/SwingUtilities
instanceKlass sun/swing/SwingUtilities2$LSBCacheEntry
instanceKlass sun/swing/StringUIClientPropertyKey
instanceKlass sun/swing/UIClientPropertyKey
instanceKlass java/awt/font/FontRenderContext
instanceKlass sun/swing/SwingUtilities2
instanceKlass java/util/IdentityHashMap$IdentityHashMapIterator
instanceKlass sun/awt/PostEventQueue
instanceKlass sun/awt/MostRecentKeyValue
instanceKlass java/awt/Queue
instanceKlass java/awt/EventQueue$2
instanceKlass sun/awt/AWTAccessor$EventQueueAccessor
instanceKlass java/awt/EventQueue$1
instanceKlass java/awt/EventQueue
instanceKlass sun/awt/AppContext$1
instanceKlass sun/awt/AppContext$2
instanceKlass sun/awt/AppContext$3
instanceKlass sun/awt/AppContext$6
instanceKlass sun/misc/JavaAWTAccess
instanceKlass sun/awt/AppContext$GetAppContextLock
instanceKlass sun/awt/AppContext
instanceKlass java/awt/Toolkit$DesktopPropertyChangeSupport$1
instanceKlass java/util/ComparableTimSort
instanceKlass java/util/Arrays$LegacyMergeSort
instanceKlass sun/awt/SunHints$Value
instanceKlass java/awt/RenderingHints$Key
instanceKlass sun/awt/SunHints
instanceKlass java/awt/RenderingHints
instanceKlass sun/awt/windows/WDesktopProperties$WinPlaySound
instanceKlass java/awt/Color
instanceKlass java/awt/Paint
instanceKlass java/util/concurrent/locks/ReentrantReadWriteLock$WriteLock
instanceKlass java/util/concurrent/locks/ReentrantReadWriteLock$ReadLock
instanceKlass sun/nio/ch/Interruptible
instanceKlass java/util/concurrent/locks/ReentrantReadWriteLock
instanceKlass java/util/concurrent/locks/ReadWriteLock
instanceKlass sun/awt/windows/ThemeReader
instanceKlass sun/awt/windows/WDesktopProperties
instanceKlass sun/awt/windows/WToolkit$$Lambda$6
instanceKlass java/lang/invoke/LambdaForm$DMH
instanceKlass java/lang/invoke/LambdaForm$MH
instanceKlass sun/awt/windows/WToolkit$$Lambda$5
instanceKlass sun/awt/windows/WToolkit$$Lambda$4
instanceKlass sun/awt/windows/WToolkit$$Lambda$3
instanceKlass sun/awt/AWTAutoShutdown
instanceKlass sun/misc/ThreadGroupUtils
instanceKlass sun/java2d/Disposer$$Lambda$2
instanceKlass java/lang/invoke/LambdaForm$DMH
instanceKlass sun/java2d/Disposer$1
instanceKlass sun/java2d/Disposer
instanceKlass sun/awt/windows/WToolkit$ToolkitDisposer
instanceKlass sun/java2d/DisposerRecord
instanceKlass sun/misc/PerformanceLogger$TimeData
instanceKlass sun/misc/PerformanceLogger
instanceKlass sun/awt/SunToolkit$ModalityListenerList
instanceKlass sun/awt/ModalityListener
instanceKlass java/beans/ChangeListenerMap
instanceKlass java/beans/PropertyChangeSupport
instanceKlass sun/awt/windows/WToolkit$2
instanceKlass java/awt/Component$DummyRequestFocusController
instanceKlass sun/awt/RequestFocusController
instanceKlass java/awt/Component$1
instanceKlass sun/awt/AWTAccessor$ComponentAccessor
instanceKlass sun/font/AttributeValues
instanceKlass java/awt/geom/AffineTransform
instanceKlass sun/font/FontAccess
instanceKlass java/awt/Font
instanceKlass sun/awt/windows/WObjectPeer
instanceKlass java/awt/dnd/peer/DropTargetPeer
instanceKlass java/awt/peer/ComponentPeer
instanceKlass java/awt/event/InputEvent$1
instanceKlass sun/awt/AWTAccessor$InputEventAccessor
instanceKlass java/awt/event/NativeLibLoader$1
instanceKlass java/awt/event/NativeLibLoader
instanceKlass java/awt/AWTEvent$1
instanceKlass sun/awt/AWTAccessor$AWTEventAccessor
instanceKlass java/util/EventObject
instanceKlass java/awt/Component$AWTTreeLock
instanceKlass sun/awt/DisplayChangedListener
instanceKlass sun/awt/image/SurfaceManager
instanceKlass sun/awt/image/SurfaceManager$ImageAccessor
instanceKlass java/awt/ImageCapabilities
instanceKlass sun/java2d/DestSurfaceProvider
instanceKlass sun/java2d/loops/RenderCache$Entry
instanceKlass sun/java2d/loops/RenderCache
instanceKlass sun/java2d/pipe/DrawImage
instanceKlass sun/java2d/pipe/GeneralCompositePipe
instanceKlass sun/java2d/pipe/SpanShapeRenderer
instanceKlass sun/java2d/pipe/AlphaPaintPipe
instanceKlass sun/java2d/pipe/AAShapePipe
instanceKlass sun/java2d/pipe/RegionIterator
instanceKlass sun/java2d/pipe/Region
instanceKlass sun/java2d/pipe/SpanClipRenderer
instanceKlass sun/java2d/pipe/PixelToShapeConverter
instanceKlass sun/java2d/pipe/AlphaColorPipe
instanceKlass sun/java2d/pipe/CompositePipe
instanceKlass sun/font/FontUtilities$1
instanceKlass sun/font/FontUtilities
instanceKlass sun/java2d/pipe/GlyphListPipe
instanceKlass sun/java2d/pipe/OutlineTextRenderer
instanceKlass java/util/concurrent/ConcurrentLinkedQueue$Node
instanceKlass sun/java2d/ReentrantContextProvider
instanceKlass sun/java2d/marlin/MarlinProperties
instanceKlass sun/java2d/marlin/MarlinConst
instanceKlass sun/java2d/pipe/RenderingEngine$1
instanceKlass sun/java2d/pipe/RenderingEngine
instanceKlass sun/java2d/pipe/LoopPipe
instanceKlass sun/java2d/pipe/LoopBasedPipe
instanceKlass sun/java2d/pipe/ParallelogramPipe
instanceKlass sun/java2d/pipe/NullPipe
instanceKlass sun/java2d/pipe/DrawImagePipe
instanceKlass sun/java2d/pipe/TextPipe
instanceKlass sun/java2d/pipe/ShapeDrawPipe
instanceKlass sun/java2d/pipe/PixelFillPipe
instanceKlass sun/java2d/pipe/PixelDrawPipe
instanceKlass sun/java2d/StateTrackableDelegate$2
instanceKlass sun/java2d/StateTrackableDelegate
instanceKlass java/awt/color/ICC_Profile$1
instanceKlass sun/java2d/cmm/ProfileActivator
instanceKlass sun/java2d/cmm/ProfileDeferralMgr
instanceKlass java/awt/color/ICC_Profile
instanceKlass java/awt/color/ColorSpace
instanceKlass java/awt/image/ColorModel$1
instanceKlass java/awt/image/ColorModel
instanceKlass sun/awt/image/PixelConverter
instanceKlass sun/java2d/loops/SurfaceType
instanceKlass sun/java2d/SurfaceData
instanceKlass sun/java2d/Surface
instanceKlass sun/java2d/StateTrackable
instanceKlass sun/java2d/DisposerTarget
instanceKlass sun/awt/windows/WToolkit$1
instanceKlass java/util/logging/Logger$1
instanceKlass java/util/Collections$SynchronizedMap
instanceKlass java/util/concurrent/locks/AbstractQueuedSynchronizer$ConditionObject
instanceKlass java/util/concurrent/locks/Condition
instanceKlass sun/awt/KeyboardFocusManagerPeerProvider
instanceKlass sun/awt/InputMethodSupport
instanceKlass sun/awt/ComponentFactory
instanceKlass sun/awt/WindowClosingListener
instanceKlass sun/awt/WindowClosingSupport
instanceKlass java/awt/Toolkit$2
instanceKlass java/awt/Insets
instanceKlass java/lang/invoke/LambdaForm$MH
instanceKlass java/lang/invoke/LambdaForm$MH
instanceKlass java/lang/invoke/InnerClassLambdaMetafactory$1
instanceKlass java/awt/GraphicsEnvironment$$Lambda$1
instanceKlass java/lang/invoke/InfoFromMemberName
instanceKlass java/lang/invoke/MethodHandleInfo
instanceKlass sun/security/action/GetBooleanAction
instanceKlass sun/security/util/SecurityConstants
instanceKlass java/security/AccessController$1
instanceKlass java/lang/invoke/AbstractValidatingLambdaMetafactory
instanceKlass java/lang/invoke/LambdaForm$BMH
instanceKlass java/lang/invoke/LambdaForm$BMH
instanceKlass java/lang/invoke/LambdaForm$BMH
instanceKlass java/lang/invoke/LambdaForm$BMH
instanceKlass jdk/internal/org/objectweb/asm/FieldVisitor
instanceKlass java/lang/invoke/BoundMethodHandle$Factory$1
instanceKlass java/lang/invoke/BoundMethodHandle$SpeciesData$1
instanceKlass java/lang/invoke/LambdaForm$BMH
instanceKlass java/lang/invoke/LambdaForm$MH
instanceKlass java/lang/invoke/LambdaForm$BMH
instanceKlass java/lang/invoke/LambdaForm$MH
instanceKlass java/lang/invoke/LambdaForm$DMH
instanceKlass java/lang/invoke/LambdaForm$DMH
instanceKlass java/lang/invoke/LambdaForm$BMH
instanceKlass java/lang/invoke/LambdaForm$BMH
instanceKlass java/lang/invoke/LambdaForm$MH
instanceKlass java/lang/invoke/LambdaFormBuffer
instanceKlass java/lang/invoke/LambdaFormEditor
instanceKlass java/lang/invoke/LambdaForm$BMH
instanceKlass java/lang/invoke/LambdaForm$DMH
instanceKlass java/lang/invoke/LambdaForm$DMH
instanceKlass java/lang/invoke/LambdaForm$DMH
instanceKlass java/lang/invoke/LambdaForm$DMH
instanceKlass java/lang/invoke/LambdaForm$MH
instanceKlass java/lang/invoke/LambdaForm$DMH
instanceKlass java/lang/invoke/LambdaForm$DMH
instanceKlass java/lang/invoke/LambdaForm$MH
instanceKlass java/lang/invoke/LambdaForm$DMH
instanceKlass java/lang/invoke/LambdaForm$DMH
instanceKlass java/lang/invoke/LambdaForm$MH
instanceKlass java/lang/invoke/LambdaForm$DMH
instanceKlass java/lang/invoke/LambdaForm$DMH
instanceKlass java/lang/invoke/LambdaForm$MH
instanceKlass java/lang/invoke/LambdaForm$DMH
instanceKlass java/lang/invoke/LambdaForm$DMH
instanceKlass java/lang/invoke/LambdaForm$MH
instanceKlass java/lang/invoke/LambdaForm$DMH
instanceKlass java/lang/invoke/LambdaForm$MH
instanceKlass java/lang/invoke/LambdaForm$DMH
instanceKlass java/lang/invoke/LambdaForm$DMH
instanceKlass java/lang/invoke/LambdaForm$MH
instanceKlass java/lang/invoke/LambdaForm$DMH
instanceKlass java/lang/invoke/LambdaForm$DMH
instanceKlass java/lang/invoke/LambdaForm$MH
instanceKlass java/lang/invoke/LambdaForm$DMH
instanceKlass java/lang/invoke/LambdaForm$MH
instanceKlass java/lang/invoke/LambdaForm$DMH
instanceKlass java/lang/invoke/LambdaForm$MH
instanceKlass java/lang/invoke/LambdaForm$DMH
instanceKlass java/lang/invoke/MethodHandleImpl$Lazy
instanceKlass java/lang/invoke/LambdaForm$BMH
instanceKlass java/lang/invoke/LambdaForm$MH
instanceKlass java/lang/invoke/LambdaForm$DMH
instanceKlass java/lang/invoke/LambdaForm$DMH
instanceKlass java/lang/invoke/LambdaForm$DMH
instanceKlass java/lang/invoke/LambdaForm$DMH
instanceKlass java/lang/invoke/LambdaForm$DMH
instanceKlass java/util/SubList$1
instanceKlass java/util/ListIterator
instanceKlass java/lang/invoke/LambdaForm$MH
instanceKlass java/lang/invoke/LambdaForm$MH
instanceKlass java/lang/invoke/LambdaForm$MH
instanceKlass java/lang/invoke/LambdaForm$MH
instanceKlass java/lang/invoke/LambdaForm$MH
instanceKlass java/lang/invoke/LambdaForm$MH
instanceKlass java/lang/invoke/LambdaForm$MH
instanceKlass java/lang/invoke/LambdaForm$MH
instanceKlass java/lang/invoke/LambdaForm$MH
instanceKlass java/lang/invoke/LambdaForm$MH
instanceKlass java/lang/invoke/LambdaForm$MH
instanceKlass java/lang/invoke/LambdaForm$MH
instanceKlass java/lang/invoke/InvokerBytecodeGenerator$CpPatch
instanceKlass java/lang/invoke/LambdaForm$DMH
instanceKlass java/lang/invoke/LambdaForm$DMH
instanceKlass java/lang/invoke/LambdaForm$DMH
instanceKlass java/lang/invoke/LambdaForm$DMH
instanceKlass java/lang/invoke/LambdaForm$DMH
instanceKlass java/lang/invoke/LambdaForm$DMH
instanceKlass sun/invoke/empty/Empty
instanceKlass sun/invoke/util/VerifyType
instanceKlass java/lang/invoke/InvokerBytecodeGenerator$2
instanceKlass jdk/internal/org/objectweb/asm/AnnotationVisitor
instanceKlass jdk/internal/org/objectweb/asm/Frame
instanceKlass jdk/internal/org/objectweb/asm/Label
instanceKlass jdk/internal/org/objectweb/asm/Type
instanceKlass jdk/internal/org/objectweb/asm/MethodVisitor
instanceKlass jdk/internal/org/objectweb/asm/Item
instanceKlass jdk/internal/org/objectweb/asm/ByteVector
instanceKlass jdk/internal/org/objectweb/asm/ClassVisitor
instanceKlass java/lang/invoke/InvokerBytecodeGenerator
instanceKlass java/lang/invoke/DirectMethodHandle$Lazy
instanceKlass sun/invoke/util/BytecodeDescriptor
instanceKlass java/lang/invoke/BoundMethodHandle$Factory
instanceKlass java/lang/invoke/BoundMethodHandle$SpeciesData
instanceKlass java/lang/invoke/LambdaForm$NamedFunction
instanceKlass java/lang/invoke/LambdaForm$Name
instanceKlass sun/invoke/util/ValueConversions
instanceKlass sun/invoke/util/VerifyAccess
instanceKlass java/lang/Long$LongCache
instanceKlass java/lang/Character$CharacterCache
instanceKlass java/lang/Short$ShortCache
instanceKlass java/lang/Byte$ByteCache
instanceKlass sun/invoke/util/Wrapper$Format
instanceKlass java/lang/invoke/MethodHandles
instanceKlass java/lang/invoke/Invokers
instanceKlass java/lang/invoke/MethodTypeForm
instanceKlass java/lang/invoke/MethodType$ConcurrentWeakInternSet
instanceKlass java/lang/invoke/MethodHandles$Lookup
instanceKlass java/lang/invoke/LambdaMetafactory
instanceKlass java/awt/GraphicsEnvironment
instanceKlass java/awt/Toolkit$1
instanceKlass java/awt/Toolkit$3
instanceKlass java/awt/Toolkit$5
instanceKlass sun/awt/AWTAccessor
instanceKlass java/awt/Toolkit$4
instanceKlass sun/awt/AWTAccessor$ToolkitAccessor
instanceKlass java/awt/Toolkit
instanceKlass sun/awt/OSInfo$1
instanceKlass sun/awt/OSInfo$WindowsVersion
instanceKlass sun/awt/OSInfo
instanceKlass javax/swing/UIManager$LookAndFeelInfo
instanceKlass javax/swing/UIManager
instanceKlass javax/swing/Icon
instanceKlass java/awt/Transparency
instanceKlass java/awt/image/WritableRenderedImage
instanceKlass java/awt/Image
instanceKlass com/altera/sopceditor/resources/SystemEditorIconFactory
instanceKlass com/altera/entityinterfaces/IElement
instanceKlass com/altera/librarianinterfaces/IExtensible
instanceKlass com/altera/sopcmodel/util/logger/MessageLoggerUtils
instanceKlass sun/util/logging/LoggingSupport$2
instanceKlass com/altera/utilities/log/LogUtils
instanceKlass java/text/DontCareFieldPosition$1
instanceKlass java/text/Format$FieldDelegate
instanceKlass java/text/DigitList
instanceKlass java/text/FieldPosition
instanceKlass java/util/Currency$CurrencyNameGetter
instanceKlass java/util/Currency$1
instanceKlass java/util/Currency
instanceKlass java/text/DecimalFormatSymbols
instanceKlass java/util/concurrent/atomic/AtomicMarkableReference$Pair
instanceKlass java/util/concurrent/atomic/AtomicMarkableReference
instanceKlass java/text/DateFormatSymbols
instanceKlass sun/util/calendar/CalendarUtils
instanceKlass sun/util/calendar/CalendarDate
instanceKlass sun/util/locale/LanguageTag
instanceKlass java/util/ResourceBundle$RBClassLoader$1
instanceKlass sun/util/resources/LocaleData$1
instanceKlass sun/util/resources/LocaleData
instanceKlass sun/util/locale/provider/LocaleResources
instanceKlass sun/util/locale/provider/CalendarDataUtility$CalendarWeekParameterGetter
instanceKlass sun/util/locale/provider/LocaleServiceProviderPool$LocalizedObjectGetter
instanceKlass sun/util/locale/provider/SPILocaleProviderAdapter$1
instanceKlass sun/util/locale/provider/LocaleServiceProviderPool
instanceKlass sun/util/locale/provider/CalendarDataUtility
instanceKlass java/util/Calendar$Builder
instanceKlass sun/util/locale/provider/JRELocaleProviderAdapter$1
instanceKlass sun/util/locale/provider/LocaleDataMetaInfo
instanceKlass sun/util/locale/provider/AvailableLanguageTags
instanceKlass sun/util/locale/provider/LocaleProviderAdapter$1
instanceKlass java/util/Collections$UnmodifiableCollection$1
instanceKlass sun/util/locale/provider/ResourceBundleBasedAdapter
instanceKlass sun/util/locale/provider/LocaleProviderAdapter
instanceKlass java/util/spi/LocaleServiceProvider
instanceKlass java/util/Calendar
instanceKlass java/util/TimeZone$1
instanceKlass sun/util/calendar/ZoneInfoFile$ZoneOffsetTransitionRule
instanceKlass java/io/DataInput
instanceKlass sun/util/calendar/ZoneInfoFile$1
instanceKlass sun/util/calendar/ZoneInfoFile
instanceKlass java/util/TimeZone
instanceKlass java/text/AttributedCharacterIterator$Attribute
instanceKlass sun/util/calendar/CalendarSystem
instanceKlass java/util/Date
instanceKlass java/util/logging/LogRecord
instanceKlass java/util/Formattable
instanceKlass java/util/Formatter$Conversion
instanceKlass java/util/Formatter$Flags
instanceKlass java/util/Formatter$FormatSpecifier
instanceKlass java/util/Formatter$FixedString
instanceKlass java/util/Formatter$FormatString
instanceKlass java/util/Locale$1
instanceKlass java/util/Formatter
instanceKlass com/altera/utilities/StringResource
instanceKlass com/altera/utilities/AltUtilities
instanceKlass com/altera/utilities/AltCmdLineToolBase$Pair
instanceKlass java/util/Collections$EmptyIterator
instanceKlass com/altera/entityinterfaces/moduleext/AddressMap
instanceKlass com/altera/entityinterfaces/moduleext/AddressWidthType
instanceKlass com/altera/utilities/AltArgs$SwitchDescription
instanceKlass com/altera/utilities/Utilities
instanceKlass java/lang/Class$4
instanceKlass sun/net/www/protocol/jar/JarFileFactory
instanceKlass sun/net/www/protocol/jar/URLJarFile$URLJarFileCloseController
instanceKlass java/net/URLClassLoader$2
instanceKlass java/util/ResourceBundle$Control$1
instanceKlass java/util/ResourceBundle$CacheKeyReference
instanceKlass java/util/ResourceBundle$CacheKey
instanceKlass java/util/ResourceBundle$Control
instanceKlass java/net/URLClassLoader$3$1
instanceKlass sun/misc/CompoundEnumeration
instanceKlass java/net/URLClassLoader$3
instanceKlass sun/misc/URLClassPath$1
instanceKlass java/lang/ClassLoader$2
instanceKlass sun/misc/URLClassPath$2
instanceKlass sun/misc/Launcher$BootClassPathHolder$1
instanceKlass sun/misc/Launcher$BootClassPathHolder
instanceKlass java/util/ServiceLoader$1
instanceKlass java/util/ServiceLoader$LazyIterator
instanceKlass java/util/ServiceLoader
instanceKlass java/util/spi/ResourceBundleControlProvider
instanceKlass java/util/ResourceBundle
instanceKlass com/altera/entityinterfaces/IGetTypes
instanceKlass java/util/logging/ErrorManager
instanceKlass java/util/logging/LogManager$5
instanceKlass sun/reflect/UnsafeFieldAccessorFactory
instanceKlass java/util/logging/LoggingProxyImpl
instanceKlass sun/util/logging/LoggingProxy
instanceKlass sun/util/logging/LoggingSupport$1
instanceKlass sun/util/logging/LoggingSupport
instanceKlass sun/util/logging/PlatformLogger$LoggerProxy
instanceKlass sun/util/logging/PlatformLogger$1
instanceKlass sun/util/logging/PlatformLogger
instanceKlass java/util/Properties$LineReader
instanceKlass java/util/logging/LogManager$LoggerContext$1
instanceKlass java/util/logging/LogManager$3
instanceKlass java/util/logging/LogManager$2
instanceKlass java/lang/Shutdown$Lock
instanceKlass java/lang/Shutdown
instanceKlass java/lang/ApplicationShutdownHooks$1
instanceKlass java/lang/ApplicationShutdownHooks
instanceKlass java/util/logging/LogManager$LogNode
instanceKlass java/util/logging/LogManager$LoggerContext
instanceKlass java/util/logging/LogManager$1
instanceKlass java/util/logging/LogManager
instanceKlass java/util/concurrent/locks/AbstractQueuedSynchronizer$Node
instanceKlass java/util/concurrent/locks/AbstractOwnableSynchronizer
instanceKlass java/util/concurrent/CopyOnWriteArrayList
instanceKlass java/util/logging/Logger$LoggerBundle
instanceKlass java/util/logging/Logger
instanceKlass java/util/logging/Level$KnownLevel
instanceKlass java/util/logging/Level
instanceKlass java/awt/image/RenderedImage
instanceKlass java/awt/Graphics
instanceKlass javax/swing/SwingConstants
instanceKlass java/awt/ItemSelectable
instanceKlass javax/swing/Action
instanceKlass java/awt/event/ActionListener
instanceKlass java/awt/LayoutManager
instanceKlass javax/swing/TransferHandler$HasGetTransferHandler
instanceKlass javax/swing/RootPaneContainer
instanceKlass javax/swing/WindowConstants
instanceKlass javax/accessibility/Accessible
instanceKlass java/awt/event/MouseMotionListener
instanceKlass java/awt/event/MouseListener
instanceKlass java/awt/Component
instanceKlass java/awt/MenuContainer
instanceKlass java/awt/image/ImageObserver
instanceKlass com/altera/ui/util/UiUtils
instanceKlass com/altera/infrastructure/common/QuartusPrime
instanceKlass java/text/Format
instanceKlass com/altera/utilities/AltString
instanceKlass com/altera/utilities/AltConsole
instanceKlass java/util/ArrayList$Itr
instanceKlass org/apache/commons/lang3/StringUtils
instanceKlass com/altera/utilities/AltArgs$AnArg
instanceKlass java/util/regex/Matcher
instanceKlass java/util/regex/MatchResult
instanceKlass com/altera/utilities/AltArgs
instanceKlass java/nio/file/FileSystems$DefaultFileSystemHolder$1
instanceKlass java/nio/file/FileSystems$DefaultFileSystemHolder
instanceKlass java/nio/file/FileSystems
instanceKlass com/altera/utilities/QuartusPlatform
instanceKlass com/altera/infrastructure/common/QsysExeWrapper
instanceKlass java/util/TreeMap$Entry
instanceKlass java/lang/ProcessEnvironment$CheckedEntry
instanceKlass java/util/HashMap$HashIterator
instanceKlass java/lang/ProcessEnvironment$CheckedEntrySet$1
instanceKlass java/util/NavigableMap
instanceKlass java/util/SortedMap
instanceKlass java/util/Collections$UnmodifiableMap
instanceKlass java/lang/ProcessEnvironment$EntryComparator
instanceKlass java/lang/ProcessEnvironment$NameComparator
instanceKlass com/altera/utilities/AltSystem
instanceKlass java/util/regex/Pattern$TreeInfo
instanceKlass java/util/regex/ASCII
instanceKlass java/util/regex/Pattern$Node
instanceKlass java/util/regex/Pattern
instanceKlass com/altera/utilities/AltFile
instanceKlass com/altera/infrastructure/common/QuartusIniFileDiscovery
instanceKlass com/altera/infrastructure/common/QuartusIniDb
instanceKlass com/altera/infrastructure/common/IQuartusIniDb
instanceKlass com/altera/infrastructure/common/QuartusIni
instanceKlass java/lang/Void
instanceKlass java/beans/PropertyChangeListener
instanceKlass java/util/EventListener
instanceKlass com/altera/ui/app/base/ObjectWithPropertyChangeListener
instanceKlass com/altera/utilities/AltCmdLineToolBase$IValueEnum
instanceKlass java/util/TimerTask
instanceKlass com/altera/ipedit/StartupTask
instanceKlass com/altera/ui/app/IEditorTask$IEditorTask2
instanceKlass com/altera/ui/app/IEditorTask
instanceKlass com/altera/ui/app/IEditorWithControllableWindow
instanceKlass com/altera/entityinterfaces/message/IMessageLogger
instanceKlass java/util/logging/Formatter
instanceKlass com/altera/utilities/AltCmdLineToolBase$IWriter
instanceKlass com/altera/utilities/AltCmdLineToolBase$IReader
instanceKlass java/util/logging/Handler
instanceKlass java/lang/Class$MethodArray
instanceKlass sun/launcher/LauncherHelper$FXHelper
instanceKlass com/altera/utilities/AltCmdLineToolBase
instanceKlass com/altera/ui/app/IEditorWithControllableWindow$IHostController
instanceKlass java/io/FilePermission$1
instanceKlass sun/nio/fs/AbstractPath
instanceKlass sun/net/www/MessageHeader
instanceKlass java/net/URLConnection
instanceKlass java/security/PermissionCollection
instanceKlass java/util/zip/CRC32
instanceKlass java/util/zip/Checksum
instanceKlass sun/nio/ByteBuffered
instanceKlass java/lang/Package
instanceKlass sun/security/util/ManifestEntryVerifier
instanceKlass sun/misc/Resource
instanceKlass java/util/LinkedList$Node
instanceKlass sun/misc/ASCIICaseInsensitiveComparator
instanceKlass java/util/jar/Attributes$Name
instanceKlass java/util/jar/Attributes
instanceKlass java/util/jar/JarVerifier$3
instanceKlass java/security/CodeSigner
instanceKlass java/util/jar/JarVerifier
instanceKlass sun/misc/IOUtils
instanceKlass sun/security/action/GetIntegerAction
instanceKlass sun/security/util/SignatureFileVerifier
instanceKlass java/util/zip/ZStreamRef
instanceKlass java/util/zip/Inflater
instanceKlass java/util/zip/ZipEntry
instanceKlass sun/misc/ExtensionDependency
instanceKlass sun/misc/JarIndex
instanceKlass sun/nio/ch/DirectBuffer
instanceKlass sun/misc/PerfCounter$CoreCounters
instanceKlass sun/misc/Perf
instanceKlass sun/misc/Perf$GetPerfAction
instanceKlass sun/misc/PerfCounter
instanceKlass java/util/zip/ZipCoder
instanceKlass java/util/Deque
instanceKlass java/util/Queue
instanceKlass java/nio/charset/StandardCharsets
instanceKlass java/util/jar/JavaUtilJarAccessImpl
instanceKlass sun/misc/JavaUtilJarAccess
instanceKlass sun/misc/FileURLMapper
instanceKlass sun/misc/URLClassPath$JarLoader$1
instanceKlass java/util/zip/ZipFile$1
instanceKlass sun/misc/JavaUtilZipFileAccess
instanceKlass java/util/zip/ZipFile
instanceKlass java/util/zip/ZipConstants
instanceKlass sun/misc/URLClassPath$Loader
instanceKlass sun/misc/URLClassPath$3
instanceKlass sun/net/util/URLUtil
instanceKlass java/net/URLClassLoader$1
instanceKlass java/lang/StringCoding$StringDecoder
instanceKlass java/lang/ThreadLocal$ThreadLocalMap
instanceKlass java/lang/StringCoding
instanceKlass java/lang/invoke/MethodHandleStatics$1
instanceKlass java/lang/invoke/MethodHandleStatics
instanceKlass java/lang/invoke/MemberName$Factory
instanceKlass java/lang/ClassValue$Version
instanceKlass java/lang/ClassValue$Identity
instanceKlass java/lang/ClassValue
instanceKlass java/lang/invoke/MethodHandleImpl$3
instanceKlass java/lang/invoke/MethodHandleImpl$2
instanceKlass java/util/function/Function
instanceKlass java/lang/invoke/MethodHandleImpl$1
instanceKlass java/lang/invoke/MethodHandleImpl
instanceKlass jdk/jfr/internal/EventWriter
instanceKlass java/lang/SystemClassLoaderAction
instanceKlass java/util/LinkedHashMap$LinkedHashIterator
instanceKlass sun/misc/Launcher$AppClassLoader$1
instanceKlass sun/misc/URLClassPath
instanceKlass java/security/Principal
instanceKlass java/security/ProtectionDomain$Key
instanceKlass java/security/ProtectionDomain$2
instanceKlass sun/misc/JavaSecurityProtectionDomainAccess
instanceKlass java/security/ProtectionDomain$JavaSecurityAccessImpl
instanceKlass sun/misc/JavaSecurityAccess
instanceKlass sun/net/util/IPAddressUtil
instanceKlass java/net/URLStreamHandler
instanceKlass java/net/Parts
instanceKlass java/util/BitSet
instanceKlass sun/net/www/ParseUtil
instanceKlass java/io/FileInputStream$1
instanceKlass sun/util/locale/LocaleUtils
instanceKlass java/util/Locale$LocaleKey
instanceKlass sun/util/locale/BaseLocale$Key
instanceKlass sun/util/locale/BaseLocale
instanceKlass java/util/concurrent/ConcurrentHashMap$CollectionView
instanceKlass java/util/concurrent/ConcurrentHashMap$CounterCell
instanceKlass java/util/concurrent/ConcurrentHashMap$Node
instanceKlass java/util/concurrent/locks/ReentrantLock
instanceKlass java/util/concurrent/locks/Lock
instanceKlass java/util/concurrent/ConcurrentMap
instanceKlass sun/util/locale/LocaleObjectCache
instanceKlass java/util/Locale
instanceKlass java/lang/reflect/Array
instanceKlass java/nio/charset/CoderResult$Cache
instanceKlass java/nio/charset/CoderResult
instanceKlass java/nio/charset/CharsetDecoder
instanceKlass sun/nio/cs/ArrayDecoder
instanceKlass java/io/Reader
instanceKlass java/lang/Readable
instanceKlass sun/misc/MetaIndex
instanceKlass java/util/StringTokenizer
instanceKlass sun/misc/Launcher$ExtClassLoader$1
instanceKlass java/net/URLClassLoader$7
instanceKlass sun/misc/JavaNetAccess
instanceKlass java/lang/ClassLoader$ParallelLoaders
instanceKlass sun/security/util/Debug
instanceKlass sun/misc/Launcher$Factory
instanceKlass java/net/URLStreamHandlerFactory
instanceKlass java/lang/Compiler$1
instanceKlass java/lang/Compiler
instanceKlass java/lang/System$2
instanceKlass sun/misc/JavaLangAccess
instanceKlass sun/io/Win32ErrorMode
instanceKlass sun/misc/OSEnvironment
instanceKlass java/lang/Integer$IntegerCache
instanceKlass sun/misc/NativeSignalHandler
instanceKlass sun/misc/Signal
instanceKlass java/lang/Terminator$1
instanceKlass sun/misc/SignalHandler
instanceKlass java/lang/Terminator
instanceKlass java/lang/ClassLoader$NativeLibrary
instanceKlass java/io/ExpiringCache$Entry
instanceKlass java/lang/ClassLoader$3
instanceKlass java/nio/file/Path
instanceKlass java/nio/file/Watchable
instanceKlass java/io/ExpiringCache
instanceKlass java/net/URI$Parser
instanceKlass java/net/URI
instanceKlass java/lang/CharacterData
instanceKlass sun/nio/fs/Util
instanceKlass sun/nio/fs/WindowsPathParser$Result
instanceKlass java/lang/Enum
instanceKlass sun/nio/fs/WindowsPathParser
instanceKlass java/util/AbstractList$Itr
instanceKlass java/nio/file/FileSystem
instanceKlass java/nio/file/spi/FileSystemProvider
instanceKlass sun/nio/fs/DefaultFileSystemProvider
instanceKlass java/io/FileSystem
instanceKlass java/io/DefaultFileSystem
instanceKlass java/nio/Bits$1
instanceKlass sun/misc/JavaNioAccess
instanceKlass java/nio/ByteOrder
instanceKlass java/nio/Bits
instanceKlass java/nio/charset/CodingErrorAction
instanceKlass java/nio/charset/CharsetEncoder
instanceKlass sun/nio/cs/ArrayEncoder
instanceKlass sun/reflect/ReflectionFactory$1
instanceKlass java/lang/Class$1
instanceKlass sun/nio/cs/SingleByte
instanceKlass sun/nio/cs/HistoricallyNamedCharset
instanceKlass sun/security/action/GetPropertyAction
instanceKlass java/lang/ThreadLocal
instanceKlass java/nio/charset/spi/CharsetProvider
instanceKlass java/nio/charset/Charset
instanceKlass java/io/Writer
instanceKlass java/util/Arrays
instanceKlass sun/reflect/misc/ReflectUtil
instanceKlass java/lang/reflect/ReflectAccess
instanceKlass sun/reflect/LangReflectAccess
instanceKlass java/lang/reflect/Modifier
instanceKlass sun/reflect/annotation/AnnotationType
instanceKlass java/lang/Class$AnnotationData
instanceKlass sun/reflect/generics/repository/AbstractRepository
instanceKlass java/lang/Class$Atomic
instanceKlass java/lang/Class$ReflectionData
instanceKlass java/lang/Class$3
instanceKlass java/util/concurrent/atomic/AtomicReferenceFieldUpdater$AtomicReferenceFieldUpdaterImpl$1
instanceKlass java/security/PrivilegedExceptionAction
instanceKlass java/util/concurrent/atomic/AtomicReferenceFieldUpdater
instanceKlass java/io/OutputStream
instanceKlass java/io/Flushable
instanceKlass java/io/FileDescriptor$1
instanceKlass sun/misc/JavaIOFileDescriptorAccess
instanceKlass java/io/FileDescriptor
instanceKlass sun/misc/Version
instanceKlass jdk/internal/util/StaticProperty
instanceKlass java/lang/Runtime
instanceKlass java/util/Hashtable$Enumerator
instanceKlass java/util/Iterator
instanceKlass java/util/Enumeration
instanceKlass java/util/Objects
instanceKlass java/util/Collections$SynchronizedCollection
instanceKlass java/lang/Math
instanceKlass java/util/Hashtable$Entry
instanceKlass sun/misc/VM
instanceKlass java/util/HashMap$Node
instanceKlass java/util/Map$Entry
instanceKlass sun/reflect/Reflection
instanceKlass sun/misc/SharedSecrets
instanceKlass java/lang/ref/Reference$1
instanceKlass sun/misc/JavaLangRefAccess
instanceKlass java/lang/ref/ReferenceQueue$Lock
instanceKlass java/util/Collections$UnmodifiableCollection
instanceKlass java/util/AbstractMap
instanceKlass java/util/Set
instanceKlass java/util/Collections
instanceKlass java/lang/ref/Reference$Lock
instanceKlass sun/reflect/ReflectionFactory
instanceKlass java/util/AbstractCollection
instanceKlass java/util/RandomAccess
instanceKlass java/util/List
instanceKlass java/util/Collection
instanceKlass java/lang/Iterable
instanceKlass java/security/cert/Certificate
instanceKlass sun/reflect/ReflectionFactory$GetReflectionFactoryAction
instanceKlass java/security/PrivilegedAction
instanceKlass java/security/AccessController
instanceKlass java/security/Permission
instanceKlass java/security/Guard
instanceKlass java/lang/String$CaseInsensitiveComparator
instanceKlass java/util/Comparator
instanceKlass java/io/ObjectStreamField
instanceKlass java/lang/Number
instanceKlass java/lang/Character
instanceKlass java/lang/Boolean
instanceKlass java/nio/Buffer
instanceKlass java/lang/StackTraceElement
instanceKlass java/security/CodeSource
instanceKlass sun/misc/Launcher
instanceKlass java/util/jar/Manifest
instanceKlass java/net/URL
instanceKlass java/io/File
instanceKlass java/io/InputStream
instanceKlass java/io/Closeable
instanceKlass java/lang/AutoCloseable
instanceKlass sun/misc/Unsafe
instanceKlass java/lang/AbstractStringBuilder
instanceKlass java/lang/Appendable
instanceKlass java/lang/invoke/CallSite
instanceKlass java/lang/invoke/MethodType
instanceKlass java/lang/invoke/LambdaForm
instanceKlass java/lang/invoke/MethodHandleNatives
instanceKlass java/lang/invoke/MemberName
instanceKlass java/lang/invoke/MethodHandle
instanceKlass sun/reflect/CallerSensitive
instanceKlass java/lang/annotation/Annotation
instanceKlass sun/reflect/FieldAccessor
instanceKlass sun/reflect/ConstantPool
instanceKlass sun/reflect/ConstructorAccessor
instanceKlass sun/reflect/MethodAccessor
instanceKlass sun/reflect/MagicAccessorImpl
instanceKlass java/lang/reflect/Parameter
instanceKlass java/lang/reflect/Member
instanceKlass java/lang/reflect/AccessibleObject
instanceKlass java/util/Dictionary
instanceKlass java/util/Map
instanceKlass java/lang/ThreadGroup
instanceKlass java/lang/Thread$UncaughtExceptionHandler
instanceKlass java/lang/Thread
instanceKlass java/lang/Runnable
instanceKlass java/lang/ref/ReferenceQueue
instanceKlass java/lang/ref/Reference
instanceKlass java/security/AccessControlContext
instanceKlass java/security/ProtectionDomain
instanceKlass java/lang/SecurityManager
instanceKlass java/lang/Throwable
instanceKlass java/lang/System
instanceKlass java/lang/ClassLoader
instanceKlass java/lang/Cloneable
instanceKlass java/lang/Class
instanceKlass java/lang/reflect/Type
instanceKlass java/lang/reflect/GenericDeclaration
instanceKlass java/lang/reflect/AnnotatedElement
instanceKlass java/lang/String
instanceKlass java/lang/CharSequence
instanceKlass java/lang/Comparable
instanceKlass java/io/Serializable
ciInstanceKlass java/lang/Object 1 1 78 7 10 10 10 10 8 10 10 10 100 8 10 3 8 10 10 7 1 1 1 1 1 1 1 1 1 1 1 1 1 1 1 1 1 7 1 1 1 1 1 1 7 1 1 7 1 1 1 1 12 12 7 12 12 1 12 7 12 12 1 1 12 1 12 12 1 1 1 1 1 1 1 1 1 1 1 1
ciInstanceKlass java/io/Serializable 1 0 7 100 100 1 1 1 1
ciInstanceKlass java/lang/String 1 1 548 10 8 9 9 10 100 10 10 10 10 100 10 10 10 10 10 100 8 10 10 8 10 10 10 10 10 10 10 10 10 10 10 100 10 10 10 10 10 10 10 10 10 7 10 10 10 100 100 10 10 11 11 10 10 9 11 10 10 10 10 7 3 10 10 10 10 10 10 10 10 10 10 10 10 10 10 10 11 10 10 10 10 10 7 10 10 8 10 10 3 3 7 10 10 10 10 10 11 7 10 10 100 10 10 10 11 11 11 7 3 10 10 10 10 8 8 8 10 10 10 10 10 10 10 10 10 10 10 7 10 10 10 10 8 10 10 8 8 10 10 10 10 7 9 7 10 7 100 100 100 1 1 1 1 1 1 1 1 1 5 0 1 1 1 1 1 1 1 1 1 1 1 1 1 1 100 100 1 100 1 100 1 1 1 1 1 1 1 1 100 1 100 1 1 1 1 100 100 100 1 1 1 1 1 1 1 1 1 1 1 1 1 1 1 1 1 1 1 1 1 1 1 1 1 1 1 1 1 100 1 1 1 1 1 1 1 1 1 1 1 1 1 1 1 1 1 1 1 1 1 1 1 1 1 1 1 1 1 1 1 1 1 1 1 1 100 1 1 1 100 100 1 100 1 1 1 100 1 1 1 1 1 1 1 1 1 1 1 1 1 1 1 1 1 1 1 1 1 1 1 1 1 12 1 12 12 7 12 1 12 12 12 12 1 7 12 12 12 12 12 1 1 7 12 1 12 12 12 12 12 12 12 100 12 12 1 12 12 7 12 100 12 12 12 12 1 12 1 1 12 12 12 12 7 12 12 7 12 12 12 12 12 1 12 12 12 12 12 12 12 12 12 12 12 12 12 12 12 12 12 12 7 12 12 1 12 12 1 12 1 12 12 12 12 7 12 1 12 12 1 12 12 100 12 100 12 12 1 12 12 12 7 12 1 1 1 100 12 12 12 12 12 12 12 12 12 12 12 1 12 12 1 12 1 1 7 12 100 12 7 12 12 1 12 1 12 1 1 1 1 1 1 1 1 1 1 1 1 1 1 1 1 1 1 1 1 1 1 1 1 1 1 1 1 1 1 1 1 1 1 1 1 1 1 1 1 1 1 1 1 1 1 1 1 1 1 1 1 1 1 1 1 1 1 1 1 1 1 1 1 1 1 1 1 1 1 1 1 1 1 1 1 1 1 1 1 1 1 1 1 1 1 1 1 1 1 1 1 1 1 1 1 1 1 1 1 1
staticfield java/lang/String serialPersistentFields [Ljava/io/ObjectStreamField; 0 [Ljava/io/ObjectStreamField;
staticfield java/lang/String CASE_INSENSITIVE_ORDER Ljava/util/Comparator; java/lang/String$CaseInsensitiveComparator
ciInstanceKlass java/lang/Class 1 1 1224 9 9 10 10 10 10 9 9 9 9 7 10 10 8 10 8 8 10 10 10 10 10 10 10 10 10 8 10 8 8 10 11 10 10 10 10 10 9 10 100 10 9 7 100 8 10 10 7 10 10 7 100 10 10 10 10 9 10 7 10 100 10 10 10 9 10 10 10 10 10 7 7 10 10 10 10 10 9 10 7 10 10 10 10 10 10 10 10 10 10 10 10 10 10 10 10 10 10 100 8 10 10 100 10 100 11 10 10 10 10 10 10 10 8 10 10 10 8 10 10 10 8 10 8 10 10 10 10 8 10 100 10 10 10 10 100 10 100 10 10 10 10 10 10 10 10 7 10 10 10 10 10 10 10 10 10 10 10 10 10 9 10 9 7 10 9 10 7 10 9 10 10 10 10 10 10 10 8 10 10 9 10 7 9 10 10 7 10 10 10 10 9 10 9 10 10 10 10 9 9 10 9 7 10 7 10 10 11 11 11 7 11 11 9 9 7 7 10 9 9 10 10 9 7 10 10 10 10 10 10 10 10 10 10 10 10 10 10 10 10 10 10 10 10 10 10 10 10 10 8 7 10 8 8 8 8 10 10 9 9 10 7 9 7 10 7 7 10 10 10 8 10 7 10 7 10 100 8 10 7 10 10 11 10 7 10 10 8 8 10 10 9 11 7 11 9 10 10 10 9 9 10 10 10 10 10 11 11 11 11 7 11 10 10 100 11 10 10 10 11 11 7 10 10 9 9 10 10 10 10 7 9 100 7 100 100 1 1 1 1 7 1 1 1 1 1 3 1 3 1 3 1 1 1 1 1 1 1 1 1 1 1 1 1 1 1 1 1 1 1 1 1 1 1 5 0 1 1 1 1 1 1 1 1 1 1 1 1 1 1 1 1 100 1 1 1 1 1 1 1 1 1 1 1 100 100 100 1 100 1 1 1 100 1 1 1 1 100 1 1 1 1 1 1 100 100 100 1 1 1 1 1 1 1 1 1 1 1 1 1 1 1 1 100 1 1 1 100 1 1 1 1 1 1 1 1 1 1 100 1 1 1 1 100 1 1 1 1 1 1 1 1 1 1 100 100 100 100 100 1 1 1 1 1 1 1 1 100 1 1 1 1 1 1 100 1 1 1 1 1 1 1 100 1 1 1 1 1 1 1 1 1 1 1 100 1 1 1 1 1 1 1 1 1 1 1 1 1 1 1 1 1 1 1 100 1 1 1 1 1 1 1 1 1 1 100 1 1 1 1 1 1 1 1 1 1 1 1 1 1 1 1 1 1 100 1 1 100 100 1 1 1 1 1 1 1 1 1 1 100 1 1 1 1 1 1 1 1 1 1 1 1 1 1 1 1 1 1 1 100 1 1 1 1 1 1 1 1 1 1 1 1 1 100 1 1 1 1 1 1 1 1 100 1 100 1 1 1 1 1 1 1 1 1 1 1 1 1 1 1 1 1 1 1 1 1 1 1 100 1 1 100 100 1 1 1 1 1 1 1 1 1 1 1 1 1 1 1 1 1 1 1 1 1 12 12 12 12 12 12 12 12 12 12 1 12 1 12 1 1 12 12 12 12 7 12 12 12 12 1 12 1 1 12 12 7 12 7 12 12 7 12 100 12 7 12 100 12 1 12 12 1 1 1 12 12 1 12 7 12 1 1 12 12 12 12 12 1 100 12 12 12 12 12 12 12 12 7 1 1 12 12 7 12 12 12 12 7 12 1 12 12 12 12 12 12 100 12 12 12 12 12 12 7 12 12 12 1 1 12 1 12 1 12 100 12 12 12 100 12 12 1 12 12 12 1 12 12 12 1 12 1 12 12 12 12 1 12 1 12 12 12 1 12 1 12 12 12 12 12 12 12 12 1 12 12 12 12 12 12 12 12 12 12 12 12 12 12 1 12 12 1 12 12 100 12 12 12 100 12 12 12 12 1 12 12 12 12 1 12 12 12 1 12 12 7 12 7 12 12 12 12 12 12 12 12 12 12 12 12 1 1 12 7 12 12 7 12 1 12 7 12 12 1 1 12 12 12 12 12 12 1 12 12 12 12 12 12 12 12 12 12 12 12 12 12 12 12 12 12 12 12 1 1 7 1 1 1 1 12 12 12 12 12 1 12 1 1 1 1 12 7 1 12 1 12 1 12 1 1 1 12 7 12 12 1 12 1 1 7 12 12 12 12 1 12 12 100 12 7 12 12 12 12 12 12 12 12 12 12 7 12 12 1 1 12 7 12 12 1 100 12 12 12 12 1 12 12 12 100 12 12 100 12 12 12 1 12 1 1 1 1 1 100 1 1 1 1 1 1 1 1 1 1 1 1 1 1 1 1 1 1 1 1 1 1 1 1 1 1 1 1 1 1 1 1 1 1 1 1 1 1 1 1 1 1 1 1 1 1 1 1 1 1 1 1 1 1 1 1 1 1 1 1 1 1 1 1 1 1 1 1 1 1 1 1 1 1 1 1 1 1 1 1 1 1 1 1 1 1 1 1 1 1 1 1 1 1 1 1 1 1 1 1 1 1 1 1 1 1 1 1 1 1 1 1 1 1 1 1 1 1 1 1 1 1 1 1 1 1 1 1 1 1 1 1 1 1 1 1 1 1 1 1 1 1 1 1 1 1 1 1 1 1 1 1 1 1 1 1 1 1 1 1 1 1 1 1 1 1 1 1 1 1 1 1 1 1 1 1 1 1 1 1 1 1 1 1 1 1 1 1 1 1 1 1 1 1 1 1 1 1 1 1 1 1 1 1 1 1 1 1 1
staticfield java/lang/Class serialPersistentFields [Ljava/io/ObjectStreamField; 0 [Ljava/io/ObjectStreamField;
ciInstanceKlass java/lang/Cloneable 1 0 7 100 100 1 1 1 1
instanceKlass java/util/ResourceBundle$RBClassLoader
instanceKlass sun/reflect/DelegatingClassLoader
instanceKlass java/security/SecureClassLoader
ciInstanceKlass java/lang/ClassLoader 1 1 848 9 9 9 10 10 10 10 7 10 7 7 7 10 10 9 7 10 9 9 9 9 9 9 10 10 7 10 9 9 7 9 7 10 10 10 10 10 10 10 10 10 7 10 10 10 10 10 10 10 10 10 10 10 10 10 10 10 100 10 100 10 10 10 10 10 100 100 10 8 10 10 10 8 10 100 8 10 10 10 10 10 10 10 10 10 10 10 10 10 10 10 10 10 10 10 10 10 10 10 10 8 11 9 11 10 8 8 10 10 10 10 10 10 10 10 7 7 10 10 10 7 10 10 10 7 10 10 10 10 10 10 7 10 10 10 7 10 10 10 9 9 100 8 10 10 10 7 10 10 100 10 100 10 100 10 10 10 10 10 9 10 10 7 10 7 10 10 10 10 10 10 10 10 11 11 11 100 10 9 10 10 7 8 10 9 8 10 9 8 7 10 10 100 8 10 10 10 8 8 10 10 10 8 8 10 10 7 10 10 10 9 10 10 7 9 10 10 8 8 10 10 10 8 10 10 10 10 9 10 10 10 100 10 10 10 10 9 9 9 9 9 10 7 7 10 1 1 7 1 1 1 1 1 1 1 1 1 1 1 1 1 1 1 1 1 1 1 1 1 1 1 1 1 1 1 1 1 1 1 1 1 1 1 1 1 1 1 1 1 1 1 1 1 1 1 1 1 1 100 1 1 100 100 1 1 1 1 1 1 100 100 100 100 100 1 1 1 1 1 1 100 100 1 1 1 1 7 1 1 1 1 1 1 1 1 1 1 100 1 1 1 1 1 1 1 1 1 1 1 1 1 1 1 1 100 100 1 1 1 1 1 1 1 1 1 1 1 1 1 1 100 1 1 1 1 1 1 1 1 1 1 1 100 100 1 1 1 1 1 100 100 1 1 1 1 1 100 100 1 1 1 1 1 1 1 1 1 1 1 1 100 1 1 1 1 1 1 1 1 100 1 1 100 1 1 1 1 100 100 1 1 1 1 1 1 1 1 1 1 100 1 100 1 1 1 1 1 1 1 1 1 12 12 12 12 7 12 100 12 12 1 1 1 12 12 12 1 12 12 12 12 12 12 12 12 1 12 12 1 12 1 12 12 12 12 12 12 12 12 1 12 7 12 12 12 12 12 12 12 12 12 100 12 7 12 12 12 12 1 12 1 12 7 12 12 12 12 1 1 1 12 12 1 12 1 1 12 12 12 12 7 12 12 12 12 12 12 100 12 12 12 12 12 12 12 12 12 12 7 12 12 1 7 12 12 12 12 1 1 12 12 12 12 12 12 12 12 1 1 12 12 12 1 12 100 12 7 12 1 12 12 12 7 12 7 12 1 12 7 12 1 12 12 12 12 12 1 1 12 12 1 12 12 1 12 1 100 1 12 12 12 12 12 100 12 12 12 1 1 12 12 12 12 12 12 12 100 12 1 12 12 12 12 1 1 12 1 12 12 1 1 12 1 1 12 12 1 1 12 12 100 12 1 1 12 1 12 12 12 12 12 1 12 12 1 1 12 1 12 12 12 12 12 12 12 12 1 12 12 12 12 100 12 12 12 12 12 12 1 1 1 1 1 1 1 1 1 1 1 1 1 1 1 1 1 1 1 1 1 1 1 1 1 1 1 1 1 1 1 1 1 1 1 1 1 1 1 1 1 1 1 1 1 1 1 1 1 1 1 1 1 1 1 1 1 1 1 1 1 1 1 1 1 1 1 1 1 1 1 1 1 1 1 1 1 1 1 1 1 1 1 1 1 1 1 1 1 1 1 1 1 1 1 1 1 1 1 1 1 1 1 1 1 1 1 1 1 1 1 1 1 1 1 1 1 1 1 1 1 1 1 1 1 1 1 1 1 1 1 1 1 1 1 1 1 1 1 1 1 1 1 1 1 1 1 1 1 1 1 1 1 1 1 1 1 1 1
staticfield java/lang/ClassLoader nocerts [Ljava/security/cert/Certificate; 0 [Ljava/security/cert/Certificate;
ciInstanceKlass java/lang/System 1 1 380 10 10 10 10 10 9 7 10 11 10 10 10 100 8 10 10 8 10 100 10 8 10 10 100 10 10 9 10 9 9 7 10 10 10 10 10 10 100 100 8 10 10 7 10 100 8 10 8 10 100 8 10 100 10 8 10 10 10 8 10 10 10 10 10 10 10 10 10 7 7 10 10 100 10 10 8 10 10 7 9 10 7 9 10 9 7 10 8 10 8 8 10 10 10 10 10 10 10 10 7 10 10 10 9 9 9 100 1 1 1 1 1 1 1 1 1 1 1 1 1 1 1 1 1 1 1 1 1 1 1 1 1 1 1 100 100 1 1 1 100 1 100 1 1 1 1 1 100 1 1 1 1 1 1 1 1 1 1 1 1 1 1 1 1 1 1 1 1 1 1 1 1 1 1 1 1 1 1 1 1 1 1 1 1 1 1 1 1 1 1 1 100 1 1 1 1 1 12 12 12 12 12 12 1 7 12 100 12 100 12 12 12 1 1 12 100 12 1 12 1 12 12 100 12 1 12 100 12 12 12 12 12 1 12 12 12 12 12 1 1 1 12 12 1 12 1 1 1 12 1 1 1 1 12 12 7 12 1 12 7 12 12 12 12 12 7 12 12 12 1 1 12 12 1 12 7 12 1 7 12 7 12 1 7 12 12 1 12 12 1 12 1 12 1 1 12 7 12 12 7 12 12 7 12 12 12 1 12 12 12 12 12 1 1 1 1 1 1 1 1 1 1 1 1 1 1 1 1 1 1 1 1 1 1 1 1 1 1 1 1 1 1 1 1 1 1 1 1 1 1 1 1 1 1 1 1 1 1 1 1 1 1 1 1 1 1 1 1 1 1 1 1 1 1 1 1 1 1 1
staticfield java/lang/System in Ljava/io/InputStream; java/io/BufferedInputStream
staticfield java/lang/System out Ljava/io/PrintStream; java/io/PrintStream
staticfield java/lang/System err Ljava/io/PrintStream; java/io/PrintStream
instanceKlass java/lang/Exception
instanceKlass java/lang/Error
ciInstanceKlass java/lang/Throwable 1 1 363 10 9 9 9 9 9 10 9 10 10 100 100 10 8 10 8 10 10 10 100 8 10 10 10 10 8 9 10 100 10 10 100 10 10 11 10 10 10 8 10 10 7 8 8 10 10 8 8 9 10 100 10 11 8 8 10 8 10 8 100 10 9 10 10 7 10 7 10 10 100 8 10 10 10 10 7 10 10 11 11 11 8 8 10 11 10 9 8 7 10 100 8 10 11 8 9 10 9 11 100 10 10 100 100 1 1 1 100 1 100 1 1 1 1 5 0 1 1 1 1 1 1 1 1 1 1 1 1 1 1 1 1 1 1 1 1 1 1 1 1 1 1 1 1 1 1 100 100 1 1 1 1 1 1 1 1 1 1 1 1 100 100 100 1 1 1 1 1 1 1 1 1 1 1 1 1 1 1 1 1 100 100 100 1 100 100 1 1 1 1 1 1 1 1 1 1 1 12 12 12 12 12 12 12 12 12 12 1 1 1 12 1 100 12 12 1 1 12 7 12 12 1 100 12 12 1 12 12 1 7 12 100 12 12 12 12 1 12 12 1 1 1 12 12 1 1 12 100 12 1 12 1 1 12 1 12 1 1 12 12 12 7 12 12 1 12 100 1 1 12 100 12 100 12 1 100 12 12 100 12 100 12 12 1 1 100 12 1 1 12 1 1 12 1 12 100 12 12 12 12 12 1 1 1 1 1 1 1 1 1 1 1 1 1 1 1 1 1 1 1 1 1 1 1 1 1 1 1 1 1 1 1 1 1 1 1 1 1 1 1 1 1 1 1 1 1 1 1 1 1 1 1 1 1 1 1 1 1 1 1 1 1
staticfield java/lang/Throwable UNASSIGNED_STACK [Ljava/lang/StackTraceElement; 0 [Ljava/lang/StackTraceElement;
staticfield java/lang/Throwable SUPPRESSED_SENTINEL Ljava/util/List; java/util/Collections$UnmodifiableRandomAccessList
staticfield java/lang/Throwable EMPTY_THROWABLE_ARRAY [Ljava/lang/Throwable; 0 [Ljava/lang/Throwable;
staticfield java/lang/Throwable $assertionsDisabled Z 1
instanceKlass java/util/ServiceConfigurationError
instanceKlass javax/xml/parsers/FactoryConfigurationError
instanceKlass java/lang/AssertionError
instanceKlass com/altera/utilities/altNode/AltNodeException
instanceKlass java/lang/VirtualMachineError
instanceKlass java/lang/LinkageError
instanceKlass java/lang/ThreadDeath
ciInstanceKlass java/lang/Error 1 1 30 10 10 10 10 10 100 7 1 1 1 5 0 1 1 1 1 1 1 1 1 1 1 12 12 12 12 12 1 1
ciInstanceKlass java/lang/ThreadDeath 0 0 18 10 100 100 1 1 1 5 0 1 1 1 1 1 1 12 1 1
instanceKlass com/altera/hdlwriter/EntityWritingException
instanceKlass com/altera/tcl/interpreter/TclObjectConverter$TclConvertException
instanceKlass com/altera/tcl/interpreter/SimpleTclCommandHelper$TclCommandException
instanceKlass com/altera/minieval2/MiniEvalException
instanceKlass javax/xml/xpath/XPathException
instanceKlass javax/xml/stream/XMLStreamException
instanceKlass com/sun/xml/bind/v2/model/impl/ClassInfoImpl$DuplicateException
instanceKlass com/sun/xml/bind/v2/model/impl/ClassInfoImpl$ConflictException
instanceKlass javax/activation/MimeTypeParseException
instanceKlass javax/xml/datatype/DatatypeConfigurationException
instanceKlass com/sun/xml/bind/api/AccessorException
instanceKlass javax/xml/transform/TransformerException
instanceKlass tcl/lang/TclException
instanceKlass javax/xml/bind/JAXBException
instanceKlass javax/xml/parsers/ParserConfigurationException
instanceKlass org/xml/sax/SAXException
instanceKlass de/concept/nlview/NlviewArgListException
instanceKlass java/awt/print/PrinterException
instanceKlass de/concept/nlview/NlviewException
instanceKlass java/net/URISyntaxException
instanceKlass javax/swing/tree/ExpandVetoException
instanceKlass javax/swing/text/BadLocationException
instanceKlass java/awt/AWTException
instanceKlass java/beans/PropertyVetoException
instanceKlass java/util/TooManyListenersException
instanceKlass java/lang/CloneNotSupportedException
instanceKlass java/beans/IntrospectionException
instanceKlass com/altera/jdbcsqlite/Exception
instanceKlass java/sql/SQLException
instanceKlass com/altera/infrastructure/devices/DeviceDBException
instanceKlass java/security/PrivilegedActionException
instanceKlass java/io/IOException
instanceKlass java/lang/InterruptedException
instanceKlass java/lang/ReflectiveOperationException
instanceKlass java/lang/RuntimeException
ciInstanceKlass java/lang/Exception 1 1 30 10 10 10 10 10 100 7 1 1 1 5 0 1 1 1 1 1 1 1 1 1 1 12 12 12 12 12 1 1
instanceKlass org/apache/commons/lang3/exception/CloneFailedException
instanceKlass com/altera/hdlwriter/internal/EntityWritingError
instanceKlass com/altera/tcl/interpreter/RuntimeTclError
instanceKlass com/altera/utilities/FileUtilities$AlteraIpException
instanceKlass java/util/ConcurrentModificationException
instanceKlass com/sun/org/apache/xerces/internal/xni/XNIException
instanceKlass java/lang/reflect/MalformedParameterizedTypeException
instanceKlass tcl/lang/TclRuntimeError
instanceKlass bibliothek/gui/dock/station/split/SplitDropTreeException
instanceKlass java/util/NoSuchElementException
instanceKlass bibliothek/util/xml/XException
instanceKlass javax/swing/undo/CannotRedoException
instanceKlass javax/swing/undo/CannotUndoException
instanceKlass java/lang/IndexOutOfBoundsException
instanceKlass java/lang/reflect/UndeclaredThrowableException
instanceKlass java/lang/invoke/WrongMethodTypeException
instanceKlass java/lang/UnsupportedOperationException
instanceKlass java/lang/SecurityException
instanceKlass java/lang/IllegalStateException
instanceKlass java/util/MissingResourceException
instanceKlass java/lang/IllegalArgumentException
instanceKlass java/lang/ArithmeticException
instanceKlass java/lang/NullPointerException
instanceKlass java/lang/IllegalMonitorStateException
instanceKlass java/lang/ArrayStoreException
instanceKlass java/lang/ClassCastException
ciInstanceKlass java/lang/RuntimeException 1 1 30 10 10 10 10 10 100 7 1 1 1 5 0 1 1 1 1 1 1 1 1 1 1 12 12 12 12 12 1 1
ciInstanceKlass java/lang/SecurityManager 0 0 383 9 10 100 9 10 9 100 10 100 8 10 10 10 10 10 10 10 10 10 100 10 10 9 10 10 10 100 8 10 9 9 8 9 100 10 8 10 10 10 100 10 10 100 100 8 10 8 8 8 8 8 8 10 8 8 8 8 8 10 10 8 100 8 10 8 8 8 8 8 10 8 100 8 8 10 8 9 8 9 9 8 10 100 8 10 10 100 10 10 10 8 9 9 100 10 10 10 9 8 8 9 9 100 10 9 8 8 8 10 10 9 100 10 10 100 1 1 1 1 1 1 1 1 1 1 1 1 1 1 1 1 1 1 1 1 1 1 100 1 1 1 100 100 100 1 1 1 1 100 1 1 1 100 1 1 1 1 1 1 1 1 1 1 1 1 1 1 1 1 1 1 100 1 1 1 1 1 1 1 100 1 1 1 1 1 1 1 1 1 1 1 1 1 100 1 1 1 1 1 100 1 1 1 1 1 100 100 1 1 1 1 1 100 1 1 1 1 1 1 1 1 12 12 1 12 12 12 1 100 12 1 1 12 12 12 12 12 12 12 100 12 1 12 100 12 12 100 12 1 1 12 12 1 12 1 1 12 12 12 1 12 1 1 1 12 1 1 1 1 1 1 12 1 1 1 1 1 12 12 1 1 1 1 1 1 1 1 100 12 1 1 1 1 1 100 12 1 12 12 1 12 1 1 12 1 12 12 12 1 12 12 1 12 12 12 12 1 1 12 12 1 12 1 1 1 12 100 12 12 1 12 1 1 1 1 1 1 1 1 1 1 1 1 1 1 1 1 1 1 1 1 1 1 1 1 1 1 1 1 1 1 1 1 1 1 1 1 1 1 1 1 1 1 1 1 1 1 1 1 1 1 1
ciInstanceKlass java/security/ProtectionDomain 1 1 287 9 10 9 7 10 9 9 9 10 7 9 9 7 9 10 100 10 10 10 10 9 10 8 100 8 10 10 10 10 10 8 11 8 10 8 8 10 10 10 10 8 10 8 8 10 9 10 9 10 100 100 10 10 7 10 100 10 10 11 11 11 100 10 10 11 11 10 10 11 10 7 10 10 8 10 7 10 10 7 7 1 1 1 1 1 1 1 1 1 1 1 1 1 1 1 1 1 1 1 1 1 1 1 100 100 100 1 100 1 1 1 1 1 1 1 1 1 1 1 1 1 1 100 100 1 100 100 1 100 100 100 100 100 100 100 1 1 1 1 1 1 12 12 12 1 12 12 12 12 12 1 12 12 1 12 100 12 100 100 12 12 12 100 12 1 1 1 12 12 100 12 12 1 1 12 1 1 12 12 12 12 1 12 1 1 100 12 12 12 12 100 12 1 1 100 12 1 1 12 12 100 12 12 100 12 1 12 12 12 12 100 12 12 12 1 12 7 12 1 7 12 1 12 1 1 1 1 1 1 1 1 1 1 1 1 1 1 1 1 1 1 1 1 1 1 1 1 1 1 1 1 1 1 1 1 1 1 1 1 1 1 1 1 1 1 1 1 1 1 1 1 1 1 1 1 1 1 1 1 1 1 1 1 1 1 1
staticfield java/security/ProtectionDomain debug Lsun/security/util/Debug; null
ciInstanceKlass java/security/AccessControlContext 1 1 313 9 9 10 8 10 10 9 9 9 10 7 100 10 11 11 11 11 7 11 10 10 9 10 11 10 7 100 8 10 10 7 9 9 9 9 9 9 9 10 9 10 10 8 10 10 10 100 10 10 10 10 8 10 8 10 8 8 10 8 10 8 10 10 10 8 8 100 10 10 100 10 8 10 10 10 8 10 10 10 7 10 10 10 10 10 10 10 10 7 1 1 1 1 1 1 1 1 1 1 1 1 1 1 1 1 1 1 1 1 1 1 1 1 1 1 100 100 1 1 100 1 100 100 1 1 1 1 1 1 1 1 100 1 1 1 100 1 1 100 1 1 1 1 1 1 1 1 1 1 1 1 1 1 1 1 1 1 1 1 1 1 1 12 12 100 12 1 100 12 12 12 12 12 7 12 1 12 100 12 12 12 12 1 12 12 7 12 100 12 100 12 100 12 1 1 1 12 12 1 12 12 12 12 12 12 12 7 12 12 12 12 1 12 12 100 12 1 12 100 12 1 100 12 1 100 12 1 1 12 1 12 1 12 12 12 1 1 1 12 12 1 12 1 12 1 12 12 12 1 12 12 12 12 12 12 1 1 1 1 1 1 1 1 1 1 1 1 1 1 1 1 1 1 1 1 1 1 1 1 1 1 1 1 1 1 1 1 1 1 1 1 1 1 1 1 1 1 1 1 1 1 1 1 1 1 1 1 1 1 1 1 1
instanceKlass sun/reflect/misc/MethodUtil
instanceKlass java/net/URLClassLoader
ciInstanceKlass java/security/SecureClassLoader 1 1 134 10 7 10 9 10 10 9 10 10 10 10 10 7 10 10 7 10 10 10 9 100 10 8 10 10 10 10 8 100 8 10 8 10 10 7 7 1 1 1 1 1 1 1 1 1 1 1 1 1 100 100 100 1 1 1 1 1 1 1 1 1 1 100 100 100 1 1 1 1 12 1 12 12 7 12 100 12 12 12 12 12 12 12 1 12 1 12 12 12 12 1 1 12 12 12 7 12 1 1 1 12 1 12 12 1 1 1 1 1 1 1 1 1 1 1 1 1 1 1 1 1 1 1 1 1 1 1 1 1 1 1 1 1
staticfield java/security/SecureClassLoader debug Lsun/security/util/Debug; null
instanceKlass java/lang/NoSuchFieldException
instanceKlass java/lang/InstantiationException
instanceKlass java/lang/NoSuchMethodException
instanceKlass java/lang/IllegalAccessException
instanceKlass java/lang/reflect/InvocationTargetException
instanceKlass java/lang/ClassNotFoundException
ciInstanceKlass java/lang/ReflectiveOperationException 1 1 27 10 10 10 10 100 7 1 1 1 5 0 1 1 1 1 1 1 1 1 1 12 12 12 12 1 1
ciInstanceKlass java/lang/ClassNotFoundException 1 1 32 100 10 10 9 100 7 1 1 1 5 0 1 1 1 1 1 1 1 1 1 1 1 1 1 1 12 12 12 1 1 1
instanceKlass java/lang/ClassFormatError
instanceKlass java/lang/ExceptionInInitializerError
instanceKlass java/lang/UnsatisfiedLinkError
instanceKlass java/lang/IncompatibleClassChangeError
instanceKlass java/lang/BootstrapMethodError
instanceKlass java/lang/NoClassDefFoundError
ciInstanceKlass java/lang/LinkageError 1 1 24 10 10 10 100 7 1 1 1 5 0 1 1 1 1 1 1 1 1 12 12 12 1 1
ciInstanceKlass java/lang/NoClassDefFoundError 0 0 21 10 10 100 100 1 1 1 5 0 1 1 1 1 1 1 1 12 12 1 1
ciInstanceKlass java/lang/ClassCastException 1 1 21 10 10 100 7 1 1 1 5 0 1 1 1 1 1 1 1 12 12 1 1
ciInstanceKlass java/lang/ArrayStoreException 1 1 21 10 10 100 100 1 1 1 5 0 1 1 1 1 1 1 1 12 12 1 1
instanceKlass java/lang/InternalError
instanceKlass java/lang/StackOverflowError
instanceKlass java/lang/OutOfMemoryError
ciInstanceKlass java/lang/VirtualMachineError 1 1 27 10 10 10 10 100 100 1 1 1 5 0 1 1 1 1 1 1 1 1 1 12 12 12 12 1 1
ciInstanceKlass java/lang/OutOfMemoryError 1 1 21 10 10 100 100 1 1 1 5 0 1 1 1 1 1 1 1 12 12 1 1
ciInstanceKlass java/lang/StackOverflowError 1 1 21 10 10 100 100 1 1 1 5 0 1 1 1 1 1 1 1 12 12 1 1
ciInstanceKlass java/lang/IllegalMonitorStateException 1 1 21 10 10 100 100 1 1 1 5 0 1 1 1 1 1 1 1 12 12 1 1
instanceKlass java/lang/ref/PhantomReference
instanceKlass java/lang/ref/FinalReference
instanceKlass java/lang/ref/WeakReference
instanceKlass java/lang/ref/SoftReference
ciInstanceKlass java/lang/ref/Reference 1 1 146 9 9 7 9 10 100 10 100 10 9 9 10 9 9 100 10 10 10 7 10 10 10 10 7 8 10 7 10 10 10 7 10 10 7 7 1 1 1 1 1 1 1 1 1 1 1 1 1 1 1 1 1 1 1 1 1 1 1 100 100 100 100 100 100 100 1 1 1 1 1 1 1 1 1 1 1 1 1 1 1 1 100 1 1 1 12 12 1 12 12 1 12 1 12 12 7 12 12 12 12 1 12 12 1 12 12 12 7 12 1 1 12 1 12 12 12 1 7 12 1 1 1 1 1 1 1 1 1 1 1 1 1 1 1 1 1 1 1 1 1 1 1 1 1 1
instanceKlass sun/font/FontDesignMetrics$KeyReference
instanceKlass sun/font/StrikeCache$SoftDisposerRef
instanceKlass sun/misc/SoftCache$ValueCell
instanceKlass java/lang/invoke/LambdaFormEditor$Transform
instanceKlass sun/util/locale/provider/LocaleResources$ResourceReference
instanceKlass java/util/ResourceBundle$BundleReference
instanceKlass sun/util/locale/LocaleObjectCache$CacheEntry
ciInstanceKlass java/lang/ref/SoftReference 1 1 35 10 9 9 10 10 7 7 1 1 1 1 1 1 1 1 1 1 1 1 1 1 100 1 1 1 1 12 12 12 12 12 1 1 1
instanceKlass sun/nio/ch/SharedFileLockTable$FileLockReference
instanceKlass sun/java2d/ReentrantContextProvider$HardReference
instanceKlass java/lang/reflect/Proxy$Key2
instanceKlass javax/swing/text/DefaultStyledDocument$AbstractChangeHandler$DocReference
instanceKlass javax/swing/text/GapContent$MarkData
instanceKlass java/beans/WeakIdentityMap$Entry
instanceKlass javax/swing/ActionPropertyChangeListener$OwnedWeakReference
instanceKlass sun/awt/image/ImageWatched$AccWeakReference
instanceKlass java/lang/reflect/WeakCache$CacheValue
instanceKlass java/lang/reflect/Proxy$Key1
instanceKlass java/lang/reflect/WeakCache$CacheKey
instanceKlass com/sun/java/swing/plaf/windows/DesktopProperty$WeakPCL
instanceKlass javax/swing/plaf/metal/MetalLookAndFeel$AATextListener
instanceKlass java/lang/invoke/MethodType$ConcurrentWeakInternSet$WeakEntry
instanceKlass java/util/ResourceBundle$LoaderReference
instanceKlass java/util/logging/LogManager$LoggerWeakRef
instanceKlass java/lang/ThreadLocal$ThreadLocalMap$Entry
instanceKlass java/lang/ClassValue$Entry
instanceKlass java/util/WeakHashMap$Entry
ciInstanceKlass java/lang/ref/WeakReference 1 1 20 10 10 100 7 1 1 1 1 1 1 1 1 1 1 1 12 12 1 1
instanceKlass java/lang/ref/Finalizer
ciInstanceKlass java/lang/ref/FinalReference 1 1 25 10 100 8 10 100 7 1 1 1 1 1 1 1 1 1 1 1 12 1 1 12 1 1 1
instanceKlass sun/misc/Cleaner
ciInstanceKlass java/lang/ref/PhantomReference 1 1 19 10 100 7 1 1 1 1 1 1 1 1 1 1 1 1 12 1 1
ciInstanceKlass java/lang/ref/Finalizer 1 1 143 10 9 9 9 9 9 10 10 7 10 10 10 10 7 11 100 10 100 10 10 10 100 10 10 7 10 7 10 10 10 10 7 10 7 10 10 10 7 1 1 1 1 1 1 1 1 1 1 1 1 1 1 1 1 1 1 1 100 100 1 1 1 1 1 1 1 1 1 1 1 1 1 1 1 1 100 1 1 1 12 12 12 12 12 12 12 12 1 12 12 12 12 1 7 12 1 12 1 12 100 12 100 12 1 12 12 1 1 12 12 7 12 1 12 1 12 12 12 1 1 1 1 1 1 1 1 1 1 1 1 1 1 1 1 1 1 1 1 1 1 1 1
staticfield java/lang/ref/Finalizer lock Ljava/lang/Object; java/lang/Object
instanceKlass java/lang/ref/ReferenceQueue$Null
ciInstanceKlass java/lang/ref/ReferenceQueue 1 1 133 10 7 10 9 9 9 9 9 9 9 100 10 9 7 10 10 10 100 8 10 10 10 5 0 10 11 7 10 7 10 7 100 1 1 1 1 1 1 1 1 1 1 1 1 1 1 1 1 1 1 1 1 1 1 1 1 100 100 100 100 1 1 1 1 1 1 1 1 100 1 1 1 1 1 1 1 1 12 1 12 12 12 12 7 12 12 12 12 1 12 1 7 12 12 12 1 1 12 100 12 12 12 100 12 1 7 12 1 1 1 1 1 1 1 1 1 1 1 1 1 1 1 1 1 1 1 1 1 1 1 1 1
staticfield java/lang/ref/ReferenceQueue $assertionsDisabled Z 1
instanceKlass tcl/lang/ExecInputStreamReader
instanceKlass com/altera/utilities/Launcher$LauncherThread
instanceKlass com/altera/megawizard2/jqtcl/JQTclExecOutputReader
instanceKlass javax/swing/plaf/basic/BasicDirectoryModel$LoadFilesThread
instanceKlass sun/awt/image/ImageFetcher
instanceKlass java/awt/EventDispatchThread
instanceKlass java/util/TimerThread
instanceKlass java/util/logging/LogManager$Cleaner
instanceKlass java/lang/ref/Finalizer$FinalizerThread
instanceKlass java/lang/ref/Reference$ReferenceHandler
ciInstanceKlass java/lang/Thread 1 1 561 9 9 9 9 100 8 10 3 8 3 10 10 100 8 10 9 10 10 10 10 10 10 10 9 10 10 9 10 9 10 9 10 9 10 9 9 10 9 10 9 10 9 100 10 10 9 9 9 7 7 10 8 10 10 10 10 10 100 10 10 10 10 100 11 9 10 10 10 9 10 9 10 100 10 10 100 10 10 11 10 100 10 10 10 7 10 10 10 10 10 10 10 10 10 10 7 8 10 10 10 8 10 8 10 8 8 10 10 7 8 10 9 9 10 10 10 9 10 100 10 11 9 9 10 100 10 11 100 10 10 11 10 100 10 10 10 8 9 10 11 10 11 10 7 8 7 1 1 100 1 100 1 100 1 1 1 1 1 1 1 1 1 1 1 1 1 1 1 1 1 1 1 1 1 1 1 100 1 1 1 1 1 1 1 1 1 1 1 1 1 1 1 3 1 3 1 3 1 1 1 1 1 1 1 1 1 1 1 1 1 1 1 1 1 1 1 1 1 1 1 1 1 100 100 100 100 1 1 1 1 1 1 100 1 1 1 1 100 100 100 100 100 1 1 1 1 1 1 1 1 1 1 1 1 1 1 1 1 1 1 1 1 1 1 1 1 1 1 1 1 1 1 1 1 1 1 1 1 1 1 1 1 1 1 1 1 1 1 1 1 1 1 1 1 1 1 1 100 100 1 1 100 100 1 1 1 1 100 100 1 1 1 1 1 1 1 1 1 1 1 1 1 1 100 1 1 1 1 100 1 1 1 1 1 1 1 1 1 1 1 12 12 12 12 1 1 12 1 12 12 1 1 12 12 7 12 100 12 7 12 12 12 12 12 12 12 12 12 12 12 12 12 7 12 12 12 12 12 7 12 12 12 12 1 12 12 12 12 1 1 1 12 12 12 12 12 1 12 12 12 1 12 7 12 12 12 12 12 100 12 12 1 12 1 12 100 12 12 1 12 12 1 12 12 12 12 12 12 12 12 12 1 1 12 12 1 12 1 1 1 100 12 100 12 1 12 12 12 12 12 12 1 12 100 12 12 12 12 1 12 100 12 1 12 12 12 12 1 12 12 100 12 12 12 12 100 12 12 12 1 1 1 1 1 1 1 1 1 1 1 1 1 1 1 1 1 1 1 1 1 1 1 1 1 1 1 1 1 1 1 1 1 1 1 1 1 1 1 1 1 1 1 1 1 1 1 1 1 1 1 1 1 1 1 1 1 1 1 1 1 1 1 1 1 1 1 1 1 1 1 1 1 1 1 1 1 1 1 1 1
staticfield java/lang/Thread EMPTY_STACK_TRACE [Ljava/lang/StackTraceElement; 0 [Ljava/lang/StackTraceElement;
staticfield java/lang/Thread SUBCLASS_IMPLEMENTATION_PERMISSION Ljava/lang/RuntimePermission; java/lang/RuntimePermission
ciInstanceKlass java/lang/ThreadGroup 1 1 275 10 9 8 9 7 9 9 10 10 10 10 10 9 9 10 10 9 10 9 9 10 100 10 10 10 9 10 10 9 10 10 10 10 10 10 10 10 10 10 10 100 10 10 10 7 10 7 10 9 10 8 10 10 10 10 11 100 9 100 10 8 10 10 8 10 10 10 10 10 8 10 8 10 8 7 100 1 1 1 1 1 1 1 1 1 1 1 1 1 1 1 1 1 1 1 1 1 1 1 1 1 1 1 1 1 1 1 1 1 1 1 1 1 1 1 1 100 100 100 1 1 1 100 1 1 1 1 1 1 1 1 1 1 1 1 1 1 1 1 1 100 1 1 1 1 1 1 1 1 1 1 1 100 1 1 100 1 1 1 1 12 12 1 12 1 12 12 12 12 12 12 12 12 12 12 12 12 100 12 12 12 7 12 12 7 12 100 12 12 12 12 12 12 12 12 12 12 12 12 12 12 1 12 12 1 12 12 12 12 1 100 12 12 12 12 1 12 1 1 12 12 1 12 100 12 100 12 12 100 1 1 12 1 1 1 1 1 1 1 1 1 1 1 1 1 1 1 1 1 1 1 1 1 1 1 1 1 1 1 1 1 1 1 1 1 1 1 1 1 1 1 1 1 1
ciInstanceKlass java/util/Map 1 1 139 11 11 10 11 11 11 11 100 11 11 100 100 10 11 11 11 11 10 11 11 100 100 1 1 1 1 1 1 1 1 1 1 1 1 1 1 1 1 1 1 1 1 1 1 1 1 1 1 1 1 1 1 1 1 1 1 1 1 100 1 1 1 100 100 100 100 100 1 1 1 100 1 1 1 1 1 1 1 1 1 1 1 1 1 1 1 1 1 1 1 12 12 100 12 12 100 12 100 12 12 1 12 12 1 1 12 100 12 100 12 12 12 12 12 100 12 1 1 1 1 1 1 1 1 1 1 1 1 1 1 1 1 1 1 1 1 1 1
instanceKlass java/util/Hashtable
ciInstanceKlass java/util/Dictionary 1 1 31 10 100 7 1 1 1 1 1 1 1 1 1 1 1 1 1 1 1 1 1 1 1 1 1 1 1 1 12 1 1
instanceKlass javax/swing/UIDefaults
instanceKlass java/util/Properties
ciInstanceKlass java/util/Hashtable 1 1 453 100 9 9 9 10 10 100 100 10 8 10 10 10 10 10 8 10 9 7 7 4 10 9 4 10 11 10 10 10 100 10 9 10 9 10 10 3 9 9 3 10 10 10 11 11 11 11 7 11 11 10 10 10 9 9 9 100 100 10 10 8 10 10 8 10 8 10 7 10 10 100 10 10 7 10 7 10 10 7 11 11 100 10 10 10 11 100 10 100 11 11 10 10 10 10 10 8 10 100 8 10 4 10 4 10 8 10 10 100 11 10 10 10 10 7 100 100 100 1 1 1 100 1 1 1 1 1 1 1 1 1 1 1 1 1 1 1 1 1 5 0 1 1 1 1 1 1 1 1 1 1 3 1 3 1 3 1 1 1 1 1 100 1 1 1 1 1 1 1 1 1 1 1 1 1 1 1 100 1 1 100 1 1 1 1 1 1 1 1 1 1 1 1 100 1 1 1 100 1 1 100 100 100 1 1 1 1 1 1 1 1 1 1 1 1 100 100 100 1 1 1 1 1 100 1 1 1 100 1 1 1 1 1 1 1 1 100 1 1 1 1 1 1 1 1 1 1 100 1 100 1 1 100 100 1 1 1 1 1 1 1 1 1 1 1 1 1 1 1 1 12 12 12 12 12 1 1 1 12 12 12 12 7 12 1 12 12 1 1 7 12 12 12 12 12 12 12 1 12 7 12 12 12 12 12 12 12 12 12 12 7 12 7 12 12 1 12 12 12 12 12 12 12 1 1 12 1 12 1 1 7 12 1 12 12 1 12 12 1 1 12 1 12 12 1 7 12 100 12 1 100 12 100 12 12 100 12 12 12 100 12 100 12 1 1 12 12 1 12 100 12 1 100 12 12 12 12 1 1 1 1 1 1 1 1 1 1 1 1 1 1 1 1 1 1 1 1 1 1 1 1 1 1 1 1 1 1 1 1 1 1 1 1 1 1 1 1 1 1 1 1 1 1 1 1 1 1 1 1 1 1 1 1 1 1 1 1 1 1 1 1 1 1 1 1 1 1 1 1 1 1 1
instanceKlass java/security/Provider
ciInstanceKlass java/util/Properties 1 1 273 10 10 9 10 7 10 10 10 10 9 10 100 3 100 8 10 7 10 10 100 10 10 10 10 10 8 10 10 10 10 10 100 100 10 10 100 8 10 10 100 10 10 100 10 10 10 10 11 11 10 10 8 10 10 100 10 10 8 10 100 10 10 10 7 10 10 10 10 8 10 8 10 10 9 7 100 1 1 1 1 1 1 5 0 1 1 1 1 1 1 1 1 1 1 1 1 1 1 1 1 1 1 100 100 100 1 1 1 1 100 1 1 100 100 1 1 100 1 1 1 1 1 100 1 1 100 100 100 1 100 1 1 1 1 1 1 1 1 1 1 1 1 1 1 100 1 1 1 1 1 1 1 1 1 1 1 1 12 12 12 12 1 12 12 12 12 12 12 1 1 1 12 1 12 12 1 12 12 12 12 12 1 12 12 12 12 12 1 1 12 12 1 1 12 12 1 12 1 12 7 12 12 12 12 1 12 100 12 1 12 12 1 12 1 12 12 1 12 12 12 1 100 12 1 100 12 1 1 1 1 1 1 1 1 1 1 1 1 1 1 1 1 1 1 1 1 1 1 1 1 1 1 1 1 1 1 1 1 1 1 1 1 1 1 1 1 1 1 1 1 1 1
staticfield java/util/Properties hexDigit [C 16
instanceKlass java/lang/reflect/Executable
instanceKlass java/lang/reflect/Field
ciInstanceKlass java/lang/reflect/AccessibleObject 1 1 147 10 9 10 10 7 10 7 100 8 10 9 10 100 8 10 11 10 10 10 9 10 10 100 10 10 7 8 10 7 10 10 7 9 7 7 7 1 1 1 1 1 1 1 1 1 1 1 1 1 100 1 1 1 1 1 1 1 1 1 1 1 1 1 1 1 1 1 1 1 1 1 1 1 1 1 100 100 100 1 1 1 1 1 1 1 7 12 12 100 12 12 1 12 1 1 1 12 12 12 1 1 12 12 12 12 12 12 7 12 12 1 12 7 12 1 1 1 1 1 7 12 1 12 1 1 1 1 1 1 1 1 1 1 1 1 1 1 1 1 1 1 1 1 1 1 1
staticfield java/lang/reflect/AccessibleObject ACCESS_PERMISSION Ljava/security/Permission; java/lang/reflect/ReflectPermission
staticfield java/lang/reflect/AccessibleObject reflectionFactory Lsun/reflect/ReflectionFactory; sun/reflect/ReflectionFactory
ciInstanceKlass java/lang/reflect/Field 1 1 372 9 10 10 10 9 10 10 10 10 9 9 9 9 9 9 9 100 8 10 7 10 9 9 10 7 10 10 10 10 10 10 10 7 10 8 10 10 8 10 10 8 10 11 9 10 10 10 10 11 11 11 11 11 11 11 11 11 11 11 11 11 11 11 11 11 11 10 10 9 10 10 10 10 11 10 7 10 10 9 10 11 10 10 9 10 7 100 1 1 1 1 1 1 1 1 1 1 1 1 1 1 1 1 1 1 1 1 1 1 1 1 1 1 1 1 1 1 1 1 1 1 1 1 1 1 1 1 1 1 1 1 1 1 1 1 1 1 1 100 1 1 100 100 1 100 1 1 1 100 1 1 1 1 1 1 1 1 1 1 1 1 1 1 1 1 1 1 1 1 1 1 1 1 1 1 1 1 1 1 1 1 1 1 1 1 1 100 1 1 1 1 1 1 1 1 1 1 1 1 1 100 100 100 1 1 1 1 1 1 1 12 12 7 12 7 12 12 12 12 7 12 12 12 12 12 12 12 12 12 1 1 12 1 12 12 12 12 1 12 12 12 12 12 7 100 12 1 1 12 12 1 12 12 1 100 12 7 12 12 12 12 7 12 12 12 12 12 12 12 12 12 12 12 12 12 12 12 12 12 12 12 12 12 7 12 12 7 12 12 7 12 1 100 12 7 12 12 7 12 7 12 12 12 100 12 100 12 1 1 1 1 1 1 1 1 1 1 1 1 1 1 1 1 1 1 1 1 1 1 1 1 1 1 1 1 1 1 1 1 1 1 1 1 1 1 1 1 1 1 1 1 1 1 1 1 1 1 1 1 1 1 100 1 1 1 1 1 1 1 1 1
ciInstanceKlass java/lang/reflect/Parameter 0 0 215 10 9 9 9 9 9 9 100 10 10 10 100 10 10 11 10 10 10 10 10 8 8 10 10 10 8 10 8 10 10 10 10 10 10 10 10 10 10 11 10 100 10 10 10 10 10 9 100 10 11 11 100 100 1 1 1 1 1 1 1 1 1 1 1 1 1 1 1 1 1 1 1 1 1 1 1 100 1 1 1 1 1 1 100 100 100 1 1 1 1 1 1 1 1 1 100 1 1 1 1 1 1 1 1 1 1 1 1 1 1 1 1 1 1 100 1 1 1 12 12 12 12 12 12 12 1 12 12 100 12 1 12 100 12 12 100 12 12 12 12 1 1 100 12 12 12 1 1 12 12 12 12 12 12 12 100 12 12 100 12 100 12 1 100 12 12 12 12 12 12 1 12 12 1 1 1 1 1 1 1 1 1 1 1 1 1 1 1 1 1 1 1 1 1 1 1 1 1 1 1 1 1 1 1 1 1 1 1 1 1 1 1 1 1
instanceKlass java/lang/reflect/Constructor
instanceKlass java/lang/reflect/Method
ciInstanceKlass java/lang/reflect/Executable 1 1 389 10 10 10 11 10 10 10 8 10 10 10 7 8 7 10 10 10 10 8 10 100 8 10 8 10 10 8 10 10 11 10 8 8 10 10 7 10 100 10 10 10 10 10 10 7 10 10 10 10 10 100 10 100 8 10 10 100 8 10 10 10 10 10 8 8 3 8 9 10 100 8 9 10 10 10 10 10 10 100 10 10 10 10 11 10 7 10 10 9 10 10 10 9 10 10 9 10 9 10 9 7 7 100 100 1 1 1 1 1 1 1 1 1 1 1 1 1 1 1 1 1 1 1 1 1 1 1 1 1 1 1 1 1 1 1 1 1 100 100 100 100 1 1 1 1 1 100 100 100 100 1 1 1 1 1 1 1 1 1 1 1 1 1 1 1 1 1 1 100 1 1 1 1 1 1 100 1 1 1 1 1 1 1 1 1 1 1 1 1 1 1 1 1 1 1 1 1 1 1 1 100 100 100 1 1 1 1 1 1 1 1 1 1 1 12 7 12 12 7 12 7 12 12 12 1 12 12 12 1 1 1 12 12 12 1 12 1 1 12 1 12 7 1 12 12 12 1 1 7 12 12 1 12 1 12 12 7 12 12 12 1 12 12 12 12 100 12 12 1 1 12 12 1 1 12 12 12 12 1 1 1 12 12 1 1 12 12 12 12 12 12 12 1 12 12 7 12 12 7 12 12 1 100 12 12 12 12 12 12 100 12 100 12 12 12 12 12 12 12 1 1 1 1 1 1 1 1 1 1 1 1 1 1 1 1 1 1 1 1 1 1 1 1 1 1 1 1 1 1 1 1 1 1 1 1 1 1 1 1 1 1 1 1 1 1 1 1 1 1 1 1 1 100 1 1 1 1 1 1 1 1 1 1 1 1 1 1 1
ciInstanceKlass java/lang/reflect/Method 1 1 353 9 10 10 9 10 10 10 10 9 9 9 9 9 9 9 9 9 9 9 100 8 10 7 10 9 10 10 7 7 10 10 10 7 10 10 10 10 10 10 10 10 10 10 10 10 10 10 10 10 10 11 9 10 10 10 10 11 10 7 10 10 10 10 9 10 10 10 10 10 11 10 7 100 7 10 8 10 10 10 10 10 10 10 8 7 1 1 1 1 1 1 1 1 1 1 1 1 1 1 1 1 1 1 1 1 1 1 1 1 1 1 1 1 1 1 1 1 1 1 1 1 1 1 1 1 1 1 1 1 1 1 1 1 1 1 1 1 1 1 1 1 1 1 1 1 1 1 1 1 1 1 1 100 1 1 1 1 1 1 1 1 100 1 100 100 1 1 1 1 1 1 1 1 1 1 1 1 1 100 100 1 1 1 1 1 1 1 1 1 1 1 1 1 1 12 7 12 7 12 12 12 12 7 12 12 12 12 12 12 12 12 12 12 12 12 12 1 1 12 1 12 12 12 12 1 1 12 12 7 12 12 7 12 12 12 7 12 12 7 7 12 12 12 12 12 12 12 12 12 7 12 7 12 12 12 12 7 12 12 1 12 12 12 12 12 7 12 12 7 12 7 12 7 12 7 12 7 12 1 1 1 1 12 12 12 12 12 12 1 1 1 1 1 1 1 1 1 1 1 1 1 1 1 1 1 1 1 1 1 1 1 1 1 1 1 1 1 1 1 1 1 1 1 1 1 1 1 1 1 1 1 1 1 1 1 1 1 1 1 1 1 1 1 1 1 1 1 1 1 1 1 1
ciInstanceKlass java/lang/reflect/Constructor 1 1 335 10 10 9 10 10 10 9 10 9 9 9 9 9 9 9 9 100 8 10 7 10 9 10 10 10 10 100 100 10 7 10 10 10 10 10 10 10 10 10 10 10 9 10 10 10 10 100 8 10 11 10 10 10 9 10 10 10 10 10 10 10 10 10 100 8 10 10 10 10 10 10 11 9 10 7 1 1 1 1 1 1 1 1 1 1 1 1 1 1 1 1 1 1 1 1 1 1 1 1 1 1 1 1 1 1 1 1 1 1 1 1 1 1 1 1 1 1 1 1 1 1 1 1 1 1 1 1 1 1 1 1 1 1 1 1 1 1 1 1 1 1 1 1 1 1 100 1 100 100 100 1 1 1 1 1 1 1 1 1 1 1 1 1 1 1 1 1 1 1 1 1 1 1 100 1 1 1 1 1 1 100 12 100 12 12 12 12 100 12 12 12 12 12 12 12 12 12 12 12 1 1 12 1 12 12 12 7 12 12 12 1 1 7 12 12 7 12 12 100 12 12 12 12 100 12 12 12 12 7 12 12 12 12 1 1 12 7 12 12 12 12 12 7 12 12 12 12 12 12 12 12 12 1 1 12 12 12 12 100 12 100 12 100 12 100 12 1 1 1 1 1 1 1 1 1 1 1 1 1 1 1 1 1 1 1 1 1 1 1 1 1 1 1 1 1 1 1 1 1 1 1 1 1 1 1 1 1 1 1 1 1 1 1 1 1 1 1 1 1 1 1 1 1 1 100 1 1 1 1 1 1 1 1 1
instanceKlass sun/reflect/FieldAccessorImpl
instanceKlass sun/reflect/ConstructorAccessorImpl
instanceKlass sun/reflect/MethodAccessorImpl
ciInstanceKlass sun/reflect/MagicAccessorImpl 1 1 13 10 100 7 1 1 1 1 1 1 12 1 1
instanceKlass sun/reflect/GeneratedMethodAccessor211
instanceKlass sun/reflect/GeneratedMethodAccessor210
instanceKlass sun/reflect/GeneratedMethodAccessor209
instanceKlass sun/reflect/GeneratedMethodAccessor208
instanceKlass sun/reflect/GeneratedMethodAccessor207
instanceKlass sun/reflect/GeneratedMethodAccessor206
instanceKlass sun/reflect/GeneratedMethodAccessor205
instanceKlass sun/reflect/GeneratedMethodAccessor204
instanceKlass sun/reflect/GeneratedMethodAccessor203
instanceKlass sun/reflect/GeneratedMethodAccessor202
instanceKlass sun/reflect/GeneratedMethodAccessor201
instanceKlass sun/reflect/GeneratedMethodAccessor200
instanceKlass sun/reflect/GeneratedMethodAccessor199
instanceKlass sun/reflect/GeneratedMethodAccessor198
instanceKlass sun/reflect/GeneratedMethodAccessor197
instanceKlass sun/reflect/GeneratedMethodAccessor196
instanceKlass sun/reflect/GeneratedMethodAccessor195
instanceKlass sun/reflect/GeneratedMethodAccessor194
instanceKlass sun/reflect/GeneratedMethodAccessor193
instanceKlass sun/reflect/GeneratedMethodAccessor192
instanceKlass sun/reflect/GeneratedMethodAccessor191
instanceKlass sun/reflect/GeneratedMethodAccessor190
instanceKlass sun/reflect/GeneratedMethodAccessor189
instanceKlass sun/reflect/GeneratedMethodAccessor188
instanceKlass sun/reflect/GeneratedMethodAccessor187
instanceKlass sun/reflect/GeneratedMethodAccessor186
instanceKlass sun/reflect/GeneratedMethodAccessor185
instanceKlass sun/reflect/GeneratedMethodAccessor184
instanceKlass sun/reflect/GeneratedMethodAccessor183
instanceKlass sun/reflect/GeneratedMethodAccessor182
instanceKlass sun/reflect/GeneratedMethodAccessor181
instanceKlass sun/reflect/GeneratedMethodAccessor180
instanceKlass sun/reflect/GeneratedMethodAccessor179
instanceKlass sun/reflect/GeneratedMethodAccessor178
instanceKlass sun/reflect/GeneratedMethodAccessor177
instanceKlass sun/reflect/GeneratedMethodAccessor176
instanceKlass sun/reflect/GeneratedMethodAccessor175
instanceKlass sun/reflect/GeneratedMethodAccessor174
instanceKlass sun/reflect/GeneratedMethodAccessor173
instanceKlass sun/reflect/GeneratedMethodAccessor172
instanceKlass sun/reflect/GeneratedMethodAccessor171
instanceKlass sun/reflect/GeneratedMethodAccessor170
instanceKlass sun/reflect/GeneratedMethodAccessor169
instanceKlass sun/reflect/GeneratedMethodAccessor168
instanceKlass sun/reflect/GeneratedMethodAccessor167
instanceKlass sun/reflect/GeneratedMethodAccessor166
instanceKlass sun/reflect/GeneratedMethodAccessor165
instanceKlass sun/reflect/GeneratedMethodAccessor164
instanceKlass sun/reflect/GeneratedMethodAccessor163
instanceKlass sun/reflect/GeneratedMethodAccessor162
instanceKlass sun/reflect/GeneratedMethodAccessor161
instanceKlass sun/reflect/GeneratedMethodAccessor160
instanceKlass sun/reflect/GeneratedMethodAccessor159
instanceKlass sun/reflect/GeneratedMethodAccessor158
instanceKlass sun/reflect/GeneratedMethodAccessor157
instanceKlass sun/reflect/GeneratedMethodAccessor156
instanceKlass sun/reflect/GeneratedMethodAccessor155
instanceKlass sun/reflect/GeneratedMethodAccessor154
instanceKlass sun/reflect/GeneratedMethodAccessor153
instanceKlass sun/reflect/GeneratedMethodAccessor152
instanceKlass sun/reflect/GeneratedMethodAccessor151
instanceKlass sun/reflect/GeneratedMethodAccessor150
instanceKlass sun/reflect/GeneratedMethodAccessor149
instanceKlass sun/reflect/GeneratedMethodAccessor148
instanceKlass sun/reflect/GeneratedMethodAccessor147
instanceKlass sun/reflect/GeneratedMethodAccessor146
instanceKlass sun/reflect/GeneratedMethodAccessor145
instanceKlass sun/reflect/GeneratedMethodAccessor144
instanceKlass sun/reflect/GeneratedMethodAccessor143
instanceKlass sun/reflect/GeneratedMethodAccessor142
instanceKlass sun/reflect/GeneratedMethodAccessor141
instanceKlass sun/reflect/GeneratedMethodAccessor140
instanceKlass sun/reflect/GeneratedMethodAccessor139
instanceKlass sun/reflect/GeneratedMethodAccessor138
instanceKlass sun/reflect/GeneratedMethodAccessor137
instanceKlass sun/reflect/GeneratedMethodAccessor136
instanceKlass sun/reflect/GeneratedMethodAccessor135
instanceKlass sun/reflect/GeneratedMethodAccessor134
instanceKlass sun/reflect/GeneratedMethodAccessor133
instanceKlass sun/reflect/GeneratedMethodAccessor132
instanceKlass sun/reflect/GeneratedMethodAccessor131
instanceKlass sun/reflect/GeneratedMethodAccessor130
instanceKlass sun/reflect/GeneratedMethodAccessor129
instanceKlass sun/reflect/GeneratedMethodAccessor128
instanceKlass sun/reflect/GeneratedMethodAccessor127
instanceKlass sun/reflect/GeneratedMethodAccessor126
instanceKlass sun/reflect/GeneratedMethodAccessor125
instanceKlass sun/reflect/GeneratedMethodAccessor124
instanceKlass sun/reflect/GeneratedMethodAccessor123
instanceKlass sun/reflect/GeneratedMethodAccessor122
instanceKlass sun/reflect/GeneratedMethodAccessor121
instanceKlass sun/reflect/GeneratedMethodAccessor120
instanceKlass sun/reflect/GeneratedMethodAccessor119
instanceKlass sun/reflect/GeneratedMethodAccessor118
instanceKlass sun/reflect/GeneratedMethodAccessor117
instanceKlass sun/reflect/GeneratedMethodAccessor116
instanceKlass sun/reflect/GeneratedMethodAccessor115
instanceKlass sun/reflect/GeneratedMethodAccessor114
instanceKlass sun/reflect/GeneratedMethodAccessor113
instanceKlass sun/reflect/GeneratedMethodAccessor112
instanceKlass sun/reflect/GeneratedMethodAccessor111
instanceKlass sun/reflect/GeneratedMethodAccessor110
instanceKlass sun/reflect/GeneratedMethodAccessor109
instanceKlass sun/reflect/GeneratedMethodAccessor108
instanceKlass sun/reflect/GeneratedMethodAccessor107
instanceKlass sun/reflect/GeneratedMethodAccessor106
instanceKlass sun/reflect/GeneratedMethodAccessor105
instanceKlass sun/reflect/GeneratedMethodAccessor104
instanceKlass sun/reflect/GeneratedMethodAccessor103
instanceKlass sun/reflect/GeneratedMethodAccessor102
instanceKlass sun/reflect/GeneratedMethodAccessor101
instanceKlass sun/reflect/GeneratedMethodAccessor100
instanceKlass sun/reflect/GeneratedMethodAccessor99
instanceKlass sun/reflect/GeneratedMethodAccessor98
instanceKlass sun/reflect/GeneratedMethodAccessor97
instanceKlass sun/reflect/GeneratedMethodAccessor96
instanceKlass sun/reflect/GeneratedMethodAccessor95
instanceKlass sun/reflect/GeneratedMethodAccessor94
instanceKlass sun/reflect/GeneratedMethodAccessor93
instanceKlass sun/reflect/GeneratedMethodAccessor92
instanceKlass sun/reflect/GeneratedMethodAccessor91
instanceKlass sun/reflect/GeneratedMethodAccessor90
instanceKlass sun/reflect/GeneratedMethodAccessor89
instanceKlass sun/reflect/GeneratedMethodAccessor88
instanceKlass sun/reflect/GeneratedMethodAccessor87
instanceKlass sun/reflect/GeneratedMethodAccessor86
instanceKlass sun/reflect/GeneratedMethodAccessor85
instanceKlass sun/reflect/GeneratedMethodAccessor84
instanceKlass sun/reflect/GeneratedMethodAccessor83
instanceKlass sun/reflect/GeneratedMethodAccessor82
instanceKlass sun/reflect/GeneratedMethodAccessor81
instanceKlass sun/reflect/GeneratedMethodAccessor80
instanceKlass sun/reflect/GeneratedMethodAccessor79
instanceKlass sun/reflect/GeneratedMethodAccessor78
instanceKlass sun/reflect/GeneratedMethodAccessor77
instanceKlass sun/reflect/GeneratedMethodAccessor76
instanceKlass sun/reflect/GeneratedMethodAccessor75
instanceKlass sun/reflect/GeneratedMethodAccessor74
instanceKlass sun/reflect/GeneratedMethodAccessor73
instanceKlass sun/reflect/GeneratedMethodAccessor72
instanceKlass sun/reflect/GeneratedMethodAccessor71
instanceKlass sun/reflect/GeneratedMethodAccessor70
instanceKlass sun/reflect/GeneratedMethodAccessor69
instanceKlass sun/reflect/GeneratedMethodAccessor68
instanceKlass sun/reflect/GeneratedMethodAccessor67
instanceKlass sun/reflect/GeneratedMethodAccessor66
instanceKlass sun/reflect/GeneratedMethodAccessor65
instanceKlass sun/reflect/GeneratedMethodAccessor64
instanceKlass sun/reflect/GeneratedMethodAccessor63
instanceKlass sun/reflect/GeneratedMethodAccessor62
instanceKlass sun/reflect/GeneratedMethodAccessor61
instanceKlass sun/reflect/GeneratedMethodAccessor60
instanceKlass sun/reflect/GeneratedMethodAccessor59
instanceKlass sun/reflect/GeneratedMethodAccessor58
instanceKlass sun/reflect/GeneratedMethodAccessor57
instanceKlass sun/reflect/GeneratedMethodAccessor56
instanceKlass sun/reflect/GeneratedMethodAccessor55
instanceKlass sun/reflect/GeneratedMethodAccessor54
instanceKlass sun/reflect/GeneratedMethodAccessor53
instanceKlass sun/reflect/GeneratedMethodAccessor52
instanceKlass sun/reflect/GeneratedMethodAccessor51
instanceKlass sun/reflect/GeneratedMethodAccessor50
instanceKlass sun/reflect/GeneratedMethodAccessor49
instanceKlass sun/reflect/GeneratedMethodAccessor48
instanceKlass sun/reflect/GeneratedMethodAccessor47
instanceKlass sun/reflect/GeneratedMethodAccessor46
instanceKlass sun/reflect/GeneratedMethodAccessor45
instanceKlass sun/reflect/GeneratedMethodAccessor44
instanceKlass sun/reflect/GeneratedMethodAccessor43
instanceKlass sun/reflect/GeneratedMethodAccessor42
instanceKlass sun/reflect/GeneratedMethodAccessor41
instanceKlass sun/reflect/GeneratedMethodAccessor40
instanceKlass sun/reflect/GeneratedMethodAccessor39
instanceKlass sun/reflect/GeneratedMethodAccessor38
instanceKlass sun/reflect/GeneratedMethodAccessor37
instanceKlass sun/reflect/GeneratedMethodAccessor36
instanceKlass sun/reflect/GeneratedMethodAccessor35
instanceKlass sun/reflect/GeneratedMethodAccessor34
instanceKlass sun/reflect/GeneratedMethodAccessor33
instanceKlass sun/reflect/GeneratedMethodAccessor32
instanceKlass sun/reflect/GeneratedMethodAccessor31
instanceKlass sun/reflect/GeneratedMethodAccessor30
instanceKlass sun/reflect/GeneratedMethodAccessor29
instanceKlass sun/reflect/GeneratedMethodAccessor28
instanceKlass sun/reflect/GeneratedMethodAccessor27
instanceKlass sun/reflect/GeneratedMethodAccessor26
instanceKlass sun/reflect/GeneratedMethodAccessor25
instanceKlass sun/reflect/GeneratedMethodAccessor24
instanceKlass sun/reflect/GeneratedMethodAccessor23
instanceKlass sun/reflect/GeneratedMethodAccessor22
instanceKlass sun/reflect/GeneratedMethodAccessor21
instanceKlass sun/reflect/GeneratedMethodAccessor20
instanceKlass sun/reflect/GeneratedMethodAccessor19
instanceKlass sun/reflect/GeneratedMethodAccessor18
instanceKlass sun/reflect/GeneratedMethodAccessor17
instanceKlass sun/reflect/GeneratedMethodAccessor16
instanceKlass sun/reflect/GeneratedMethodAccessor15
instanceKlass sun/reflect/GeneratedMethodAccessor14
instanceKlass sun/reflect/GeneratedMethodAccessor13
instanceKlass sun/reflect/GeneratedMethodAccessor12
instanceKlass sun/reflect/GeneratedMethodAccessor11
instanceKlass sun/reflect/GeneratedMethodAccessor10
instanceKlass sun/reflect/GeneratedMethodAccessor9
instanceKlass sun/reflect/GeneratedMethodAccessor8
instanceKlass sun/reflect/GeneratedMethodAccessor7
instanceKlass sun/reflect/GeneratedMethodAccessor6
instanceKlass sun/reflect/GeneratedMethodAccessor5
instanceKlass sun/reflect/GeneratedMethodAccessor4
instanceKlass sun/reflect/GeneratedMethodAccessor3
instanceKlass sun/reflect/GeneratedMethodAccessor2
instanceKlass sun/reflect/GeneratedMethodAccessor1
instanceKlass sun/reflect/DelegatingMethodAccessorImpl
instanceKlass sun/reflect/NativeMethodAccessorImpl
ciInstanceKlass sun/reflect/MethodAccessorImpl 1 1 22 10 100 7 100 1 1 1 1 1 1 1 100 100 1 1 12 1 1 1 1 1
instanceKlass sun/reflect/GeneratedConstructorAccessor112
instanceKlass sun/reflect/GeneratedConstructorAccessor111
instanceKlass sun/reflect/GeneratedConstructorAccessor110
instanceKlass sun/reflect/GeneratedConstructorAccessor109
instanceKlass sun/reflect/GeneratedConstructorAccessor108
instanceKlass sun/reflect/GeneratedConstructorAccessor107
instanceKlass sun/reflect/GeneratedConstructorAccessor106
instanceKlass sun/reflect/GeneratedConstructorAccessor105
instanceKlass sun/reflect/GeneratedConstructorAccessor104
instanceKlass sun/reflect/GeneratedConstructorAccessor103
instanceKlass sun/reflect/GeneratedConstructorAccessor102
instanceKlass sun/reflect/GeneratedConstructorAccessor101
instanceKlass sun/reflect/GeneratedConstructorAccessor100
instanceKlass sun/reflect/GeneratedConstructorAccessor99
instanceKlass sun/reflect/GeneratedConstructorAccessor98
instanceKlass sun/reflect/GeneratedConstructorAccessor97
instanceKlass sun/reflect/GeneratedConstructorAccessor96
instanceKlass sun/reflect/GeneratedConstructorAccessor95
instanceKlass sun/reflect/GeneratedConstructorAccessor94
instanceKlass sun/reflect/GeneratedConstructorAccessor93
instanceKlass sun/reflect/GeneratedConstructorAccessor92
instanceKlass sun/reflect/GeneratedConstructorAccessor91
instanceKlass sun/reflect/GeneratedConstructorAccessor90
instanceKlass sun/reflect/GeneratedConstructorAccessor89
instanceKlass sun/reflect/GeneratedConstructorAccessor88
instanceKlass sun/reflect/GeneratedConstructorAccessor87
instanceKlass sun/reflect/GeneratedConstructorAccessor86
instanceKlass sun/reflect/GeneratedConstructorAccessor85
instanceKlass sun/reflect/GeneratedConstructorAccessor84
instanceKlass sun/reflect/GeneratedConstructorAccessor83
instanceKlass sun/reflect/GeneratedConstructorAccessor82
instanceKlass sun/reflect/GeneratedConstructorAccessor81
instanceKlass sun/reflect/GeneratedConstructorAccessor80
instanceKlass sun/reflect/GeneratedConstructorAccessor79
instanceKlass sun/reflect/GeneratedConstructorAccessor78
instanceKlass sun/reflect/GeneratedConstructorAccessor77
instanceKlass sun/reflect/GeneratedConstructorAccessor76
instanceKlass sun/reflect/GeneratedConstructorAccessor75
instanceKlass sun/reflect/GeneratedConstructorAccessor74
instanceKlass sun/reflect/GeneratedConstructorAccessor73
instanceKlass sun/reflect/GeneratedConstructorAccessor72
instanceKlass sun/reflect/GeneratedConstructorAccessor71
instanceKlass sun/reflect/GeneratedConstructorAccessor70
instanceKlass sun/reflect/GeneratedConstructorAccessor69
instanceKlass sun/reflect/GeneratedConstructorAccessor68
instanceKlass sun/reflect/GeneratedConstructorAccessor67
instanceKlass sun/reflect/GeneratedConstructorAccessor66
instanceKlass sun/reflect/GeneratedConstructorAccessor65
instanceKlass sun/reflect/GeneratedConstructorAccessor64
instanceKlass sun/reflect/GeneratedConstructorAccessor63
instanceKlass sun/reflect/GeneratedConstructorAccessor62
instanceKlass sun/reflect/GeneratedConstructorAccessor61
instanceKlass sun/reflect/GeneratedConstructorAccessor60
instanceKlass sun/reflect/GeneratedConstructorAccessor59
instanceKlass sun/reflect/GeneratedConstructorAccessor58
instanceKlass sun/reflect/GeneratedConstructorAccessor57
instanceKlass sun/reflect/GeneratedConstructorAccessor56
instanceKlass sun/reflect/GeneratedConstructorAccessor55
instanceKlass sun/reflect/GeneratedConstructorAccessor54
instanceKlass sun/reflect/GeneratedConstructorAccessor53
instanceKlass sun/reflect/GeneratedConstructorAccessor52
instanceKlass sun/reflect/GeneratedConstructorAccessor51
instanceKlass sun/reflect/GeneratedConstructorAccessor50
instanceKlass sun/reflect/GeneratedConstructorAccessor49
instanceKlass sun/reflect/GeneratedConstructorAccessor48
instanceKlass sun/reflect/GeneratedConstructorAccessor47
instanceKlass sun/reflect/GeneratedConstructorAccessor46
instanceKlass sun/reflect/GeneratedConstructorAccessor45
instanceKlass sun/reflect/GeneratedConstructorAccessor44
instanceKlass sun/reflect/GeneratedConstructorAccessor43
instanceKlass sun/reflect/GeneratedConstructorAccessor42
instanceKlass sun/reflect/GeneratedConstructorAccessor41
instanceKlass sun/reflect/GeneratedConstructorAccessor40
instanceKlass sun/reflect/GeneratedConstructorAccessor39
instanceKlass sun/reflect/GeneratedConstructorAccessor38
instanceKlass sun/reflect/GeneratedConstructorAccessor37
instanceKlass sun/reflect/GeneratedConstructorAccessor36
instanceKlass sun/reflect/GeneratedConstructorAccessor35
instanceKlass sun/reflect/GeneratedConstructorAccessor34
instanceKlass sun/reflect/GeneratedConstructorAccessor33
instanceKlass sun/reflect/GeneratedConstructorAccessor32
instanceKlass sun/reflect/GeneratedConstructorAccessor31
instanceKlass sun/reflect/GeneratedConstructorAccessor30
instanceKlass sun/reflect/GeneratedConstructorAccessor29
instanceKlass sun/reflect/GeneratedConstructorAccessor28
instanceKlass sun/reflect/GeneratedConstructorAccessor27
instanceKlass sun/reflect/GeneratedConstructorAccessor26
instanceKlass sun/reflect/GeneratedConstructorAccessor25
instanceKlass sun/reflect/GeneratedConstructorAccessor24
instanceKlass sun/reflect/GeneratedConstructorAccessor23
instanceKlass sun/reflect/GeneratedConstructorAccessor22
instanceKlass sun/reflect/GeneratedConstructorAccessor21
instanceKlass sun/reflect/GeneratedConstructorAccessor20
instanceKlass sun/reflect/GeneratedConstructorAccessor19
instanceKlass sun/reflect/GeneratedConstructorAccessor18
instanceKlass sun/reflect/GeneratedConstructorAccessor17
instanceKlass sun/reflect/GeneratedConstructorAccessor16
instanceKlass sun/reflect/GeneratedConstructorAccessor15
instanceKlass sun/reflect/GeneratedConstructorAccessor14
instanceKlass sun/reflect/GeneratedConstructorAccessor13
instanceKlass sun/reflect/GeneratedConstructorAccessor12
instanceKlass sun/reflect/GeneratedConstructorAccessor11
instanceKlass sun/reflect/GeneratedConstructorAccessor10
instanceKlass sun/reflect/GeneratedConstructorAccessor9
instanceKlass sun/reflect/GeneratedConstructorAccessor8
instanceKlass sun/reflect/GeneratedConstructorAccessor7
instanceKlass sun/reflect/GeneratedConstructorAccessor6
instanceKlass sun/reflect/GeneratedConstructorAccessor5
instanceKlass sun/reflect/GeneratedConstructorAccessor4
instanceKlass sun/reflect/GeneratedConstructorAccessor3
instanceKlass sun/reflect/GeneratedConstructorAccessor2
instanceKlass sun/reflect/BootstrapConstructorAccessorImpl
instanceKlass sun/reflect/GeneratedConstructorAccessor1
instanceKlass sun/reflect/DelegatingConstructorAccessorImpl
instanceKlass sun/reflect/NativeConstructorAccessorImpl
ciInstanceKlass sun/reflect/ConstructorAccessorImpl 1 1 24 10 100 7 100 1 1 1 1 1 1 1 100 100 100 1 1 12 1 1 1 1 1 1
ciInstanceKlass sun/reflect/DelegatingClassLoader 1 1 13 10 100 7 1 1 1 1 1 1 12 1 1
ciInstanceKlass sun/reflect/ConstantPool 1 1 106 10 9 10 10 10 10 10 10 10 10 10 10 10 10 10 10 7 7 8 10 100 1 1 1 1 1 1 1 1 1 1 1 1 1 1 1 1 1 1 1 1 1 1 1 1 1 1 1 1 1 1 1 1 1 1 1 1 1 1 1 1 1 1 1 1 1 1 1 1 1 1 1 1 1 1 1 1 1 1 1 1 12 12 12 12 12 12 12 12 12 12 12 12 12 12 12 12 1 1 7 12 1 1 1 1
instanceKlass sun/reflect/UnsafeFieldAccessorImpl
ciInstanceKlass sun/reflect/FieldAccessorImpl 1 1 56 10 100 7 100 1 1 1 1 1 1 1 100 1 1 1 1 1 1 1 1 1 1 1 1 1 1 1 1 1 1 100 1 1 1 1 1 1 1 1 1 1 1 1 1 1 1 1 1 1 12 1 1 1 1 1
instanceKlass sun/reflect/UnsafeQualifiedFieldAccessorImpl
instanceKlass sun/reflect/UnsafeIntegerFieldAccessorImpl
instanceKlass sun/reflect/UnsafeBooleanFieldAccessorImpl
instanceKlass sun/reflect/UnsafeObjectFieldAccessorImpl
instanceKlass sun/reflect/UnsafeStaticFieldAccessorImpl
ciInstanceKlass sun/reflect/UnsafeFieldAccessorImpl 1 1 233 10 9 10 10 9 10 9 10 10 9 10 10 10 10 100 10 10 10 8 10 10 100 8 10 8 10 8 10 100 10 10 8 10 8 10 8 10 8 10 8 10 8 10 8 10 8 10 8 10 10 8 8 8 8 8 8 10 8 8 8 10 10 7 7 1 1 1 1 1 1 1 1 1 1 1 1 1 100 100 1 1 1 1 1 1 1 1 1 100 100 1 1 1 1 1 1 1 1 1 1 1 1 1 1 1 1 1 1 1 1 1 1 1 1 12 12 7 12 7 12 12 7 12 12 12 12 12 12 7 12 7 12 12 1 12 12 1 12 1 1 12 1 12 1 12 1 12 1 12 1 100 12 1 100 12 1 100 12 1 100 12 1 100 12 1 100 12 1 100 12 1 100 12 12 1 1 1 1 1 1 100 12 1 1 1 12 12 1 1 1 1 1 1 1 1 1 1 1 1 1 1 1 1 1 1 1 1 1 1 1 1 1 1 1 1 1 1 1 1 1 1 1 1 1 1 1 1 1 1 1 1 1
staticfield sun/reflect/UnsafeFieldAccessorImpl unsafe Lsun/misc/Unsafe; sun/misc/Unsafe
instanceKlass sun/reflect/UnsafeStaticObjectFieldAccessorImpl
instanceKlass sun/reflect/UnsafeQualifiedStaticFieldAccessorImpl
ciInstanceKlass sun/reflect/UnsafeStaticFieldAccessorImpl 1 1 38 10 9 10 9 7 7 8 10 7 1 1 1 1 1 1 1 1 1 1 12 12 7 12 12 1 1 7 12 1 1 1 1 1 1 1 1 1
ciInstanceKlass sun/reflect/CallerSensitive 0 0 17 100 100 100 1 1 1 1 1 1 1 1 1 1 1 1 1
instanceKlass java/lang/invoke/DelegatingMethodHandle
instanceKlass java/lang/invoke/BoundMethodHandle
instanceKlass java/lang/invoke/DirectMethodHandle
ciInstanceKlass java/lang/invoke/MethodHandle 1 1 444 9 10 10 10 9 10 10 10 10 10 10 11 10 10 10 9 10 100 100 10 8 10 10 8 10 10 10 10 10 10 10 10 10 7 10 10 10 8 10 10 10 10 10 8 10 8 10 8 10 9 100 10 9 9 8 10 10 10 10 10 10 10 10 8 10 10 10 10 10 10 9 8 10 10 8 10 10 10 10 10 10 8 10 10 100 9 10 7 10 10 9 10 10 8 9 9 9 10 10 10 10 7 10 10 8 10 10 100 10 100 1 1 1 1 1 1 1 1 1 1 1 1 1 1 1 1 1 1 1 1 1 1 100 1 1 1 1 1 1 1 1 1 1 1 1 1 1 1 100 1 1 1 1 1 1 1 100 100 1 1 1 1 1 100 100 1 1 1 1 1 1 1 1 1 1 1 1 1 1 1 1 1 1 1 1 100 1 1 1 1 1 1 1 1 1 1 1 1 7 1 1 1 1 1 1 1 1 1 1 1 1 1 1 1 1 1 100 1 1 12 12 12 7 12 12 12 7 12 12 100 12 12 12 100 12 12 12 12 12 12 1 1 1 12 12 1 12 12 7 12 12 12 12 12 7 12 7 12 1 12 12 12 1 7 12 12 12 12 12 1 12 1 12 1 100 12 12 1 100 12 100 1 12 12 12 12 12 12 12 12 1 12 12 12 12 12 12 12 1 12 12 1 12 12 7 12 12 12 1 12 12 1 12 1 100 12 12 12 12 12 1 12 12 12 7 12 12 12 12 1 12 12 12 12 1 12 1 1 1 1 1 1 1 1 1 1 1 1 1 1 1 1 1 1 1 1 1 1 1 1 1 1 1 1 1 1 1 1 1 1 1 1 1 1 1 1 1 1 1 1 1 1 1 1 1 1 1 1 1 1 1 1 1 1 1 1 1 1 1 1 1 1 1 1 1 1 1 1 1 1 1 1 1 1 1 1 1 1 1 1 1 1 1 1 1 1 1 1 1 1 1 1 1 1 1 1 1 1 1 1 1 1 1
staticfield java/lang/invoke/MethodHandle FORM_OFFSET J 20
staticfield java/lang/invoke/MethodHandle $assertionsDisabled Z 1
instanceKlass java/lang/invoke/DirectMethodHandle$Special
instanceKlass java/lang/invoke/DirectMethodHandle$Accessor
instanceKlass java/lang/invoke/DirectMethodHandle$Interface
ciInstanceKlass java/lang/invoke/DirectMethodHandle 1 1 712 100 7 7 10 10 10 100 10 10 10 10 10 7 7 10 10 10 10 10 10 10 9 100 10 9 10 10 10 10 10 10 7 10 10 10 10 7 10 100 10 7 10 10 10 100 10 10 7 10 10 10 10 10 10 10 10 8 10 10 10 10 10 9 100 10 10 10 7 10 8 10 10 10 10 10 10 10 10 10 10 10 10 10 10 10 10 10 10 10 8 8 8 8 8 8 8 8 8 8 8 10 10 7 9 7 10 100 10 10 10 10 7 9 10 9 9 9 10 7 10 9 10 10 8 10 10 10 10 9 9 10 10 7 7 7 9 10 10 10 10 9 10 100 10 100 10 10 9 9 10 9 10 10 10 10 10 9 10 10 10 10 9 9 10 10 9 9 9 9 10 9 9 10 10 9 10 9 10 10 7 10 10 10 10 10 8 8 8 9 10 7 10 10 9 9 9 9 9 9 8 8 8 8 10 10 9 9 100 1 7 1 1 1 1 1 1 100 1 1 1 1 7 1 1 1 1 1 1 1 1 1 1 1 1 1 1 1 1 1 1 1 1 1 1 1 1 100 100 100 100 1 1 1 1 1 1 1 1 1 1 100 1 1 1 1 1 1 1 1 1 1 1 1 1 1 100 100 100 1 1 1 1 1 1 1 1 1 1 1 1 100 100 1 1 1 1 7 1 1 1 1 1 1 1 1 1 1 1 1 1 1 1 1 1 1 100 100 1 1 1 1 1 7 1 1 1 1 12 12 12 1 12 12 12 12 12 1 1 12 12 12 12 12 12 12 12 1 12 12 12 12 12 12 12 1 7 12 12 12 12 1 12 1 12 1 12 12 12 1 12 12 1 12 12 12 12 100 12 100 12 12 12 12 12 12 100 12 1 12 7 12 12 1 1 12 12 12 12 12 12 12 12 12 12 12 12 7 12 12 12 12 12 1 1 1 1 1 1 1 1 1 1 1 12 12 1 12 1 12 1 7 12 12 12 12 1 12 12 12 12 12 12 1 12 12 100 12 12 1 12 12 12 12 12 12 7 12 12 1 1 1 12 12 12 12 12 12 12 1 12 1 12 12 12 12 12 12 12 12 12 12 12 12 12 7 12 12 7 12 12 12 12 12 12 12 12 12 12 12 12 12 12 12 12 12 12 12 1 12 12 7 12 12 12 1 1 1 7 12 1 12 12 12 12 12 12 12 12 1 1 1 1 12 12 12 12 1 1 1 1 1 1 1 1 1 1 1 1 1 1 1 1 1 1 1 1 1 1 1 1 1 1 1 1 1 1 1 1 1 1 1 1 1 1 1 1 1 1 1 1 1 1 1 1 1 1 1 1 1 1 1 1 1 1 1 1 1 1 1 1 1 1 1 1 1 1 1 1 1 1 1 1 1 1 1 1 1 1 1 1 1 1 1 1 1 1 1 1 1 1 1 1 1 1 100 1 1 1 1 1 1 1 1 1 1 1 1 1 1 1 1 1 1 1 1 1 1 1 1 1 1 1 1 1 1 1 1 1 1 1 1 1 1 1 1 1 1 1 1 1 1 1 1 1 1 1 1 1 1 1 1 1 1 1 1 1 1 1 1 1 1 1 1 1 1 1 1 1 1 1 1
staticfield java/lang/invoke/DirectMethodHandle IMPL_NAMES Ljava/lang/invoke/MemberName$Factory; java/lang/invoke/MemberName$Factory
staticfield java/lang/invoke/DirectMethodHandle ACCESSOR_FORMS [Ljava/lang/invoke/LambdaForm; 132 [Ljava/lang/invoke/LambdaForm;
staticfield java/lang/invoke/DirectMethodHandle $assertionsDisabled Z 1
ciInstanceKlass java/lang/invoke/MemberName 1 1 654 7 7 100 10 10 10 9 9 10 9 10 10 10 10 10 10 10 9 10 100 7 10 8 10 10 10 10 9 8 10 7 7 10 10 7 7 7 10 9 100 8 10 10 10 10 10 10 10 10 10 8 8 8 10 10 9 3 10 10 10 10 10 10 10 10 10 7 8 10 10 8 9 8 9 10 8 10 10 10 10 10 100 10 10 8 10 10 8 10 10 100 10 10 8 8 10 10 10 10 10 10 10 10 10 3 10 3 10 3 3 3 3 3 3 10 100 10 3 10 3 10 10 10 10 10 10 10 10 10 10 10 10 100 10 10 10 100 10 10 10 10 100 10 10 8 10 10 10 10 10 10 10 10 10 10 10 100 10 100 8 10 10 10 10 10 10 10 8 8 8 8 10 10 10 8 8 10 8 10 10 10 8 8 10 10 8 8 100 10 8 8 8 8 10 7 7 7 10 100 10 7 10 9 10 100 100 7 1 1 1 1 1 1 1 1 1 1 1 1 1 1 1 3 1 3 1 3 1 3 1 3 1 3 1 1 1 1 1 1 1 1 3 1 1 1 1 3 1 1 1 1 1 1 1 1 1 1 1 1 1 1 1 100 100 1 100 1 1 1 1 1 1 1 1 1 1 1 1 1 1 1 1 1 1 1 1 1 1 1 1 1 1 1 1 100 1 1 1 1 1 1 1 1 1 1 1 1 1 1 1 1 1 1 1 1 1 1 1 1 1 1 1 1 1 1 1 1 1 100 100 1 1 1 1 1 100 1 1 1 100 1 1 1 1 1 1 1 1 1 100 1 1 1 1 1 1 1 1 100 1 1 1 1 1 1 1 1 1 100 1 1 1 1 1 100 1 1 1 1 1 1 1 1 1 1 1 1 1 1 7 1 1 12 12 12 12 12 12 12 12 12 12 12 12 12 12 100 12 12 1 1 12 1 12 12 12 12 12 1 100 12 1 1 12 1 1 1 12 12 1 1 12 12 12 12 12 12 12 12 12 1 1 1 100 12 12 12 12 12 12 12 12 12 12 12 1 12 12 100 100 12 1 12 12 12 12 12 1 12 12 1 12 12 1 12 12 1 12 12 1 1 12 12 12 12 12 12 12 12 12 12 12 100 1 1 7 12 12 12 12 12 7 12 12 12 12 12 12 1 12 1 12 12 1 12 100 12 100 12 12 12 12 12 12 12 1 12 1 1 7 12 12 7 12 12 12 1 1 1 1 12 12 12 1 1 12 1 12 12 1 1 12 1 1 1 1 1 1 1 12 1 1 1 1 1 7 12 12 12 1 1 1 1 1 1 1 1 1 1 1 1 1 1 1 1 1 1 1 1 1 1 1 1 1 1 1 1 1 1 1 1 1 1 1 1 1 1 1 1 1 1 1 1 1 1 1 1 1 1 1 1 1 1 1 1 1 1 1 1 1 1 1 1 1 1 1 1 1 1 1 1 1 1 1 1 1 1 1 1 1 1 1 1
staticfield java/lang/invoke/MemberName $assertionsDisabled Z 1
ciInstanceKlass java/lang/invoke/MethodHandleNatives 1 1 442 100 10 9 10 100 10 10 10 10 8 8 8 8 8 8 8 8 8 8 7 10 7 10 10 100 10 10 8 10 8 10 8 10 9 8 10 100 10 100 100 8 7 7 10 10 7 9 10 10 10 7 10 10 10 10 100 10 9 8 10 8 10 8 8 8 100 8 10 10 10 10 10 100 10 10 8 8 10 10 10 8 10 8 8 9 10 10 10 100 100 10 10 10 100 100 10 10 100 10 10 100 100 10 10 10 10 100 10 10 10 10 10 10 10 8 8 100 10 100 10 10 10 10 7 10 10 10 9 10 10 10 1 1 1 1 1 1 1 1 1 1 1 1 1 1 1 1 100 1 1 1 1 1 1 1 1 1 1 1 1 1 1 1 1 1 1 1 1 1 1 1 1 1 1 1 1 1 1 1 1 1 1 1 100 100 100 1 1 100 100 100 100 1 1 100 1 1 100 1 1 1 1 1 1 1 1 1 1 1 1 1 100 100 100 100 1 1 1 100 100 1 1 1 1 1 1 1 1 1 12 12 12 1 12 12 12 1 1 1 1 1 1 1 1 1 1 1 12 1 12 100 12 1 12 1 12 1 12 1 12 100 12 1 100 12 1 12 1 1 1 1 1 12 1 7 12 12 12 7 12 1 12 7 12 12 12 1 100 12 12 1 12 1 12 1 1 1 1 1 12 12 12 12 12 1 12 12 1 1 12 12 1 100 12 1 1 7 12 12 12 12 1 1 12 1 1 1 1 1 100 12 12 1 12 7 12 12 12 12 12 1 1 1 12 1 12 12 12 12 1 12 12 12 12 7 12 12 12 1 1 1 1 1 1 1 1 1 1 1 1 1 1 1 1 1 1 1 1 1 1 1 1 1 1 1 1 1 1 1 1 1 1 1 1 1 1 1 1 1 1 1 1 1 1 1 1 1 1 1 1 1 1 1 100 1 1 1 1 1 1 1 1 1 1 1 1 1 1 1 1 1 1 1 1 1 1 1 1 1 1 1
staticfield java/lang/invoke/MethodHandleNatives COUNT_GWT Z 1
staticfield java/lang/invoke/MethodHandleNatives $assertionsDisabled Z 1
ciInstanceKlass java/lang/invoke/LambdaForm 1 1 986 7 100 9 10 10 9 9 10 100 10 9 10 9 10 7 9 10 9 9 9 10 7 10 10 10 10 10 10 10 9 10 8 10 10 10 10 7 10 10 8 10 10 10 100 8 10 10 10 10 10 7 10 7 10 10 9 9 10 10 100 10 10 10 10 10 10 10 10 10 10 8 10 10 8 8 9 9 9 10 10 10 9 10 10 10 10 10 10 10 10 8 8 8 8 8 8 8 8 10 9 10 10 10 10 10 10 10 7 10 10 9 10 10 10 10 10 10 8 10 100 100 10 10 10 10 11 11 11 7 10 10 10 10 7 10 8 10 10 8 10 10 10 7 10 8 10 9 10 10 8 8 10 10 8 8 8 10 10 9 10 8 8 9 10 10 8 8 8 100 8 100 8 100 8 10 8 10 9 10 10 9 10 10 10 10 10 10 10 10 10 10 8 100 10 10 9 10 8 8 100 8 8 9 8 8 8 10 8 8 8 10 10 8 8 8 10 8 10 8 8 8 8 8 10 10 10 10 10 10 10 10 10 10 10 10 10 10 10 10 10 10 10 9 8 10 11 11 9 9 9 9 9 10 10 8 10 8 9 7 10 100 10 7 10 9 10 10 10 10 9 10 10 9 10 9 10 9 7 9 9 10 100 10 10 10 10 9 100 1 100 1 100 1 1 1 7 1 1 1 1 1 1 1 1 1 1 1 1 1 1 1 1 1 1 1 1 1 3 1 3 1 3 1 1 1 3 1 1 1 7 1 1 1 1 1 1 1 1 1 1 1 1 1 1 1 1 1 1 1 1 100 100 100 1 1 1 1 1 1 100 1 1 1 1 1 1 1 100 100 100 100 1 1 1 1 1 1 1 1 1 1 1 1 1 1 1 1 1 1 1 1 1 1 1 1 1 1 1 1 1 1 1 100 1 1 1 1 100 1 100 100 1 1 1 1 1 1 1 1 1 100 1 1 1 1 1 1 1 100 1 1 1 1 1 1 1 1 1 1 1 1 100 1 1 1 1 1 1 1 1 1 1 1 1 1 1 1 1 1 100 1 1 1 1 100 1 1 1 100 1 1 1 1 1 1 1 1 1 1 1 1 1 1 1 1 1 1 1 1 1 1 1 100 100 100 1 1 1 1 1 1 1 1 1 1 1 1 1 1 1 1 1 1 1 1 1 1 1 1 1 1 100 1 1 12 12 12 12 12 12 1 12 12 12 7 12 12 12 12 12 12 12 1 12 12 100 12 100 12 12 12 12 12 12 1 12 12 12 7 12 1 12 1 12 12 12 1 1 12 12 12 12 12 1 12 1 12 12 12 12 12 12 1 12 12 12 12 12 12 100 12 12 1 12 12 1 1 12 12 12 12 7 12 12 12 7 12 12 12 12 12 12 12 1 1 1 1 1 1 1 1 12 12 12 12 12 12 12 12 12 1 12 12 12 12 12 12 12 7 12 12 1 1 7 12 12 12 7 12 7 12 12 1 12 12 12 12 1 12 1 12 12 1 12 12 1 12 1 12 12 12 12 1 1 12 12 1 1 1 12 12 100 12 12 1 1 12 12 12 1 1 1 1 1 1 1 1 1 12 1 12 7 12 12 12 12 12 12 12 12 12 12 12 12 1 1 12 12 12 12 1 1 1 1 1 12 1 1 1 100 12 1 1 1 12 12 1 1 1 12 1 12 1 1 1 1 1 12 12 12 7 12 12 12 12 12 12 12 12 12 12 12 12 12 12 12 12 1 12 12 12 12 12 12 12 12 12 12 1 12 1 12 1 12 1 12 1 12 12 12 12 12 12 12 7 12 12 12 12 12 12 12 12 1 12 12 12 1 1 1 1 1 1 1 1 1 1 1 1 1 1 1 1 1 1 1 1 1 1 1 1 1 1 1 1 1 1 1 1 1 1 1 1 1 1 1 1 1 1 1 1 1 1 1 1 1 1 1 1 1 1 1 1 1 1 1 1 1 1 1 1 1 1 1 1 1 1 1 1 1 1 1 1 1 1 1 1 1 1 1 1 1 1 1 1 1 1 1 1 1 1 1 1 1 1 1 1 1 1 1 1 1 1 1 1 1 1 1 1 1 1 1 1 1 1 1 1 1 1 1 1 1 1 1 1 1 1 1 1 1 1 1 1 1 1 1 1 1 1 1 1 1 1 1 1 1 1 1 1 1 1 1 1 1 1 1 1 1 1 1 1 1 1 1 1 1 1 1 1 1 1 1 1 1 1
staticfield java/lang/invoke/LambdaForm COMPILE_THRESHOLD I 0
staticfield java/lang/invoke/LambdaForm INTERNED_ARGUMENTS [[Ljava/lang/invoke/LambdaForm$Name; 5 [[Ljava/lang/invoke/LambdaForm$Name;
staticfield java/lang/invoke/LambdaForm IMPL_NAMES Ljava/lang/invoke/MemberName$Factory; java/lang/invoke/MemberName$Factory
staticfield java/lang/invoke/LambdaForm LF_identityForm [Ljava/lang/invoke/LambdaForm; 6 [Ljava/lang/invoke/LambdaForm;
staticfield java/lang/invoke/LambdaForm LF_zeroForm [Ljava/lang/invoke/LambdaForm; 6 [Ljava/lang/invoke/LambdaForm;
staticfield java/lang/invoke/LambdaForm NF_identity [Ljava/lang/invoke/LambdaForm$NamedFunction; 6 [Ljava/lang/invoke/LambdaForm$NamedFunction;
staticfield java/lang/invoke/LambdaForm NF_zero [Ljava/lang/invoke/LambdaForm$NamedFunction; 6 [Ljava/lang/invoke/LambdaForm$NamedFunction;
staticfield java/lang/invoke/LambdaForm DEBUG_NAME_COUNTERS Ljava/util/HashMap; null
staticfield java/lang/invoke/LambdaForm TRACE_INTERPRETER Z 0
staticfield java/lang/invoke/LambdaForm $assertionsDisabled Z 1
ciInstanceKlass java/lang/invoke/MethodType 1 1 603 7 10 10 10 9 10 7 9 9 10 9 8 10 10 9 9 10 7 10 8 10 10 10 100 8 10 100 10 10 10 10 11 9 11 7 10 9 10 10 10 10 10 9 7 10 7 10 10 10 10 10 10 10 10 10 10 8 8 10 9 100 10 10 10 10 10 10 10 10 10 8 10 10 10 10 10 11 10 10 10 10 10 7 10 10 10 10 9 7 10 10 10 10 10 10 10 10 8 8 10 8 10 10 9 10 10 10 10 10 10 10 10 10 10 10 10 9 7 10 10 10 10 10 8 10 11 9 10 10 10 10 10 9 9 10 9 10 10 100 10 7 10 7 9 8 10 10 8 100 100 10 100 1 1 1 1 1 5 0 1 1 1 1 1 1 1 1 1 1 1 1 1 1 1 1 1 1 1 3 1 3 1 3 1 1 1 1 1 1 1 1 1 1 1 1 1 1 1 1 1 100 100 1 1 1 1 1 1 1 1 1 1 1 1 1 1 1 1 1 1 1 1 1 1 1 1 1 1 1 1 1 1 1 1 1 1 1 1 1 1 1 1 1 1 1 1 1 1 1 1 1 1 1 1 1 1 1 1 1 1 1 1 1 1 1 1 1 1 1 1 1 1 1 1 1 1 1 1 1 1 1 1 1 1 1 1 1 1 1 1 1 1 1 1 1 1 1 1 1 1 100 1 1 1 1 100 1 1 1 1 1 1 1 100 1 1 100 1 1 1 1 1 1 100 100 1 100 1 1 1 1 1 100 1 1 100 1 1 1 1 100 1 1 1 12 12 12 12 7 12 12 12 7 12 7 12 1 7 12 12 7 7 12 1 1 12 12 12 1 1 12 1 12 12 12 7 12 12 12 1 7 12 12 12 12 12 12 12 12 1 12 1 12 12 100 12 12 12 12 12 12 12 12 1 1 12 12 1 12 12 12 12 100 12 12 12 1 12 12 7 12 12 12 12 12 12 12 12 12 1 12 12 12 12 1 12 7 12 12 7 12 12 12 1 1 12 1 100 12 12 12 12 12 12 12 12 12 100 12 12 12 12 12 12 1 12 12 12 7 12 12 1 7 12 12 12 12 12 100 12 12 12 12 12 7 12 12 100 12 12 12 1 1 12 12 12 1 1 12 1 1 1 1 1 1 1 1 1 1 1 1 1 1 1 1 1 1 1 1 1 1 1 1 1 1 1 1 1 1 1 1 1 1 1 1 1 1 1 1 1 1 1 1 1 1 1 1 1 1 1 1 1 1 1 1 1 1 1 1 1 1 1 1 1 1 1 1 1 1 1 1 1 1 1 1 1 1 1 1 1 1 1 1 1 1 1 1 1 1 1 1 1 1 1 1 1 1 1 1 1 1 1
staticfield java/lang/invoke/MethodType internTable Ljava/lang/invoke/MethodType$ConcurrentWeakInternSet; java/lang/invoke/MethodType$ConcurrentWeakInternSet
staticfield java/lang/invoke/MethodType NO_PTYPES [Ljava/lang/Class; 0 [Ljava/lang/Class;
staticfield java/lang/invoke/MethodType objectOnlyTypes [Ljava/lang/invoke/MethodType; 20 [Ljava/lang/invoke/MethodType;
staticfield java/lang/invoke/MethodType serialPersistentFields [Ljava/io/ObjectStreamField; 0 [Ljava/io/ObjectStreamField;
staticfield java/lang/invoke/MethodType rtypeOffset J 12
staticfield java/lang/invoke/MethodType ptypesOffset J 16
staticfield java/lang/invoke/MethodType $assertionsDisabled Z 1
ciInstanceKlass java/lang/BootstrapMethodError 0 0 39 10 10 10 10 10 100 100 1 1 1 5 0 1 1 1 1 1 1 1 1 100 100 1 1 12 12 12 100 12 12 1 1 1 1 1 1 1 1
instanceKlass java/lang/invoke/VolatileCallSite
instanceKlass java/lang/invoke/MutableCallSite
instanceKlass java/lang/invoke/ConstantCallSite
ciInstanceKlass java/lang/invoke/CallSite 1 1 322 10 10 9 10 10 100 7 10 7 10 10 10 100 100 10 10 10 8 10 10 10 9 10 10 10 10 100 8 10 10 10 100 10 9 10 10 10 10 9 9 10 10 9 10 10 10 10 10 10 7 10 10 10 10 10 10 7 100 8 10 10 10 10 10 7 100 8 10 10 100 8 10 7 10 10 10 8 10 10 8 10 10 100 10 8 10 10 100 100 10 1 1 1 1 1 1 1 1 1 1 1 1 1 1 1 1 1 1 1 1 1 100 1 1 1 1 1 1 1 1 100 1 1 1 1 1 100 100 100 100 100 100 100 1 1 1 1 1 1 1 1 100 100 1 1 12 12 12 12 12 1 1 12 1 12 12 12 1 1 100 12 12 1 12 12 12 12 12 100 12 12 1 1 12 12 1 12 12 12 12 12 100 12 7 12 12 7 12 12 7 12 12 12 12 12 7 12 12 1 12 12 12 12 12 12 1 1 1 12 12 100 12 12 1 1 1 12 1 1 12 1 12 12 7 12 12 12 12 12 1 12 12 12 1 1 12 1 1 1 1 1 1 1 1 1 1 1 1 1 1 1 1 1 1 1 1 1 1 1 1 1 1 1 1 1 1 1 1 1 1 1 1 1 1 1 1 1 1 1 1 1 1 1 1 1 1 1 1 1 1 1 1 1 1 1 1 1 1 1 1 1 1 1 1 1 1 1 1 1 1 1 1 1 1 1 1 1 1 1 1 1
staticfield java/lang/invoke/CallSite GET_TARGET Ljava/lang/invoke/MethodHandle; java/lang/invoke/DirectMethodHandle
staticfield java/lang/invoke/CallSite THROW_UCS Ljava/lang/invoke/MethodHandle; java/lang/invoke/MethodHandleImpl$AsVarargsCollector
staticfield java/lang/invoke/CallSite TARGET_OFFSET J 12
ciInstanceKlass java/lang/invoke/ConstantCallSite 1 1 42 10 9 10 100 10 9 100 10 10 7 7 1 1 1 1 1 1 1 1 100 1 1 1 1 1 1 1 12 12 12 1 12 12 1 12 1 1 1 1 1 1
ciInstanceKlass java/lang/invoke/MutableCallSite 0 0 57 10 10 9 10 10 10 9 10 10 100 10 100 100 1 1 1 1 1 1 1 1 1 1 1 1 1 1 1 1 1 1 12 12 12 12 12 12 12 12 100 12 1 12 1 1 1 1 1 1 1 1 1 1 1 1 1
ciInstanceKlass java/lang/invoke/VolatileCallSite 0 0 33 10 10 10 10 10 10 100 100 1 1 1 1 1 1 1 1 1 1 1 12 12 12 12 12 12 1 1 1 1 1 1 1
instanceKlass java/lang/StringBuilder
instanceKlass java/lang/StringBuffer
ciInstanceKlass java/lang/AbstractStringBuilder 1 1 318 7 10 9 9 10 10 10 7 3 10 3 100 10 100 10 10 10 10 100 10 10 10 8 10 10 10 10 10 10 10 10 10 10 10 7 10 11 10 8 100 10 8 10 10 8 8 10 10 11 3 8 10 10 7 5 0 8 10 10 10 10 10 10 10 10 100 10 8 8 10 10 10 8 8 8 10 10 8 10 10 10 10 10 10 10 10 10 10 10 10 10 10 10 7 100 7 1 1 1 1 1 1 1 1 1 1 1 1 1 1 1 1 1 1 1 1 1 1 1 1 1 1 1 1 1 1 1 1 1 1 1 1 1 1 1 1 1 1 1 1 1 1 1 1 1 1 1 1 1 1 1 1 1 1 1 1 1 1 1 1 1 1 1 1 1 1 1 1 1 1 1 1 1 1 1 1 1 1 1 1 1 100 1 1 1 1 1 12 12 12 12 12 7 12 1 12 1 1 12 12 100 12 12 1 12 12 1 12 7 12 12 12 12 12 12 7 1 12 12 1 1 1 12 12 1 1 12 12 1 12 12 1 1 12 12 100 12 12 12 12 12 1 1 1 12 12 12 1 1 1 12 12 1 12 12 12 12 12 12 12 12 12 12 12 12 12 12 12 1 1 1 1 1 1 1 1 1 1 1 1 1 1 1 1 1 1 1 1 1 1 1 1 1 1 1 1 1 1 1 1 1 1 1 1 1 1 1 1 1 1 1 1 1 1 1 1 1
ciInstanceKlass java/lang/StringBuffer 1 1 378 10 10 10 11 10 10 9 9 10 10 9 10 100 10 10 10 10 10 10 10 10 10 10 10 10 10 10 10 10 10 10 10 10 10 10 10 10 10 10 10 10 10 10 10 10 10 10 10 10 10 10 10 10 10 10 10 7 10 10 8 10 8 10 8 10 10 10 10 7 10 100 8 10 10 10 10 10 10 10 10 10 10 10 10 10 10 10 10 10 10 10 10 10 10 10 10 10 10 10 10 10 10 7 10 9 9 9 7 7 100 100 1 1 1 1 1 5 0 1 1 1 1 1 1 1 1 1 1 1 1 1 1 1 1 1 1 1 1 1 1 1 1 1 1 1 1 1 1 1 1 1 1 1 1 1 1 1 1 1 1 1 1 1 1 1 1 1 1 1 1 1 1 1 1 1 1 1 1 1 1 1 1 1 1 1 1 1 1 1 1 1 1 1 1 1 100 1 1 100 100 1 1 1 1 1 1 1 1 1 1 1 1 1 1 1 1 1 1 1 1 1 1 1 1 1 1 1 1 1 1 1 1 1 1 12 12 12 12 12 12 12 12 12 12 1 12 12 12 12 12 12 12 12 12 12 12 12 12 12 12 12 12 12 12 12 12 12 12 12 12 12 12 12 12 12 12 12 12 12 12 12 12 12 12 7 12 1 12 100 12 1 100 12 1 12 1 12 12 100 12 100 12 12 1 1 12 12 12 12 12 12 12 12 12 12 12 12 12 12 12 12 12 12 12 12 12 12 12 12 12 12 12 12 12 12 1 12 7 12 7 12 1 1 1 1 1 1 1 1 1 1 1 1 1 1 1 1 1 1 1 1 1 1 1 1 1 1 1 1 1 1 1 1 1 1 1 1
staticfield java/lang/StringBuffer serialPersistentFields [Ljava/io/ObjectStreamField; 3 [Ljava/io/ObjectStreamField;
ciInstanceKlass java/lang/StringBuilder 1 1 333 10 10 10 11 10 10 10 10 10 10 10 10 10 10 10 10 10 10 10 10 10 10 10 10 10 10 10 10 10 10 10 10 10 10 10 10 10 10 10 10 7 9 9 10 10 10 10 10 10 10 100 100 8 10 10 10 10 10 10 10 10 10 10 10 10 10 10 10 10 10 10 10 10 10 10 10 10 10 10 10 10 10 10 10 10 10 10 10 10 10 10 10 10 10 10 10 10 7 7 100 100 1 1 1 5 0 1 1 1 1 1 1 1 1 1 1 1 1 1 1 1 1 1 1 1 1 1 1 1 1 1 1 1 1 1 1 1 1 1 1 1 1 1 1 1 1 1 1 1 1 1 1 1 1 1 1 100 1 1 1 100 1 1 1 1 1 1 1 1 1 1 1 1 1 1 1 1 1 1 1 1 1 1 1 1 1 1 1 1 1 1 1 1 1 1 1 1 1 1 1 1 1 1 1 1 1 1 1 1 1 1 1 1 1 1 1 12 12 12 12 12 12 12 12 12 12 12 12 12 12 12 12 12 12 12 12 12 12 12 12 12 12 12 12 12 12 12 12 12 12 12 12 12 12 1 12 12 12 100 12 12 12 100 12 12 12 1 1 1 12 12 12 12 12 12 12 12 12 12 12 12 12 12 12 12 12 12 12 12 12 12 12 12 12 12 12 12 12 12 12 12 12 12 12 12 12 12 12 12 12 12 12 1 1 1 1 1 1 1 1 1 1 1 1 1 1 1 1 1 1 1 1
ciInstanceKlass sun/misc/Unsafe 1 1 390 10 10 10 10 100 8 10 9 10 10 10 10 10 10 10 10 10 10 10 10 10 10 10 10 10 10 10 10 10 10 10 10 10 10 10 10 10 10 10 10 100 10 10 7 7 8 10 10 7 10 9 7 9 7 9 7 9 7 9 7 9 7 9 7 9 7 9 10 9 9 9 9 9 9 9 9 9 10 9 7 1 1 1 1 1 3 1 1 1 1 1 1 1 1 1 1 1 1 1 1 1 1 1 1 1 1 1 1 1 1 1 1 1 100 1 1 1 1 1 1 1 1 1 1 1 1 1 1 1 1 1 1 1 1 1 1 1 1 1 1 1 1 1 1 1 1 1 1 1 1 1 1 1 1 1 1 1 1 1 1 1 1 1 1 1 1 1 1 1 1 1 1 1 1 1 1 1 1 1 1 1 1 1 1 1 1 1 1 1 1 1 1 1 1 1 1 1 1 1 1 1 1 1 100 1 1 1 1 1 1 1 1 1 1 1 1 1 1 1 1 1 1 1 1 1 1 1 1 1 1 1 100 1 1 1 1 1 1 1 1 1 1 1 1 1 1 1 1 1 1 1 1 1 1 1 1 1 1 1 1 1 1 1 1 1 1 1 1 1 1 1 1 1 1 1 1 1 1 1 1 1 1 1 1 1 1 12 7 12 7 12 7 12 1 1 12 12 12 12 12 12 12 12 12 12 12 12 12 12 12 12 12 12 12 12 12 12 100 12 100 12 12 12 12 12 12 12 12 12 12 12 1 12 1 1 12 1 12 12 1 12 1 12 1 12 1 12 1 12 1 12 1 12 1 12 12 12 12 12 12 12 12 12 12 12 12 12 1 1 1 1 1 1 1 1 1 1 1 1 1 1 1 1 1 1 1 1 1 1
staticfield sun/misc/Unsafe theUnsafe Lsun/misc/Unsafe; sun/misc/Unsafe
staticfield sun/misc/Unsafe ARRAY_BOOLEAN_BASE_OFFSET I 16
staticfield sun/misc/Unsafe ARRAY_BYTE_BASE_OFFSET I 16
staticfield sun/misc/Unsafe ARRAY_SHORT_BASE_OFFSET I 16
staticfield sun/misc/Unsafe ARRAY_CHAR_BASE_OFFSET I 16
staticfield sun/misc/Unsafe ARRAY_INT_BASE_OFFSET I 16
staticfield sun/misc/Unsafe ARRAY_LONG_BASE_OFFSET I 16
staticfield sun/misc/Unsafe ARRAY_FLOAT_BASE_OFFSET I 16
staticfield sun/misc/Unsafe ARRAY_DOUBLE_BASE_OFFSET I 16
staticfield sun/misc/Unsafe ARRAY_OBJECT_BASE_OFFSET I 16
staticfield sun/misc/Unsafe ARRAY_BOOLEAN_INDEX_SCALE I 1
staticfield sun/misc/Unsafe ARRAY_BYTE_INDEX_SCALE I 1
staticfield sun/misc/Unsafe ARRAY_SHORT_INDEX_SCALE I 2
staticfield sun/misc/Unsafe ARRAY_CHAR_INDEX_SCALE I 2
staticfield sun/misc/Unsafe ARRAY_INT_INDEX_SCALE I 4
staticfield sun/misc/Unsafe ARRAY_LONG_INDEX_SCALE I 8
staticfield sun/misc/Unsafe ARRAY_FLOAT_INDEX_SCALE I 4
staticfield sun/misc/Unsafe ARRAY_DOUBLE_INDEX_SCALE I 8
staticfield sun/misc/Unsafe ARRAY_OBJECT_INDEX_SCALE I 4
staticfield sun/misc/Unsafe ADDRESS_SIZE I 8
instanceKlass sun/awt/datatransfer/DataTransferer$ReencodingInputStream
instanceKlass java/lang/ProcessBuilder$NullInputStream
instanceKlass com/sun/org/apache/xerces/internal/impl/XMLEntityManager$RewindableInputStream
instanceKlass java/io/ObjectInputStream
instanceKlass sun/java2d/cmm/ProfileDeferralInfo
instanceKlass java/util/zip/ZipFile$ZipFileInputStream
instanceKlass java/io/FilterInputStream
instanceKlass java/io/FileInputStream
instanceKlass java/io/ByteArrayInputStream
ciInstanceKlass java/io/InputStream 1 1 63 10 10 100 10 100 10 10 100 7 5 0 10 8 10 7 100 1 1 1 3 1 1 1 1 1 1 1 1 1 1 100 1 1 100 100 1 1 1 1 1 1 1 1 1 12 12 1 1 12 1 1 100 12 1 12 1 1 1 1 1 1 1
ciInstanceKlass java/io/ByteArrayInputStream 1 1 62 10 9 9 9 9 10 100 10 100 10 10 7 7 1 1 1 1 1 1 1 1 1 1 1 1 1 1 1 1 1 1 1 1 1 1 1 1 1 100 1 1 12 12 12 12 12 7 12 1 1 7 12 1 1 1 1 1 1 1 1 1
instanceKlass javax/swing/filechooser/FileSystemView$FileSystemRoot
instanceKlass sun/awt/shell/ShellFolder
ciInstanceKlass java/io/File 1 1 597 9 9 10 9 9 9 10 9 9 100 10 8 10 10 100 10 10 10 10 10 100 8 10 10 8 10 8 10 8 10 8 10 8 10 8 10 8 10 9 10 10 10 10 10 10 10 7 10 10 10 10 10 7 8 10 10 10 8 10 7 10 10 10 10 7 10 100 10 10 10 10 10 8 7 10 100 100 10 10 10 7 10 10 10 10 10 10 10 10 10 10 10 7 7 10 11 11 11 11 7 10 10 10 10 100 11 10 10 10 10 10 10 10 8 10 10 10 10 10 10 10 10 100 8 10 10 10 8 8 10 10 100 8 10 10 10 10 10 10 10 10 8 10 10 9 9 10 9 10 9 10 10 10 10 10 10 9 10 9 9 10 10 10 8 100 7 100 100 7 1 1 7 1 1 1 1 1 1 1 1 1 1 1 1 1 1 1 1 1 1 1 1 1 5 0 1 1 1 1 1 1 1 1 1 100 1 1 1 1 1 100 100 1 1 1 1 100 1 1 1 1 1 1 1 1 1 1 1 1 1 1 1 1 1 1 1 1 1 100 1 100 1 1 1 1 1 1 1 1 1 1 1 1 1 1 1 1 100 1 1 1 100 100 1 100 1 1 100 1 1 1 1 1 1 1 1 1 1 1 1 1 1 1 1 1 100 1 1 1 1 1 1 1 1 1 1 1 100 100 1 1 100 100 100 1 1 100 1 1 1 1 12 12 12 12 12 12 12 12 12 1 1 12 12 1 12 12 12 12 1 1 12 12 1 12 1 12 1 12 1 12 1 12 1 12 1 12 12 12 12 12 12 12 12 12 1 12 12 12 12 12 1 1 12 12 1 12 1 12 12 12 1 1 12 12 12 12 1 1 12 1 1 12 7 12 100 12 1 12 12 12 12 12 12 12 12 7 12 12 12 1 1 7 12 7 12 12 12 1 12 1 100 12 12 12 12 12 12 12 12 1 12 12 12 12 12 12 12 12 1 1 12 12 1 1 12 12 1 1 12 12 12 12 100 12 12 100 12 100 12 12 12 12 7 12 12 12 12 7 12 7 12 7 12 7 12 12 12 12 12 12 12 12 12 12 1 1 1 1 1 1 1 1 1 1 1 1 1 1 1 1 1 1 1 1 1 1 1 1 1 1 1 1 1 1 1 1 1 1 1 1 1 1 1 1 1 1 1 1 1 1 1 1 1 1 1 1 1 1 1 1 1 1 1 1 1 1 1 1 1 1 1 1 1 1 1 1 1 1 1 1 1 1 1 1 1 1 1 1 1 1 1 1 1 1 1 1 1 1 1 1 1 1 1 1 1 1 1 1 1 1 1 1 1 1 1 1 1 1 1 1 1 1 1 1 1
staticfield java/io/File fs Ljava/io/FileSystem; java/io/WinNTFileSystem
staticfield java/io/File separatorChar C 92
staticfield java/io/File separator Ljava/lang/String; "\"
staticfield java/io/File pathSeparatorChar C 59
staticfield java/io/File pathSeparator Ljava/lang/String; ";"
staticfield java/io/File PATH_OFFSET J 16
staticfield java/io/File PREFIX_LENGTH_OFFSET J 12
staticfield java/io/File UNSAFE Lsun/misc/Unsafe; sun/misc/Unsafe
staticfield java/io/File $assertionsDisabled Z 1
instanceKlass sun/misc/Launcher$ExtClassLoader
instanceKlass sun/misc/Launcher$AppClassLoader
ciInstanceKlass java/net/URLClassLoader 1 1 550 9 10 9 10 7 10 9 10 10 10 7 10 10 10 10 10 10 7 10 10 10 100 100 100 8 10 10 10 10 11 11 11 100 11 11 10 11 11 11 10 10 10 7 10 10 7 100 10 7 10 10 10 10 100 100 10 8 10 8 10 10 10 8 8 10 10 10 100 100 8 10 10 10 10 10 10 10 10 10 7 10 10 10 10 10 10 10 10 8 10 11 9 10 9 9 9 9 9 9 10 8 10 7 10 10 7 10 10 7 10 10 10 10 7 10 9 10 8 100 8 10 10 8 10 10 9 10 10 10 10 100 8 10 100 10 10 100 10 10 7 100 10 7 10 10 10 7 1 1 1 1 1 1 1 1 1 1 1 1 1 1 100 100 100 100 1 100 1 1 1 100 1 1 100 100 100 100 100 100 100 100 100 1 1 100 100 100 100 1 1 1 1 1 1 1 100 100 1 1 1 100 1 1 100 1 1 100 1 1 100 100 1 1 1 1 1 1 1 1 1 100 100 100 1 1 1 1 1 1 1 1 1 1 1 1 12 12 12 12 1 12 12 7 12 100 12 7 12 1 12 12 12 12 7 12 1 12 12 12 1 1 1 1 12 12 12 12 100 12 100 12 12 1 12 100 12 12 12 12 12 12 12 1 12 12 1 1 12 1 12 7 12 12 1 1 1 12 1 12 12 1 1 12 12 12 1 1 1 12 12 7 12 7 12 12 12 12 12 12 1 12 7 12 12 12 12 12 7 12 12 1 12 7 12 7 12 7 12 12 12 12 12 12 12 7 12 1 12 1 12 1 12 12 1 12 12 12 12 1 7 12 7 12 12 1 1 1 12 12 1 12 12 12 100 12 12 12 12 1 1 1 12 7 12 1 12 12 1 1 1 12 7 12 1 1 1 1 1 1 1 1 1 1 1 1 1 1 1 1 1 1 1 1 1 1 1 1 1 1 1 1 1 1 1 1 1 1 1 1 1 1 1 1 1 1 1 1 1 1 1 1 1 1 1 1 1 1 1 1 1 1 1 1 1 1 1 1 1 1 1 1 1 1 1 1 1 1 1 1 1 1 1 1 1 1 1 1 1 1 1 1 1 1 1 1 1 1 1 1 1 1 1 1 1 1 1 1 1 1 1 1 1 1 1 1 1 1 1 1 1 1 1 1 1 1 1 1 1 1 1 1 1 1 1 1 1 1 1 1 1 1 1 1 1 1 1 1 1 1 1 1 1 1 1 1 1 1 1 1
ciInstanceKlass java/net/URL 1 1 607 10 10 10 9 9 10 10 10 9 10 8 10 7 10 10 8 10 9 100 8 10 10 8 9 7 10 10 9 10 9 8 9 10 9 10 8 9 10 10 8 10 7 10 10 10 10 10 8 10 10 10 8 9 8 10 10 100 10 10 10 10 9 10 9 10 10 10 10 100 100 10 7 10 10 10 10 10 7 10 10 10 100 10 10 100 8 10 9 10 10 9 10 100 10 10 10 10 10 10 10 10 10 10 10 9 9 100 8 10 10 9 10 10 7 11 7 8 8 10 10 7 8 8 7 10 10 10 10 8 8 10 100 10 10 10 10 10 10 8 10 100 10 8 8 10 8 8 8 8 100 10 9 10 10 10 10 10 10 10 10 10 10 10 10 10 10 10 100 8 10 10 10 10 10 7 10 7 7 10 9 9 100 1 1 1 1 1 5 0 1 1 1 1 1 1 1 1 1 1 1 1 1 1 1 1 1 1 1 1 1 1 1 1 1 1 1 1 1 1 1 1 1 1 1 1 100 100 100 100 1 1 1 100 100 1 1 1 1 1 1 100 100 1 1 1 1 1 1 1 1 1 1 1 1 1 1 1 1 1 1 1 1 1 1 1 100 1 1 1 100 100 100 1 1 1 1 1 1 1 100 1 1 100 100 100 1 1 1 1 100 100 1 100 1 1 1 1 1 1 1 1 1 1 1 1 1 12 12 12 12 12 7 12 12 12 12 12 1 12 1 12 1 12 12 1 1 12 12 1 12 1 12 12 12 12 1 12 12 12 12 1 12 12 7 12 1 12 1 12 12 12 12 12 1 12 12 12 1 12 1 12 12 1 12 12 7 12 12 100 12 100 12 12 12 12 12 100 12 1 1 12 1 12 12 12 12 12 1 12 1 12 12 1 1 100 12 100 12 12 100 12 12 1 12 12 12 12 12 12 12 12 7 12 12 12 12 12 1 1 12 12 12 12 1 100 12 1 1 1 7 12 1 1 1 1 12 12 12 1 1 7 12 1 100 12 12 12 12 100 12 100 12 100 12 1 12 1 12 12 12 12 12 12 12 12 12 12 12 12 12 12 1 1 12 12 100 12 1 1 1 12 7 12 12 1 1 1 1 1 1 1 1 1 1 1 1 1 1 1 1 1 1 1 1 1 1 1 1 1 1 1 1 1 1 1 1 1 1 1 1 1 1 1 1 1 1 1 1 1 1 1 1 1 1 1 1 1 1 1 1 1 1 1 1 1 1 1 1 1 1 1 1 1 1 1 1 1 1 1 1 1 1 1 1 1 1 1 1 1 1 1 1 1 1 1 1 1 1 1 1 1 1 1 1 1 1 1 1 1 1 1 1 1 1 1 1 1 1 1 1 1 1 1 1 1 1
staticfield java/net/URL serialPersistentFields [Ljava/io/ObjectStreamField; 7 [Ljava/io/ObjectStreamField;
ciInstanceKlass java/util/jar/Manifest 1 1 265 10 7 10 9 7 10 9 9 10 10 10 10 10 11 11 10 10 100 100 10 8 10 10 10 10 11 100 10 10 11 11 11 11 100 100 8 10 11 7 8 10 10 10 8 10 10 10 11 10 10 10 8 10 7 10 10 10 100 8 10 10 8 10 10 10 10 11 10 10 10 100 7 10 11 10 11 10 7 100 1 1 1 1 1 1 1 1 1 1 1 1 1 1 1 1 1 1 1 1 1 1 1 1 1 1 1 100 1 1 1 100 100 100 100 100 1 1 1 100 100 100 100 1 1 100 1 1 1 1 1 1 1 1 1 1 12 1 12 1 12 12 12 12 12 12 12 7 12 12 100 12 1 1 1 12 12 12 12 1 12 12 12 100 12 100 12 12 1 1 1 1 12 1 1 12 12 12 1 12 12 12 12 12 12 1 12 1 12 12 12 1 1 12 1 12 7 12 12 12 12 12 7 12 12 1 1 12 12 12 1 1 1 1 1 1 1 1 1 1 1 1 1 1 1 1 1 1 1 1 1 1 1 1 1 1 1 1 1 1 1 1 1 1 1 1 1 1 1 1 1 1 1 1 1 1 1 1 1 1 1 1 1 1 1
ciInstanceKlass sun/misc/Launcher 1 1 234 9 10 10 9 9 10 10 100 100 8 10 10 9 8 10 10 8 10 10 8 10 8 100 10 10 10 100 100 100 100 10 100 10 8 10 10 10 9 7 10 9 10 7 10 10 8 10 10 10 10 10 100 10 7 10 7 10 8 7 100 1 1 7 1 7 1 7 1 1 1 1 1 1 1 1 1 1 1 1 1 1 1 1 1 1 100 100 100 100 100 100 100 100 100 1 1 1 1 1 1 100 1 1 100 1 1 100 1 1 1 1 1 1 1 1 1 12 12 12 12 12 12 12 1 1 1 12 12 12 1 7 12 12 1 7 12 100 12 1 7 12 1 1 100 12 100 12 1 1 1 1 12 1 1 12 12 12 12 1 12 12 12 1 12 1 12 12 12 12 7 12 1 12 1 12 1 1 1 1 1 1 1 1 1 1 1 1 1 1 1 1 1 1 1 1 1 1 1 1 1 1 1 1 1 1 1 1 1 1 1 1 1 1 1 1 1 1 1 1 1 1 1 1 1 1 1 1 1 1 1 1 1 1
ciInstanceKlass sun/misc/Launcher$AppClassLoader 1 1 203 8 10 100 10 7 10 10 7 10 10 10 11 9 10 10 10 10 10 10 10 10 100 10 10 10 7 8 10 10 9 10 100 10 10 10 10 100 10 100 100 10 100 10 10 100 10 7 10 10 7 7 1 1 1 1 1 1 1 1 1 1 1 100 100 1 100 1 1 1 1 100 1 1 1 1 1 1 1 1 100 1 1 1 1 1 7 12 1 12 1 12 7 12 1 12 12 7 12 7 12 12 7 12 7 12 12 12 100 12 12 12 12 1 12 12 12 1 1 7 12 12 100 12 1 12 12 12 1 12 1 1 12 1 12 12 1 12 1 7 12 12 1 1 1 1 1 1 1 1 1 1 1 1 1 1 1 1 1 1 1 1 1 1 1 1 1 1 1 1 1 1 1 1 1 1 1 1 1 1 1 1 1 1 1 1 1 1 1 1 1 1 1 1 1 1 1 1 1 1 1 1 1
staticfield sun/misc/Launcher$AppClassLoader $assertionsDisabled Z 1
ciInstanceKlass sun/misc/Launcher$ExtClassLoader 1 1 243 10 9 7 10 7 10 10 100 10 100 10 10 10 10 10 11 10 8 10 7 9 10 10 7 10 10 7 10 10 8 10 10 10 10 10 7 10 10 10 10 100 10 11 10 10 8 10 10 10 100 10 100 100 10 100 10 10 100 10 10 7 1 1 1 1 1 1 1 1 1 100 100 1 1 100 1 1 1 1 1 1 100 100 100 1 1 100 100 1 1 100 100 100 100 1 1 1 1 1 1 1 12 12 7 1 12 1 12 7 12 1 12 1 12 12 12 12 7 12 7 12 7 12 1 7 12 1 12 12 12 1 12 12 1 12 1 7 12 12 12 12 12 1 12 12 12 12 1 100 12 100 12 12 1 100 12 12 12 1 12 1 1 12 1 12 12 1 12 7 12 1 1 1 1 1 1 1 1 1 1 1 1 1 1 1 1 1 1 1 1 1 1 1 1 1 1 1 1 1 1 1 1 1 1 1 1 1 1 1 1 1 1 1 1 1 1 1 1 1 1 1 1 1 1 1 1 1 1 1 1 1 1 1 1 1 1 1 1 1 1 1 1
ciInstanceKlass java/security/CodeSource 1 1 351 10 9 9 9 9 10 100 10 100 10 7 10 10 10 100 10 10 10 10 10 100 10 10 10 10 10 10 10 10 10 10 10 10 10 8 10 10 10 10 8 10 10 100 10 10 8 10 10 10 8 8 9 100 8 10 10 8 10 8 8 8 10 10 10 10 10 10 100 100 10 10 10 10 10 100 10 10 8 10 10 10 100 10 100 100 8 8 10 10 10 100 10 10 11 10 10 11 10 10 8 100 10 10 100 10 11 11 7 100 1 1 1 5 0 1 1 1 1 1 1 1 1 1 1 1 1 1 1 1 100 100 1 1 1 1 1 1 1 1 1 100 1 1 1 1 1 1 1 100 1 1 100 1 1 100 100 100 1 1 1 100 100 100 100 100 100 100 100 1 1 1 1 12 12 12 12 12 100 12 100 7 12 1 12 12 100 1 12 100 12 12 12 1 12 100 100 12 100 12 12 100 12 12 12 12 1 12 12 12 12 1 12 1 12 1 12 12 12 1 1 12 1 1 12 12 1 12 1 1 1 100 12 12 12 12 12 12 1 1 12 12 12 100 12 12 1 12 1 12 12 12 1 12 1 1 1 1 12 100 12 1 12 12 100 12 12 12 100 1 1 12 12 1 12 12 1 1 1 1 1 1 1 1 1 1 1 1 1 1 1 1 1 1 1 1 1 1 1 1 1 1 1 1 1 1 1 1 1 1 1 1 1 1 1 1 1 1 1 1 1 1 1 1 1 1 1 1 1 1 1 1 1 1 1 1 1 1 1 1 1 1 1 1 1 1 1 1 1 1 1
ciInstanceKlass java/lang/StackTraceElement 1 1 101 10 8 10 100 9 8 9 9 9 100 10 10 10 8 10 8 8 8 10 8 10 8 7 10 10 10 10 100 100 1 1 1 1 1 1 1 1 1 5 0 1 1 1 1 1 1 1 1 1 1 1 1 1 1 100 100 100 1 1 1 1 1 12 1 100 12 1 12 1 12 12 12 1 12 12 1 12 1 1 1 12 1 12 1 1 12 12 12 12 1 1 1 1 1 1 1 1 1 1 1
instanceKlass java/nio/ShortBuffer
instanceKlass java/nio/IntBuffer
instanceKlass java/nio/LongBuffer
instanceKlass java/nio/CharBuffer
instanceKlass java/nio/ByteBuffer
ciInstanceKlass java/nio/Buffer 1 1 106 100 10 9 9 100 100 10 8 10 10 10 10 9 10 10 8 8 8 9 10 100 10 100 10 100 10 100 10 7 7 1 1 1 3 1 1 1 1 1 1 1 1 1 1 1 100 1 1 1 1 1 1 1 1 1 1 1 1 1 1 1 1 1 1 1 1 1 1 1 1 1 1 1 1 1 1 12 12 12 1 1 1 12 12 12 12 12 12 12 1 1 1 12 1 1 1 1 1 1 1 1 1 1 1 1
ciInstanceKlass java/lang/Boolean 1 1 112 10 9 10 10 8 10 9 9 8 10 7 10 10 100 100 10 10 8 10 9 7 100 100 1 1 1 1 1 1 1 1 1 1 1 1 5 0 1 1 1 1 1 1 1 1 1 1 1 1 100 1 1 1 100 1 1 1 1 1 1 1 100 1 1 1 1 1 1 1 1 1 1 1 1 1 1 12 12 12 12 1 7 12 12 12 1 12 1 12 7 12 1 1 12 12 1 7 12 12 1 1 1 1 1 1 1 1 1 1 1 1
staticfield java/lang/Boolean TRUE Ljava/lang/Boolean; java/lang/Boolean
staticfield java/lang/Boolean FALSE Ljava/lang/Boolean; java/lang/Boolean
staticfield java/lang/Boolean TYPE Ljava/lang/Class; java/lang/Class
ciInstanceKlass java/lang/Character 1 1 460 7 100 10 9 9 10 10 10 10 3 3 3 3 3 10 10 3 11 11 10 10 100 10 10 3 10 10 10 100 10 10 10 10 10 10 10 10 10 10 10 10 10 10 10 10 10 10 10 10 10 10 10 10 10 10 10 10 10 10 10 10 10 10 10 10 10 10 10 10 5 0 10 10 10 10 10 10 10 10 10 10 9 100 10 10 10 3 10 10 100 10 10 10 10 8 10 9 10 10 10 10 8 10 9 7 100 100 7 1 1 100 1 100 1 100 1 1 1 1 3 1 3 1 1 3 1 3 1 1 1 1 1 1 1 3 1 1 3 1 3 1 3 1 3 1 3 1 3 1 3 1 3 1 3 1 3 1 3 1 3 1 3 1 3 1 3 1 3 1 3 1 3 1 3 1 3 1 3 1 3 1 3 1 3 1 3 1 3 1 3 1 3 1 1 1 1 1 1 1 1 1 1 1 1 1 1 1 1 1 1 1 3 1 1 1 3 1 1 3 1 1 1 1 1 3 1 1 1 5 0 1 1 1 1 1 1 1 1 1 1 1 1 1 1 1 1 1 1 1 1 1 1 1 1 1 1 1 1 1 1 1 1 1 1 1 1 1 1 1 1 1 1 1 1 1 1 1 1 1 1 1 1 1 1 1 1 1 1 1 1 1 1 1 1 1 1 1 1 1 1 1 1 1 1 1 1 1 1 1 1 1 1 1 1 1 1 1 1 1 1 1 1 1 1 1 1 1 1 1 1 1 1 100 100 1 1 1 1 1 1 1 1 12 12 12 12 12 12 7 12 12 12 7 12 12 12 12 1 12 12 12 12 1 12 12 12 12 12 12 7 12 12 12 12 12 12 12 12 12 12 12 12 12 12 12 12 12 12 12 12 12 12 12 12 12 12 12 12 12 12 1 12 12 100 12 12 1 12 12 12 1 100 12 100 12 12 12 7 12 1 12 12 1 1 1 1 1 1 1 1 1 1 1 1 1 1 1 1 1 1 1 1 1 1 1 1 1 1 1 1 1 1 1 1 1 1 1 1 1
staticfield java/lang/Character TYPE Ljava/lang/Class; java/lang/Class
staticfield java/lang/Character $assertionsDisabled Z 1
instanceKlass java/math/BigDecimal
instanceKlass org/apache/commons/lang3/mutable/MutableInt
instanceKlass java/math/BigInteger
instanceKlass java/util/concurrent/atomic/AtomicLong
instanceKlass java/util/concurrent/atomic/AtomicInteger
instanceKlass java/lang/Long
instanceKlass java/lang/Integer
instanceKlass java/lang/Short
instanceKlass java/lang/Byte
instanceKlass java/lang/Double
instanceKlass java/lang/Float
ciInstanceKlass java/lang/Number 1 1 34 10 10 100 7 100 1 1 1 5 0 1 1 1 1 1 1 1 1 1 1 1 1 1 1 1 1 1 1 12 12 1 1 1
ciInstanceKlass java/lang/Float 1 1 175 7 100 10 10 100 4 100 10 10 8 8 10 10 10 10 4 4 4 10 9 10 10 10 10 10 10 3 3 3 10 10 10 10 8 10 9 7 100 1 1 1 1 1 4 1 1 1 4 1 1 3 1 3 1 3 1 3 1 1 1 1 1 1 1 5 0 1 1 1 1 1 1 1 1 1 100 1 1 1 1 1 1 1 1 1 1 1 1 1 1 1 1 1 1 1 1 1 1 1 1 1 1 1 1 1 1 1 1 1 1 1 1 1 1 1 1 1 1 1 1 1 1 1 1 1 7 12 100 12 1 1 12 100 12 1 1 100 12 12 12 12 12 12 12 12 12 12 12 12 12 12 12 1 7 12 12 1 1 1 1 1 1 1 1 1 1 1 1 1 1 1 1 1 1
staticfield java/lang/Float TYPE Ljava/lang/Class; java/lang/Class
ciInstanceKlass java/lang/Double 1 1 229 7 100 10 10 10 100 10 10 6 0 8 10 8 10 8 100 6 0 10 5 0 5 0 8 8 10 10 8 10 8 8 8 10 10 10 10 10 10 10 10 6 0 6 0 6 0 10 9 10 10 10 10 5 0 5 0 10 10 10 10 8 10 9 7 100 1 1 1 1 1 6 0 1 1 1 6 0 1 1 3 1 3 1 3 1 3 1 1 1 1 1 1 1 5 0 1 1 1 1 1 1 100 100 1 1 1 100 1 1 1 1 1 1 1 1 1 1 1 1 1 1 1 1 1 1 1 1 1 1 1 1 1 1 1 1 1 1 1 1 1 1 1 1 1 1 1 1 1 1 1 1 1 1 1 1 1 7 12 12 12 1 12 7 12 1 12 1 12 1 1 12 1 1 100 12 100 12 1 12 1 1 1 12 12 12 12 12 12 12 12 12 12 12 12 12 12 12 12 12 1 7 12 12 1 1 1 1 1 1 1 1 1 1 1 1 1 1 1 1 1 1 1 1 1 1 1 1 1
staticfield java/lang/Double TYPE Ljava/lang/Class; java/lang/Class
ciInstanceKlass java/lang/Byte 1 1 153 7 10 9 10 100 100 10 8 10 8 10 10 10 10 10 10 10 10 8 8 10 9 10 10 10 10 5 0 10 8 10 9 7 100 7 1 1 1 1 1 3 1 3 1 1 1 1 1 1 1 3 1 3 1 1 5 0 1 1 1 1 1 1 1 1 1 1 1 1 1 1 1 1 1 1 1 1 1 1 1 1 1 1 1 1 1 1 1 1 1 1 1 1 1 1 1 1 1 1 1 1 1 1 1 1 100 12 12 12 1 1 12 1 12 1 12 12 12 12 12 12 12 12 1 1 12 12 12 12 12 12 1 7 12 12 1 1 1 1 1 1 1 1 1 1 1 1 1 1 1 1 1
staticfield java/lang/Byte TYPE Ljava/lang/Class; java/lang/Class
ciInstanceKlass java/lang/Short 1 1 161 7 100 10 10 100 100 10 8 10 8 10 10 10 10 10 10 9 10 10 10 8 8 10 9 10 10 10 10 3 3 5 0 10 8 10 9 7 100 7 1 1 1 1 1 3 1 3 1 1 1 1 1 1 1 3 1 3 1 1 5 0 1 1 1 1 1 1 1 1 1 1 1 1 1 1 1 1 1 1 1 1 1 1 1 1 1 1 1 1 1 1 1 1 1 1 1 1 1 1 1 1 1 1 1 1 1 1 1 1 1 1 1 100 12 12 1 1 12 1 12 1 12 12 12 12 12 12 12 12 12 12 1 1 12 12 12 12 12 12 1 7 12 12 1 1 1 1 1 1 1 1 1 1 1 1 1 1 1 1 1
staticfield java/lang/Short TYPE Ljava/lang/Class; java/lang/Class
ciInstanceKlass java/lang/Integer 1 1 314 7 100 7 10 9 7 10 10 10 10 10 10 10 10 3 8 10 10 10 3 9 9 3 9 7 8 10 100 10 8 10 10 8 10 8 10 3 10 10 10 10 8 100 10 10 5 0 8 10 10 7 9 9 10 10 9 10 10 10 10 100 100 10 8 8 10 8 8 8 8 8 8 10 10 10 5 0 3 3 3 3 3 10 10 8 10 9 3 3 3 3 3 3 7 100 1 1 1 1 1 1 1 1 1 1 1 1 1 1 1 1 1 1 3 1 3 1 1 5 0 1 1 1 1 1 100 1 1 1 1 1 1 1 1 1 1 1 1 1 1 100 1 1 1 1 1 1 1 1 1 1 1 1 1 1 1 1 1 1 1 1 1 1 1 1 1 1 1 100 1 100 100 1 1 1 1 1 1 1 1 1 1 1 1 1 1 1 1 1 1 1 1 1 1 1 1 1 1 1 1 1 1 1 1 12 12 1 12 12 100 12 12 12 7 12 12 12 1 12 12 12 12 12 12 1 1 12 1 12 1 12 12 1 12 1 12 12 12 12 12 1 1 12 12 1 12 12 1 12 12 12 12 12 12 12 7 12 1 1 12 1 1 12 1 1 1 1 1 1 12 12 12 12 12 1 7 12 12 1 1 1 1 1 1 1 1 1 1 1 1 1 1 1 1 1 1 1 1 1 1 1 1 1 1 1 1 1 1 1 1 1 1 1
staticfield java/lang/Integer TYPE Ljava/lang/Class; java/lang/Class
staticfield java/lang/Integer digits [C 36
staticfield java/lang/Integer DigitTens [C 100
staticfield java/lang/Integer DigitOnes [C 100
staticfield java/lang/Integer sizeTable [I 10
ciInstanceKlass java/lang/Long 1 1 361 7 100 7 10 9 7 10 10 10 10 10 5 0 5 0 100 10 10 10 10 10 10 10 10 10 10 10 10 10 10 10 5 0 8 10 10 10 7 5 0 5 0 9 9 3 3 100 8 10 8 10 8 8 10 5 0 10 10 10 10 8 100 10 10 8 10 8 10 10 5 0 5 0 9 10 8 8 10 8 8 8 8 8 8 10 10 10 10 9 10 10 10 100 100 10 10 10 10 10 5 0 5 0 5 0 5 0 5 0 10 10 10 8 10 9 7 100 7 1 1 1 1 1 1 5 0 1 1 1 1 1 1 1 3 1 3 1 5 0 1 1 1 1 1 100 1 1 1 1 1 1 1 1 1 1 1 1 1 1 1 1 100 1 1 1 1 1 1 1 1 100 100 1 1 1 1 1 1 1 1 1 1 1 1 1 1 1 1 1 1 1 1 1 1 100 1 1 1 1 1 1 1 1 1 1 1 1 1 1 1 1 1 1 1 1 1 1 1 1 1 1 1 1 1 1 1 1 12 12 1 12 12 12 12 12 1 12 12 12 12 12 12 100 12 12 12 12 12 12 7 12 12 12 1 12 12 12 1 12 12 1 1 12 1 12 1 1 12 12 12 12 12 1 1 12 12 1 12 1 12 12 12 12 1 1 12 1 1 1 1 1 1 12 12 12 12 12 12 100 12 1 1 12 12 12 12 12 12 12 1 7 12 12 1 1 1 1 1 1 1 1 1 1 1 1 1 1 1 1 1 1 1 1 1 1 1 1 1 1 1 1 1 1 1 1 1 1 1 1 1 1 1 1 1 1 1 1 1 1 1
staticfield java/lang/Long TYPE Ljava/lang/Class; java/lang/Class
ciInstanceKlass java/lang/NullPointerException 1 1 21 10 10 100 7 1 1 1 5 0 1 1 1 1 1 1 1 12 12 1 1
ciInstanceKlass java/lang/ArithmeticException 1 1 21 10 10 100 100 1 1 1 5 0 1 1 1 1 1 1 1 12 12 1 1
ciInstanceKlass java/security/AccessController 1 1 191 10 10 10 10 10 10 10 10 100 8 10 10 10 10 10 10 10 10 10 7 10 7 10 10 7 10 10 10 8 10 8 10 8 100 10 10 10 10 10 8 10 8 8 10 8 10 10 7 100 1 1 1 1 1 1 1 1 1 1 1 1 1 100 1 1 1 100 100 1 1 1 100 1 1 1 1 1 1 100 1 1 1 1 1 1 1 1 1 1 1 1 1 1 100 100 100 1 1 12 12 12 12 7 12 12 12 12 1 1 12 12 12 12 12 12 12 100 12 12 1 12 1 12 12 1 12 12 12 1 12 1 100 12 1 1 12 12 100 12 12 1 100 12 1 1 12 1 12 12 1 1 1 1 1 1 1 1 1 1 1 1 1 1 1 1 1 1 1 1 1 1 1 1 1 1 1 1 1 1 1 1 1 1 1 1 1 1 1 1 1
ciInstanceKlass java/security/PrivilegedAction 1 0 12 100 100 1 1 1 1 1 1 1 1 1
ciInstanceKlass java/util/List 1 1 116 10 11 11 11 11 11 11 10 100 10 7 100 100 1 1 1 1 1 1 1 1 1 1 1 1 1 1 1 1 1 1 1 1 1 1 1 1 1 1 1 1 1 1 1 100 1 1 1 100 100 100 1 1 1 1 1 1 1 1 1 1 1 1 1 1 1 1 1 1 1 1 1 1 1 1 1 1 1 1 1 1 100 12 12 7 12 12 100 12 12 12 7 12 1 100 12 1 1 1 1 1 1 1 1 1 1 1 1 1 1 1 1 1 1 1
instanceKlass com/google/common/collect/AbstractMapBasedMultimap$WrappedCollection
instanceKlass com/google/common/collect/AbstractMultimap$Values
instanceKlass java/util/Hashtable$ValueCollection
instanceKlass com/google/common/collect/ImmutableCollection
instanceKlass java/util/TreeMap$Values
instanceKlass java/util/concurrent/ConcurrentSkipListMap$Values
instanceKlass java/util/LinkedHashMap$LinkedValues
instanceKlass java/util/IdentityHashMap$Values
instanceKlass java/util/AbstractQueue
instanceKlass java/util/HashMap$Values
instanceKlass java/util/ArrayDeque
instanceKlass java/util/AbstractSet
instanceKlass java/util/AbstractList
ciInstanceKlass java/util/AbstractCollection 1 1 149 100 10 10 10 11 11 10 7 10 10 10 10 10 7 10 7 3 10 100 8 10 3 100 10 11 11 10 10 10 11 8 7 10 10 8 10 10 7 1 1 1 1 1 1 1 1 1 1 1 1 1 1 1 1 1 1 100 1 1 1 1 1 1 1 1 1 1 1 1 1 1 1 1 1 1 1 1 1 1 100 100 100 1 1 1 1 12 12 12 7 12 12 12 1 100 12 12 12 7 12 7 12 1 100 12 1 12 1 1 12 1 12 12 12 7 12 1 1 12 1 12 12 1 1 1 1 1 1 1 1 1 1 1 1 1 1 1 1 1 1 1 1 1 1 1 1 1 1
instanceKlass com/sun/org/apache/xerces/internal/impl/xs/util/XSObjectListImpl
instanceKlass java/util/Collections$SingletonList
instanceKlass com/sun/xml/bind/v2/model/impl/ElementPropertyInfoImpl$1
instanceKlass sun/awt/util/IdentityArrayList
instanceKlass sun/security/jca/ProviderList$3
instanceKlass java/util/ArrayList$SubList
instanceKlass java/util/SubList
instanceKlass java/util/AbstractSequentialList
instanceKlass java/util/Arrays$ArrayList
instanceKlass java/util/Collections$EmptyList
instanceKlass java/util/ArrayList
instanceKlass java/util/Vector
ciInstanceKlass java/util/AbstractList 1 1 172 10 9 10 10 100 10 10 11 11 11 10 10 11 11 11 10 10 11 11 11 7 10 7 10 7 7 10 100 10 7 11 10 10 11 100 10 10 100 10 8 10 10 8 10 7 7 100 1 1 1 1 1 1 1 1 1 1 1 1 1 1 1 1 1 1 1 1 1 1 1 1 1 100 1 1 1 1 100 1 1 1 1 1 1 1 1 1 1 1 100 1 1 100 1 1 100 1 1 1 1 1 1 1 1 1 12 12 12 12 1 12 7 12 12 12 7 12 12 12 12 12 12 12 100 12 7 1 12 1 12 1 1 12 1 1 12 12 1 12 12 1 1 12 12 1 12 1 1 1 1 1 1 1 1 1 1 1 1 1 1 1 1 1 1 1 1 1 1 1 1 1
instanceKlass com/sun/istack/FinalArrayList
ciInstanceKlass java/util/ArrayList 1 1 365 100 9 10 7 9 9 100 100 10 8 10 10 10 10 9 11 10 7 7 10 9 10 10 10 10 10 3 10 100 10 3 10 10 10 100 100 10 10 10 10 10 10 10 100 10 10 8 8 10 10 11 10 10 10 100 10 10 10 10 11 10 7 10 7 10 10 7 10 8 8 8 8 8 11 100 10 100 10 11 10 10 11 10 7 100 100 100 100 1 1 1 1 1 1 1 1 5 0 1 1 3 1 1 1 1 1 1 1 1 1 1 1 100 1 1 100 1 1 1 1 1 1 1 1 1 1 1 1 1 1 1 1 1 1 1 1 1 100 1 1 1 1 1 1 1 1 1 1 1 1 1 1 1 100 1 1 1 1 1 1 1 1 1 1 1 1 1 1 1 1 1 1 100 1 1 1 1 100 1 1 100 1 1 1 1 1 1 1 1 1 1 1 1 1 1 1 100 1 1 1 1 1 1 100 100 1 1 1 1 1 1 1 1 1 1 1 1 1 1 12 12 1 12 12 1 1 1 12 12 12 12 12 7 12 12 1 7 12 12 12 12 7 12 12 12 12 1 12 12 12 1 1 12 7 12 12 12 12 12 12 1 12 1 1 7 12 12 12 100 12 12 12 1 100 12 12 100 12 100 12 12 1 12 1 12 12 1 12 1 1 1 1 1 100 12 1 12 1 12 100 12 12 12 100 12 12 1 1 1 1 1 1 1 1 1 1 1 1 1 1 1 1 1 1 1 1 1 1 1 1 1 1 1 1 1 1 1 1 1 1 1 1 1 1 1 1 1 1 1 1 1 1 1 1 1 1 1 1 1 1 1 1 1 1
staticfield java/util/ArrayList EMPTY_ELEMENTDATA [Ljava/lang/Object; 0 [Ljava/lang/Object;
staticfield java/util/ArrayList DEFAULTCAPACITY_EMPTY_ELEMENTDATA [Ljava/lang/Object; 0 [Ljava/lang/Object;
instanceKlass com/sun/xml/bind/v2/model/impl/ClassInfoImpl$PropertySorter
instanceKlass javax/swing/UIDefaults$TextAndMnemonicHashMap
instanceKlass java/lang/ProcessEnvironment
instanceKlass java/util/LinkedHashMap
ciInstanceKlass java/util/HashMap 1 1 511 10 100 10 100 10 100 11 11 11 7 3 10 100 100 10 8 10 10 10 10 10 8 10 9 10 9 4 10 10 11 9 4 10 11 11 11 11 7 11 11 10 10 9 10 9 9 9 10 9 7 10 10 10 10 10 9 10 100 3 7 7 10 10 9 9 10 10 10 10 9 7 10 9 7 10 9 7 10 100 10 11 11 11 100 10 10 100 100 10 10 10 10 10 10 10 8 10 100 10 4 10 4 10 10 10 8 4 10 100 11 10 10 10 10 7 7 100 100 1 1 100 1 100 1 100 1 100 1 100 1 100 1 100 1 100 1 100 1 1 1 1 1 1 1 1 5 0 1 1 3 1 1 1 1 3 1 3 1 3 1 1 1 1 1 1 1 1 1 1 1 1 1 1 1 1 1 1 1 100 100 100 100 1 1 1 1 1 1 1 1 100 1 1 1 1 1 1 100 1 1 1 1 1 1 100 1 1 1 1 1 1 1 1 1 1 1 1 1 1 1 1 1 100 1 1 1 1 1 1 1 1 1 1 100 1 1 1 100 1 1 1 1 1 1 1 1 1 1 1 100 1 1 1 100 1 1 1 1 1 1 1 1 1 1 1 1 1 100 1 1 1 1 1 100 1 1 100 100 100 1 1 1 1 1 1 1 1 1 1 1 1 1 1 1 1 1 1 1 1 1 1 1 7 12 1 12 1 100 12 1 12 12 12 1 12 1 1 1 12 12 12 12 7 12 1 12 12 12 12 12 12 12 12 12 12 7 12 7 12 12 1 12 12 12 12 12 12 12 12 12 12 12 1 12 12 12 12 12 12 12 1 1 12 12 12 12 12 12 12 12 1 12 12 1 12 1 1 100 12 100 12 100 12 1 12 1 1 12 12 12 100 12 12 12 100 12 100 12 1 100 12 12 12 12 1 100 12 1 100 12 12 12 12 1 1 1 1 1 1 1 1 1 1 1 1 1 1 1 1 1 1 1 1 1 1 1 1 1 1 1 1 1 1 1 1 1 1 1 1 1 1 1 1 1 1 1 1 1 1 1 1 1 1 1 1 1 1 1 1 1 1 1 1 1 1 1 1 1 1 1 1 1 1 1 1 1 1 1 1 1 1 1 1 1 1 1 1 1 1 1 1 1 1 1 1 1 1 1 1 1
ciInstanceKlass java/lang/Math 1 1 289 10 10 10 10 10 10 10 6 0 7 6 0 10 10 10 10 10 10 10 10 10 10 10 10 100 3 3 3 10 100 5 0 5 0 5 0 5 0 5 0 9 10 100 8 10 8 10 100 5 0 5 0 100 3 5 0 3 10 10 9 9 10 10 7 6 0 9 100 10 10 10 10 10 4 10 10 10 10 10 10 10 10 10 10 10 10 5 0 5 0 3 6 0 4 6 0 6 0 7 4 4 6 0 10 9 10 9 10 4 6 0 100 100 1 1 1 1 1 6 0 1 1 1 1 1 1 1 1 1 1 1 1 1 1 1 1 1 1 1 1 1 1 1 1 1 1 1 1 1 1 1 1 1 1 1 1 1 1 1 1 1 1 1 1 1 1 1 1 1 1 1 1 1 1 1 1 1 1 1 1 1 1 1 1 1 1 1 1 1 1 1 1 1 1 1 1 1 1 1 1 1 1 1 12 7 12 12 12 12 12 12 1 12 12 12 12 12 12 12 12 12 12 12 12 1 12 1 12 100 12 1 1 12 1 12 1 1 12 12 12 12 12 12 1 12 1 12 12 12 12 12 12 12 12 12 12 12 12 12 12 12 12 1 12 12 12 12 7 12 1 1 1 1 1 1 1 1 1 1 1 1 1 1 1 1 1 1 1
staticfield java/lang/Math $assertionsDisabled Z 1
ciInstanceKlass java/util/Arrays 1 1 810 10 100 7 10 8 10 10 8 8 10 10 100 10 10 10 10 10 10 10 10 10 7 10 100 10 10 100 10 10 100 10 10 100 10 10 100 10 10 100 10 10 100 10 10 9 10 100 10 10 10 100 10 10 7 10 10 10 10 10 10 10 7 11 10 10 10 10 10 10 10 10 11 10 100 10 10 100 10 10 100 10 10 100 10 10 10 10 10 10 10 10 10 10 10 10 10 10 10 7 10 10 8 7 10 10 10 100 10 100 10 100 10 100 10 100 10 100 10 100 10 100 10 10 9 100 10 10 10 10 10 10 10 10 10 10 8 8 10 10 8 10 10 10 10 100 3 10 100 10 10 11 10 10 10 10 10 10 10 10 10 11 8 10 11 11 11 11 18 11 11 18 11 18 11 18 100 10 10 10 10 10 10 10 10 10 10 10 10 10 10 10 10 10 10 10 10 10 1 1 7 1 100 1 1 1 1 3 1 3 1 1 1 1 1 1 1 1 1 1 1 1 1 1 1 1 1 1 1 1 1 1 1 1 1 1 1 1 1 1 1 100 1 1 1 1 1 1 1 1 1 1 1 1 1 1 1 1 1 1 1 1 1 1 1 1 1 1 1 1 1 1 1 1 1 1 1 1 1 1 1 100 1 1 1 1 100 1 1 1 1 1 1 1 1 1 1 1 1 1 1 1 1 1 1 1 1 1 1 1 1 1 1 1 1 1 1 1 1 1 1 1 1 1 1 1 1 1 1 1 1 1 1 1 1 1 1 1 1 1 1 1 1 1 1 1 1 1 1 1 1 1 1 1 1 1 1 1 1 1 1 1 1 100 1 1 1 1 1 1 1 1 1 1 100 1 1 1 1 1 1 1 1 1 1 1 1 1 100 1 1 1 100 1 1 1 100 1 1 1 1 1 1 1 1 1 1 1 1 1 1 1 1 1 1 1 1 1 1 1 1 1 12 1 1 1 12 12 1 1 12 12 1 12 7 12 12 12 12 12 12 12 12 1 100 12 100 1 1 1 12 12 100 1 1 12 100 1 1 12 100 1 1 12 100 1 1 12 100 1 1 12 100 1 1 12 12 7 12 100 1 1 12 7 12 7 12 1 12 1 12 12 7 12 100 12 12 12 12 1 12 12 7 12 12 12 7 12 12 12 7 12 100 12 100 1 1 12 1 1 12 1 1 12 1 1 12 12 12 12 12 12 12 100 12 12 100 12 12 12 12 12 1 7 12 12 1 1 12 12 12 1 12 1 12 1 12 1 12 1 12 1 12 1 12 1 12 12 12 1 12 12 12 12 12 12 12 12 12 1 1 12 12 1 12 12 12 7 12 1 1 12 100 12 12 12 12 12 12 12 12 12 12 12 1 12 100 12 100 12 12 1 15 16 15 12 12 100 12 15 12 100 12 15 12 100 12 15 12 1 100 12 12 12 12 12 12 12 12 12 12 100 12 12 12 12 12 12 12 12 12 12 12 1 1 1 1 1 1 1 1 1 1 1 1 1 1 1 1 1 1 1 1 1 1 1 100 1 1 1 1 1 1 1 1 1 1 1 1 1 1 1 1 1 1 1 1 1 1 1 1 1 1 1 1 1 1 1 1 1 1 1 1 1 1 1 1 1 1 1 1 1 1 1 1 1 1 1 1 1 1 1 1 1 1 1 1 1 1 1 1 1 1 1 1 1 1 1 1 1 1 1 1 1 1 1 10 10 1 1 1 1 1 1 1 10 1 1 1 1 10 1 1 1 1 10 1 1 1 1 1 1 1 1 1 1 1 1 1 1 1 1 1 1 1 1 100 12 12 12 12 12 1 1 100 1 1 100 1 1
staticfield java/util/Arrays $assertionsDisabled Z 1
instanceKlass com/altera/tcl/interpreter/IsolatedTCLInterpreter$1
instanceKlass com/altera/sopcmodel/components/tclmodule/LiveModule$1
instanceKlass com/sun/xml/bind/v2/runtime/Coordinator$1
instanceKlass com/sun/xml/bind/v2/ClassFactory$1
instanceKlass sun/misc/FormattedFloatingDecimal$1
instanceKlass jdk/internal/misc/TerminatingThreadLocal$1
instanceKlass java/lang/InheritableThreadLocal
instanceKlass sun/misc/FloatingDecimal$1
instanceKlass java/util/concurrent/locks/ReentrantReadWriteLock$Sync$ThreadLocalHoldCounter
instanceKlass jdk/internal/misc/TerminatingThreadLocal
ciInstanceKlass java/lang/ThreadLocal 1 1 131 9 9 7 3 10 100 10 10 10 10 10 10 9 10 10 10 10 7 10 10 9 7 10 10 100 10 7 10 7 100 1 1 1 1 1 1 1 1 1 1 1 1 1 1 1 1 1 1 1 1 1 1 1 100 100 1 1 1 100 1 1 1 1 1 1 1 1 1 1 1 1 1 1 1 1 1 1 1 1 12 12 1 12 1 12 12 12 7 12 12 12 7 12 12 12 12 12 1 12 12 12 1 12 12 1 1 1 1 1 1 1 1 1 1 1 1 1 1 1 1 1 1 1 1 1 1 1 1 1 1
ciInstanceKlass java/util/concurrent/atomic/AtomicInteger 1 1 123 10 9 9 9 10 10 10 10 10 11 10 11 10 10 7 8 10 10 100 100 10 7 100 1 1 1 5 0 1 1 1 1 1 1 1 1 1 1 1 1 1 1 1 1 1 1 1 1 1 1 1 1 1 1 1 1 1 1 1 1 1 1 1 1 1 1 1 1 1 1 100 1 1 12 12 12 12 7 12 12 12 12 12 100 12 12 100 12 100 12 12 1 7 12 12 1 1 12 1 1 1 1 1 1 1 1 1 1 1 1 1 1 1 1 1 1 1 1 1 1 1 1
staticfield java/util/concurrent/atomic/AtomicInteger unsafe Lsun/misc/Unsafe; sun/misc/Unsafe
staticfield java/util/concurrent/atomic/AtomicInteger valueOffset J 12
instanceKlass java/lang/IllegalThreadStateException
instanceKlass java/nio/charset/IllegalCharsetNameException
instanceKlass java/lang/NumberFormatException
ciInstanceKlass java/lang/IllegalArgumentException 1 1 27 10 10 10 10 100 7 1 1 1 5 0 1 1 1 1 1 1 1 1 1 12 12 12 12 1 1
ciInstanceKlass sun/misc/URLClassPath$JarLoader 1 1 549 7 9 9 9 9 9 10 9 9 7 8 8 7 10 10 8 10 10 10 10 9 10 10 10 10 7 10 10 10 10 8 10 10 7 10 10 7 10 7 10 10 9 11 8 10 10 7 10 10 7 10 10 7 10 10 10 10 8 9 10 100 10 100 10 10 10 10 100 100 7 10 8 10 10 10 11 11 100 10 10 10 10 10 10 7 10 10 10 10 7 10 100 10 10 7 100 10 10 10 10 11 10 100 8 10 10 10 11 10 10 9 10 10 10 7 10 10 10 10 10 10 10 9 8 8 10 10 100 10 10 10 10 9 10 10 10 10 10 10 8 10 10 10 100 10 7 1 1 1 1 1 1 1 1 1 1 1 1 1 1 1 1 1 1 1 1 1 1 1 1 1 1 1 1 100 100 100 100 100 100 1 1 1 1 1 1 1 1 1 100 1 1 100 100 1 100 1 1 1 1 100 100 100 1 1 100 100 1 1 100 1 1 1 100 100 100 1 1 1 1 1 1 100 1 1 1 1 1 100 1 1 1 1 1 1 1 1 1 1 1 1 1 1 1 1 1 1 1 1 1 1 1 1 12 12 12 12 12 12 12 12 1 1 1 12 12 1 12 12 12 12 12 12 12 12 7 12 1 12 7 12 12 12 1 12 12 1 12 7 12 1 12 1 7 12 12 12 100 12 1 12 1 1 12 1 12 12 12 1 12 100 12 1 12 1 12 12 12 12 1 1 1 12 1 12 12 12 100 12 12 1 12 12 7 12 12 12 12 1 12 7 12 100 12 1 12 1 100 12 100 12 1 1 12 12 12 12 100 12 12 1 1 12 7 12 7 12 12 7 12 7 12 7 12 12 7 12 1 12 12 12 12 12 12 12 1 1 100 12 100 12 1 12 12 12 12 12 12 12 12 12 12 1 12 100 12 12 1 12 1 1 1 1 1 1 1 1 1 1 1 1 1 1 1 1 1 1 1 1 1 1 1 1 1 1 1 1 1 1 1 1 1 1 1 1 1 1 1 1 1 1 1 1 1 1 1 1 1 1 1 1 1 1 1 1 1 1 1 1 1 1 1 1 1 1 1 1 1 1 1 1 1 1 1 1 1 1 1 1 1 1 1 1 1 1 1 1 1 1 1 1 1 1 1 1 1 1 1 1 1 1 1 1 1 1 1 1 1 1 1 1 1 1 1 1 1 1 1 1 1 1 1 1 1 1 1 1 1 1 1 1 1 1 1 1 1 1 1
staticfield sun/misc/URLClassPath$JarLoader zipAccess Lsun/misc/JavaUtilZipFileAccess; java/util/zip/ZipFile$1
ciInstanceKlass java/io/FilePermission 1 1 259 7 9 100 8 10 10 100 8 10 9 8 10 9 9 9 8 9 8 10 100 10 10 10 10 8 10 7 10 10 7 10 100 9 7 10 10 10 9 10 10 10 10 10 10 10 100 8 8 8 8 8 10 8 10 9 10 7 10 10 10 10 10 8 10 10 7 100 1 1 1 1 3 1 3 1 3 1 3 1 3 1 3 1 3 1 1 1 1 1 1 1 1 1 1 1 3 1 3 1 1 5 0 1 1 1 1 1 1 1 100 100 1 1 1 1 1 100 1 1 1 1 1 1 1 1 100 1 1 100 1 1 1 1 1 1 100 1 1 100 1 1 1 1 1 1 1 12 1 1 12 12 1 1 12 1 12 12 12 12 1 12 1 12 1 12 12 12 12 1 12 1 12 1 7 12 1 12 1 12 7 12 12 12 12 12 12 12 12 12 1 1 1 1 1 1 12 1 12 12 12 1 12 100 12 100 12 7 12 1 7 12 7 12 1 1 1 1 1 1 1 1 1 1 1 1 1 1 1 1 1 1 1 1 1 1 1 1 1 1 1 1 1 1 1 1 1 1 1 1 1 1 1 1 1 1 1 1 1
staticfield java/io/FilePermission builtInFS Ljava/nio/file/FileSystem; sun/nio/fs/WindowsFileSystem
ciInstanceKlass java/awt/image/ImageObserver 1 0 27 100 100 1 1 1 3 1 3 1 3 1 3 1 3 1 3 1 3 1 3 1 1 1 1 1 1
instanceKlass java/awt/Scrollbar
instanceKlass com/sun/xml/bind/v2/model/impl/RuntimeBuiltinLeafInfoImpl$9$1
instanceKlass java/awt/TextComponent
instanceKlass java/awt/Canvas
instanceKlass javax/swing/ImageIcon$3
instanceKlass javax/swing/ImageIcon$2$1
instanceKlass java/awt/Container
ciInstanceKlass java/awt/Component 1 1 2871 10 10 10 9 9 9 100 8 10 9 10 10 100 10 9 7 10 9 9 9 9 9 9 9 7 9 9 10 9 9 9 9 7 5 0 9 7 9 9 9 10 9 9 9 9 10 9 7 9 9 10 10 8 10 10 9 9 9 10 10 10 100 10 10 9 10 10 10 10 10 11 10 10 10 8 10 9 100 8 10 10 10 10 10 10 10 10 10 10 10 10 7 9 9 10 10 10 10 11 10 10 10 10 7 10 7 10 10 7 10 10 10 10 10 10 11 10 10 100 8 9 10 10 10 10 10 10 10 10 10 10 7 10 10 10 10 5 0 10 10 11 7 5 0 5 0 10 10 7 10 9 7 10 10 10 10 10 10 10 10 10 9 10 10 11 8 9 10 10 11 8 10 9 10 10 11 9 8 10 10 9 7 8 10 10 8 11 10 10 10 10 10 10 9 11 9 9 10 8 10 10 9 9 10 10 10 7 10 10 10 9 9 10 10 7 10 10 10 10 10 7 10 10 10 10 10 11 7 10 5 0 10 9 9 9 9 10 10 10 10 10 10 10 9 9 8 10 10 10 11 10 10 9 9 8 10 10 11 9 9 8 10 100 4 8 9 10 11 10 10 10 10 10 10 10 10 7 11 10 10 10 11 10 10 100 10 11 10 9 10 11 10 10 100 10 10 10 10 100 10 10 10 10 100 10 10 10 10 10 10 100 11 10 100 10 100 9 9 11 10 10 11 10 11 10 10 10 10 11 10 10 10 11 100 100 10 9 10 10 7 100 8 10 8 8 10 100 10 10 100 10 10 100 10 100 10 100 10 100 10 100 10 10 10 10 10 10 10 10 9 9 10 100 10 8 10 10 8 10 10 9 8 10 7 10 7 10 9 9 10 10 10 9 8 10 7 10 11 7 10 10 10 10 10 7 100 7 8 100 10 10 8 100 100 11 10 10 10 10 10 10 9 9 10 10 9 10 10 10 11 10 11 10 7 10 10 10 8 8 10 10 10 10 10 10 8 10 10 10 10 10 10 10 10 10 10 10 10 10 10 10 10 100 10 10 10 5 0 9 9 9 5 0 9 5 0 9 5 0 9 5 0 9 9 9 5 0 5 0 5 0 5 0 10 10 9 9 10 10 10 7 10 100 10 10 10 7 100 10 10 10 7 100 10 10 8 10 10 8 10 8 7 100 10 10 10 7 100 10 10 7 100 10 10 7 7 10 10 7 100 10 10 100 100 100 10 100 10 10 5 0 10 9 11 7 10 7 10 11 10 10 8 9 10 7 10 10 10 10 10 10 10 10 10 10 11 11 11 11 10 11 11 10 11 11 11 10 11 11 11 11 11 11 11 11 10 11 11 10 11 11 11 10 10 10 10 10 10 10 10 9 10 10 10 10 10 10 10 9 10 10 100 10 10 10 10 10 10 10 10 10 10 10 10 11 10 8 10 7 8 10 10 10 11 11 11 7 8 10 3 8 11 8 7 10 10 9 10 10 8 10 10 9 10 10 10 8 10 8 10 8 8 8 10 10 10 11 10 10 8 8 10 8 8 10 8 10 10 8 9 8 9 11 8 7 10 10 9 10 10 9 8 10 10 10 9 10 8 10 8 10 10 8 8 10 10 8 10 8 10 8 10 10 9 10 10 10 10 9 10 10 10 10 9 11 100 10 10 9 10 10 10 10 8 8 8 10 10 10 10 9 10 8 10 10 10 10 10 9 7 10 10 10 10 10 10 10 10 10 10 10 100 10 10 10 10 10 8 10 10 100 10 100 10 8 100 10 100 10 100 100 10 10 8 10 8 8 8 8 8 10 8 8 8 10 10 7 10 10 10 10 10 10 10 100 9 7 10 10 10 8 100 10 10 10 10 10 10 10 100 10 100 10 10 9 9 9 9 11 10 10 9 10 11 9 8 10 100 10 9 10 10 10 9 8 8 10 9 10 10 11 10 10 8 8 10 10 10 10 10 10 10 10 8 10 10 10 10 8 10 10 8 10 10 10 10 10 10 10 10 8 10 8 8 8 10 10 10 8 10 10 10 8 8 8 8 8 10 11 10 8 10 9 8 8 8 8 8 8 8 7 10 10 10 7 8 10 8 8 10 7 10 10 7 10 7 100 100 100 1 1 1 1 1 1 1 1 1 100 1 1 1 1 1 1 1 1 1 1 1 1 1 1 1 1 1 1 1 1 1 1 1 1 1 1 1 1 1 1 1 1 1 1 1 1 1 1 1 1 1 1 1 1 1 1 1 1 1 3 1 3 1 3 1 1 1 1 1 1 1 1 1 1 1 1 1 1 1 1 1 1 1 1 1 1 1 1 1 1 1 1 1 1 1 1 1 1 1 1 1 1 1 1 1 1 8 1 8 1 1 8 1 1 8 1 1 1 1 1 8 1 8 1 8 1 1 1 1 8 1 8 1 1 1 1 1 1 4 1 1 4 1 1 1 5 0 1 1 1 1 1 1 1 1 1 1 1 1 1 1 1 1 1 1 1 1 1 1 1 1 1 1 1 1 1 1 1 1 1 1 1 1 1 1 1 1 1 1 100 100 1 1 100 100 1 1 1 1 1 1 1 1 1 1 1 100 100 1 1 1 1 1 1 1 1 1 100 1 1 1 1 1 1 100 1 1 1 1 1 1 1 1 1 100 1 1 1 1 100 1 1 100 1 1 1 1 1 1 1 1 1 1 1 1 1 1 1 1 1 1 1 1 100 1 1 1 1 1 1 1 1 1 100 1 1 1 1 1 100 1 1 1 1 1 1 1 100 1 1 1 1 1 1 1 1 1 1 1 1 1 1 1 1 1 1 1 1 1 1 1 1 1 1 1 1 1 1 1 1 100 1 1 1 1 1 1 1 1 1 1 1 1 1 1 1 1 1 1 1 1 1 1 1 1 1 1 1 100 1 1 1 100 1 1 1 1 1 1 100 1 1 1 1 1 1 1 1 1 1 1 1 1 1 1 1 1 1 1 1 1 100 1 1 100 1 1 1 1 1 1 1 1 100 100 1 100 1 1 1 1 1 1 1 1 1 1 1 1 1 1 1 1 1 1 1 100 100 100 100 1 1 1 1 100 1 1 1 1 1 1 1 1 1 1 1 1 1 1 1 1 1 1 1 1 100 1 1 1 1 1 100 1 1 1 1 1 1 1 1 1 1 1 1 1 1 1 1 1 1 1 1 1 1 1 1 1 1 1 1 1 1 1 1 1 1 1 1 1 100 1 1 1 1 1 1 1 1 100 100 1 1 100 1 1 1 1 1 1 1 100 1 1 100 1 1 100 1 1 100 1 100 1 100 1 1 1 100 1 1 1 1 1 1 1 1 1 1 1 1 1 1 1 1 1 1 1 1 1 1 1 1 1 1 1 1 1 1 100 100 100 100 1 1 1 1 1 7 1 1 1 1 1 1 1 1 100 1 1 1 1 1 1 1 1 1 1 1 100 1 1 1 1 1 1 1 1 1 1 100 1 1 1 1 1 1 1 1 1 1 1 1 1 1 1 1 1 100 1 1 1 1 1 1 1 1 1 100 100 100 100 1 1 7 1 1 100 100 7 1 1 1 1 1 1 1 1 1 1 1 1 1 1 100 1 1 100 1 1 1 1 1 1 1 100 1 1 1 1 1 1 1 1 1 1 1 1 1 1 1 1 1 1 1 1 1 1 1 1 1 1 1 1 1 12 12 12 12 12 12 1 1 12 12 12 7 12 1 12 12 1 12 12 12 12 12 12 12 1 12 12 7 12 12 12 12 12 1 12 1 12 12 12 12 12 12 12 12 7 12 12 1 12 12 12 12 12 12 12 12 12 12 7 12 12 1 12 12 12 12 12 12 12 12 100 12 100 12 1 12 1 1 12 7 12 12 12 12 12 12 12 12 12 1 12 12 12 12 12 12 100 12 12 12 12 7 12 1 1 12 12 1 12 12 12 12 12 12 12 1 1 100 12 12 12 12 12 12 12 12 12 12 1 12 7 12 12 12 12 12 12 1 12 12 1 12 12 1 12 7 12 12 12 12 12 12 12 12 12 12 12 12 12 12 12 12 12 12 7 12 12 1 1 12 12 100 12 12 12 12 12 12 1 12 12 12 12 12 12 1 12 12 12 12 1 12 12 12 12 12 1 12 12 12 12 1 12 12 12 12 12 12 12 12 12 12 12 12 12 12 12 12 12 12 12 12 1 12 1 1 12 12 12 12 12 12 12 12 1 12 7 12 12 12 100 12 1 12 12 100 12 12 12 1 12 12 100 12 12 1 12 12 12 1 12 12 12 100 12 12 1 12 12 1 1 12 12 12 12 12 12 12 1 1 12 100 12 12 12 1 1 1 12 1 1 100 12 1 12 12 1 12 12 1 12 1 12 1 1 12 1 12 12 12 12 12 12 12 12 7 12 7 12 1 1 12 12 1 12 12 12 1 12 1 12 1 12 12 12 12 12 12 12 1 12 1 12 12 1 12 12 12 12 12 1 1 1 1 1 12 12 1 1 1 12 12 12 12 12 12 12 7 12 12 12 12 12 12 12 12 12 12 12 1 12 1 12 1 12 12 12 12 12 12 12 12 12 12 12 12 12 1 12 100 12 12 12 12 12 12 12 12 12 12 12 7 12 12 1 12 1 12 12 12 1 1 12 12 12 1 1 12 12 1 12 1 12 1 1 1 12 12 12 1 1 12 12 1 1 12 12 1 1 12 12 1 1 12 12 1 1 1 12 1 12 12 12 7 12 1 12 1 12 12 12 12 12 12 1 12 12 12 12 12 12 12 12 12 12 12 12 12 12 12 12 12 12 12 12 12 12 12 12 12 12 12 12 12 12 12 12 12 12 12 12 12 12 12 12 12 12 12 12 12 12 12 12 12 1 12 12 12 12 12 12 12 12 12 12 12 1 1 12 12 12 12 7 12 12 1 1 12 1 12 1 1 12 7 12 12 12 12 12 12 12 12 12 12 1 12 1 12 1 1 1 12 12 100 12 12 12 12 1 1 12 1 1 12 1 12 12 1 12 1 12 7 12 1 1 12 12 12 12 12 1 12 12 12 12 12 1 12 1 12 12 1 1 12 7 12 1 12 1 100 12 1 12 12 12 12 12 12 12 12 12 12 1 12 12 12 12 12 100 12 1 1 1 12 12 12 12 12 1 100 12 12 12 100 12 1 12 12 12 12 12 12 12 100 12 1 12 12 100 12 100 12 7 12 1 100 12 12 1 1 100 1 1 12 1 12 1 1 12 100 12 1 12 1 1 1 1 1 12 1 1 1 100 12 12 1 12 12 12 12 12 12 12 1 12 1 12 12 12 1 12 12 12 12 1 12 1 12 12 12 12 12 12 12 12 12 12 100 12 12 1 12 1 12 12 12 12 12 1 1 7 12 12 12 12 12 1 1 12 12 12 12 12 12 1 12 12 12 1 12 12 1 12 12 12 12 12 12 1 12 1 1 1 12 12 12 1 12 12 12 1 1 1 1 1 12 12 12 1 12 12 1 1 1 1 1 1 1 1 12 12 1 1 1 1 100 12 1 7 12 1 1 1 1 1 1 1 1 1 1 1 1 1 1 1 1 1 1 1 1 1 1 1 1 1 1 1 1 1 1 100 1 1 1 1 1 1 1 1 1 1 1 1 1 1 1 1 1 1 1 1 1 1 1 1 1 1 1 1 1 1 1 1 1 1 1 1 1 1 1 1 1 1 1 1 1 1 1 1 1 1 1 1 1 1 1 1 1 1 1 1 1 1 1 1 1 1 1 1 1 1 1 1 1 1 1 1 1 1 1 1 1 1 1 1 1 1 1 1 1 1 1 1 1 1 1 1 1 1 1 1 1 1 1 1 1 1 1 1 1 1 1 1 1 1 1 1 1 1 1 1 1 1 1 1 1 1 1 1 1 1 1 1 1 1 1 1 1 1 1 1 1 1 1 1 1 1 1 1 1 1 1 1 1 1 1 1 1 1 1 1 1 1 1 1 1 1 1 1 1 1 1 1 1 1 1 1 1 1 1 1 1 1 1 1 1 1 1 1 1 1 1 1 1 1 1 1 1 1 1 1 1 1 1 1 1 1 1 1 1 1 1 1 1 1 1 1 1 1 1 1 1 1 1 1 1 1 1 1 1 1 1 1 1 1 1 1 1 1 1 1 1 1 1 1 1 1 1 1 1 1 1 1 1 1 1 1 1 1 1 1 1 1 1 1 1 1 1 1 1 1 1 1 1 1 1 1 1 1 1 1 1 1 1 1 1 1 1 1 1 1 1 1 1 1 1 1 1 1 1 1 1 1 1 1 1 1 1 1 1 1 1 1 1 1 1 1 1 1 1 1 1 1 1 1 1 1 1 1 1 1 1 1 1 1 1 1 1 1 1 1 1 1 1 1 1 1 1 1 1 1 1 1 1 1 1 1 1 1 1 1 1 1 1 1 1 1 1 1 1 1 1 1 1 1 1 1 1 1 1 1 1 100 1 1 1 1
staticfield java/awt/Component log Lsun/util/logging/PlatformLogger; sun/util/logging/PlatformLogger
staticfield java/awt/Component eventLog Lsun/util/logging/PlatformLogger; sun/util/logging/PlatformLogger
staticfield java/awt/Component focusLog Lsun/util/logging/PlatformLogger; sun/util/logging/PlatformLogger
staticfield java/awt/Component mixingLog Lsun/util/logging/PlatformLogger; sun/util/logging/PlatformLogger
staticfield java/awt/Component focusTraversalKeyPropertyNames [Ljava/lang/String; 4 [Ljava/lang/String;
staticfield java/awt/Component LOCK Ljava/lang/Object; java/awt/Component$AWTTreeLock
staticfield java/awt/Component coalesceMap Ljava/util/Map; java/util/WeakHashMap
staticfield java/awt/Component coalesceEventsParams [Ljava/lang/Class; 2 [Ljava/lang/Class;
staticfield java/awt/Component $assertionsDisabled Z 1
instanceKlass javax/swing/tree/DefaultTreeCellEditor$EditorContainer
instanceKlass javax/swing/plaf/basic/BasicSplitPaneDivider
instanceKlass javax/swing/CellRendererPane
instanceKlass java/awt/Panel
instanceKlass javax/swing/JComponent
instanceKlass java/awt/Window
ciInstanceKlass java/awt/Container 1 1 1595 10 7 10 9 9 9 9 9 9 9 7 9 10 11 11 7 100 100 100 10 8 10 10 10 10 10 9 11 7 10 10 10 9 7 11 10 7 10 10 7 100 8 10 9 7 8 10 10 8 9 8 8 10 10 10 10 8 10 10 10 10 10 10 9 11 7 5 0 10 10 5 0 10 10 10 11 10 11 9 9 5 0 10 7 10 10 100 10 10 10 10 10 10 10 10 100 10 10 7 10 9 10 10 10 11 10 10 10 10 10 10 10 10 11 10 11 11 10 10 10 10 10 7 11 11 10 10 10 10 10 10 5 0 11 10 7 10 11 11 11 10 10 9 9 9 11 9 9 10 8 10 8 8 5 0 8 10 10 9 8 10 10 11 9 10 10 11 10 10 9 11 10 11 10 11 10 10 10 11 10 10 10 10 10 10 9 10 11 10 7 10 10 9 10 11 10 9 10 11 10 11 10 11 10 10 10 9 10 11 10 10 100 10 9 9 10 10 100 10 11 10 11 11 10 10 10 10 10 10 10 10 10 10 10 10 10 10 10 9 10 7 10 100 10 10 10 10 10 10 10 11 11 9 10 10 11 10 10 9 10 9 10 9 9 9 10 9 9 11 10 10 10 9 9 10 10 10 10 10 9 9 10 100 10 100 10 10 100 10 10 10 10 10 10 10 9 9 10 10 9 10 7 10 10 10 10 10 10 10 10 10 10 9 10 10 8 10 100 10 10 9 100 10 10 10 10 11 100 10 10 9 10 100 10 10 100 10 10 10 10 10 8 10 10 10 10 7 8 10 10 10 10 10 10 10 10 10 10 10 10 9 8 10 10 10 8 10 9 8 10 9 10 10 10 10 10 10 10 8 10 8 10 8 8 8 10 8 10 8 10 10 100 10 10 10 10 10 100 8 10 10 7 10 10 10 10 100 100 9 100 11 10 10 10 11 11 100 10 11 10 10 10 100 8 10 10 8 10 10 9 10 10 10 10 10 10 10 9 8 10 8 8 8 10 10 10 10 10 10 10 10 10 11 10 10 10 10 10 10 10 10 7 11 10 10 10 8 10 10 10 10 10 8 8 10 10 8 10 8 8 7 9 10 9 9 10 10 7 10 10 7 8 10 7 10 100 1 1 1 100 1 7 1 7 1 1 1 1 1 1 1 1 1 1 1 1 1 1 1 1 1 1 1 1 1 1 1 1 1 1 1 1 1 1 1 1 1 1 5 0 1 3 1 1 1 1 1 1 1 1 1 1 1 1 1 1 1 1 1 1 1 1 1 1 1 1 1 1 1 1 100 1 1 1 1 100 100 100 1 1 1 100 1 1 1 1 1 1 1 1 1 100 100 1 1 1 1 1 1 1 1 1 1 1 1 1 1 100 1 1 1 1 1 1 1 1 1 1 100 1 1 1 1 1 1 1 1 1 1 1 1 1 1 1 1 1 1 1 1 1 1 1 1 100 1 1 1 1 100 1 1 1 1 1 100 1 1 1 100 1 1 1 1 1 1 1 1 1 1 100 100 1 1 1 1 1 1 1 1 1 1 1 1 1 100 1 1 1 1 1 1 1 100 1 1 1 1 1 1 1 1 100 1 1 1 1 1 1 1 1 1 1 100 1 1 1 1 1 1 1 1 1 1 1 100 100 100 1 1 1 100 1 1 1 1 1 1 1 1 1 1 1 1 1 1 1 1 1 1 100 1 1 1 100 1 1 1 1 1 1 1 1 1 1 1 1 1 1 1 1 1 1 1 100 100 1 1 100 100 100 100 1 1 100 100 100 1 1 1 1 1 1 1 1 1 100 1 1 1 1 1 1 1 1 1 1 1 1 1 1 1 1 1 1 1 12 1 12 12 12 12 12 12 12 1 12 12 7 12 12 1 1 1 1 1 12 12 12 12 12 12 12 12 12 12 12 1 12 12 1 12 12 1 1 1 12 1 1 12 12 1 1 1 12 12 12 1 7 12 7 12 12 12 12 12 12 12 1 12 12 12 12 12 12 12 12 12 12 7 12 1 12 12 1 12 12 12 12 12 12 12 12 1 12 12 1 12 12 12 12 12 12 12 12 12 12 12 12 12 12 12 12 12 12 12 12 1 12 12 12 12 12 12 12 12 12 12 1 12 12 7 12 12 12 12 12 12 12 12 12 7 12 7 12 1 12 1 1 1 12 12 12 1 12 12 12 12 12 12 12 12 12 12 12 12 12 12 12 12 12 12 12 12 7 12 12 12 12 12 1 12 12 12 12 12 12 12 12 12 12 12 12 12 12 12 12 100 12 12 7 12 12 1 12 12 12 100 12 12 1 12 12 100 12 100 12 12 12 100 12 100 12 12 12 100 12 7 12 12 12 1 12 1 12 12 12 12 12 12 12 12 12 12 12 12 12 12 12 12 12 12 12 12 12 12 100 12 12 12 12 12 7 12 1 1 12 7 12 1 12 12 12 12 12 12 12 12 12 12 1 12 12 12 12 12 12 12 100 12 12 12 100 12 1 12 1 12 12 12 1 12 12 12 100 100 12 1 12 12 12 100 12 1 100 12 12 1 100 12 12 12 12 1 12 100 12 12 12 1 1 12 12 12 12 12 12 12 12 12 12 12 12 12 12 12 12 12 12 12 100 12 12 12 12 12 12 12 100 12 1 100 12 12 1 12 12 1 12 12 1 100 12 100 12 12 7 12 12 1 1 1 12 12 12 12 1 1 12 1 12 100 12 12 12 100 1 12 12 1 1 12 1 12 12 100 12 12 12 12 12 12 12 12 12 1 12 1 1 1 12 12 12 12 12 12 12 12 12 12 12 12 12 12 12 1 12 12 12 12 1 12 12 12 1 1 12 12 1 12 1 1 1 12 12 12 12 12 1 7 12 1 1 1 12 1 1 1 1 1 1 1 1 1 1 1 1 1 1 1 1 1 1 1 1 1 1 1 1 1 1 1 1 1 1 1 1 1 1 1 1 1 1 1 1 1 1 1 1 1 1 1 1 1 1 1 1 1 1 1 1 1 1 1 1 1 1 1 1 1 1 1 1 1 1 1 1 1 1 1 1 1 1 1 1 1 1 1 1 1 1 1 1 1 1 1 1 1 1 1 1 1 1 1 1 1 1 1 1 1 1 1 1 1 1 1 1 1 1 1 1 1 1 1 1 1 1 1 1 1 1 1 1 1 1 1 1 1 1 1 1 1 1 1 1 1 1 1 1 1 1 1 1 1 1 1 1 1 1 1 1 1 1 1 1 1 1 1 1 1 1 1 1 1 1 1 1 1 1 1 1 1 1 1 1 1 1 1 1 1 1 1 1 1 1 1 1 1 1 1 1 1 1 1 1 1 1 1 1 1 1 1 1 1 1 1 1 1 1 1 1 1 1 1 1 1 1 1 1 1 1 1 1 1 1 1 1 1 1 1 1 1 1 1 1 1 1 1 1 1 1 1 1 1 100 1 1 1 1 1 1 1 1 1 1 1 1 1 1 1 1 1 1 1 1 1 1 1 1 1 1 1 1 1 1 1 1 1 1 1 1 1 1 1 1 1 1 1 1 1 1 1 1 1 1 1 1 1 1 1 1 1 1 1 1 1 1 1 1 100 1 1 1 1 1
staticfield java/awt/Container log Lsun/util/logging/PlatformLogger; sun/util/logging/PlatformLogger
staticfield java/awt/Container eventLog Lsun/util/logging/PlatformLogger; sun/util/logging/PlatformLogger
staticfield java/awt/Container EMPTY_ARRAY [Ljava/awt/Component; 0 [Ljava/awt/Component;
staticfield java/awt/Container mixingLog Lsun/util/logging/PlatformLogger; sun/util/logging/PlatformLogger
staticfield java/awt/Container serialPersistentFields [Ljava/io/ObjectStreamField; 8 [Ljava/io/ObjectStreamField;
staticfield java/awt/Container isJavaAwtSmartInvalidate Z 0
instanceKlass javax/swing/JWindow
instanceKlass java/awt/Dialog
instanceKlass java/awt/Frame
ciInstanceKlass java/awt/Window 1 1 1699 9 10 9 9 9 9 9 9 10 9 9 9 10 9 10 9 9 9 7 10 9 7 10 9 9 9 9 6 0 7 9 9 9 9 9 9 10 10 10 10 10 10 9 7 10 10 10 7 10 9 9 10 10 10 100 8 10 7 10 10 10 10 10 10 9 9 10 9 9 9 9 10 10 9 9 7 9 10 10 10 7 10 10 10 10 9 10 10 10 100 10 7 100 10 8 10 9 10 10 9 11 7 10 10 9 7 11 8 10 10 10 10 10 10 10 9 10 10 10 10 10 9 9 10 9 10 10 10 10 9 10 9 10 11 10 10 10 10 10 10 100 10 10 9 10 10 10 10 10 10 10 10 10 10 10 9 10 10 10 9 10 7 7 10 9 7 10 10 10 11 9 9 7 5 0 10 10 10 10 10 10 10 10 10 10 7 10 10 10 10 100 9 8 10 10 100 8 10 10 11 10 11 10 9 10 9 10 7 8 8 10 10 100 9 10 9 10 10 10 10 10 7 11 7 10 10 10 10 10 10 10 10 10 10 10 9 9 10 10 10 10 10 10 9 10 9 10 9 10 10 10 10 7 10 100 7 100 100 100 10 10 9 5 0 5 0 10 10 10 10 10 10 10 11 11 11 11 11 11 11 11 11 11 10 10 7 10 10 10 9 10 9 9 10 11 8 10 10 10 10 10 10 10 10 10 10 10 10 10 10 7 8 9 10 10 10 8 9 10 10 10 10 100 10 10 10 10 10 10 10 10 10 10 10 10 10 10 10 8 100 8 10 10 100 10 9 9 10 9 10 8 10 8 8 10 8 11 11 11 100 100 10 10 10 10 10 10 10 11 100 10 10 8 10 8 10 8 8 8 10 8 7 10 8 100 8 10 10 10 10 9 100 10 10 9 9 10 8 10 10 8 10 10 10 9 9 10 9 9 10 10 10 10 10 9 10 10 8 10 10 8 10 8 9 10 100 8 10 11 100 10 8 9 8 10 11 10 10 10 10 10 8 10 10 8 10 11 11 10 10 100 10 100 10 10 10 10 10 10 10 8 10 100 11 10 10 100 10 10 10 10 10 7 10 10 10 10 9 9 100 10 8 10 10 10 10 8 10 8 10 8 7 10 7 10 10 7 100 1 1 1 7 1 1 1 1 1 1 1 1 1 1 1 1 1 1 1 1 1 1 1 1 3 1 1 1 1 1 1 1 1 1 1 1 1 1 1 1 1 1 1 1 1 1 1 1 1 1 1 1 1 1 1 1 1 1 1 1 1 1 1 1 1 5 0 1 1 1 1 1 1 1 1 1 1 1 1 1 1 1 1 1 1 1 1 1 1 1 1 1 1 1 1 100 100 100 100 1 100 1 100 1 1 1 100 1 1 100 100 1 1 100 1 1 1 100 1 1 1 100 1 100 1 1 100 1 1 1 1 1 1 1 1 1 1 1 1 1 1 1 1 1 1 1 1 1 1 1 1 100 100 100 1 1 1 1 1 1 1 1 1 1 1 100 1 1 1 1 1 1 1 1 1 1 1 1 1 1 1 1 100 1 1 1 1 1 1 100 1 1 100 100 1 1 1 1 1 1 1 1 1 1 1 1 1 1 1 1 1 1 1 1 1 1 1 1 1 1 100 1 1 1 1 1 1 1 100 1 100 1 100 1 1 1 1 1 100 100 1 1 1 1 100 1 1 1 1 1 100 1 1 1 1 1 1 1 1 1 1 1 1 1 1 1 1 1 1 1 1 1 1 1 1 1 1 1 1 1 1 1 1 1 100 1 1 1 1 100 100 100 1 1 1 100 100 100 1 100 100 1 1 1 1 1 100 1 1 1 1 1 1 100 1 1 1 1 1 1 1 1 1 1 1 1 1 1 1 1 100 1 1 100 1 1 100 1 1 1 1 100 1 1 1 1 100 1 1 100 100 100 100 1 1 1 1 1 1 1 1 1 1 1 1 1 1 1 1 1 1 1 1 1 1 1 1 1 1 1 1 1 1 1 1 1 1 1 1 1 1 1 1 1 12 12 12 12 12 12 12 12 12 12 12 12 12 12 12 12 12 12 1 12 1 12 12 12 12 1 12 12 12 12 12 12 12 7 12 12 12 7 12 12 12 1 12 12 12 1 12 12 12 12 12 12 1 1 12 1 12 12 12 7 12 12 7 12 7 12 12 12 12 12 12 12 12 1 12 12 7 12 7 12 1 12 12 12 12 12 12 12 1 12 1 1 1 12 12 12 12 12 7 12 1 12 12 1 12 1 12 12 12 12 12 12 12 12 12 12 12 7 12 12 12 12 12 12 12 12 100 12 12 12 12 12 12 12 1 12 12 12 12 12 7 12 12 12 12 12 12 12 12 12 12 12 12 1 1 12 12 1 12 12 12 12 12 1 12 12 12 7 12 12 12 12 12 12 1 12 12 12 12 1 7 12 1 100 12 12 1 1 12 12 12 12 12 100 12 100 12 1 1 1 12 7 12 1 12 100 12 12 7 12 12 12 12 7 12 1 12 1 12 12 7 12 12 12 12 12 12 12 12 12 12 12 12 12 12 7 12 12 12 12 12 12 12 12 1 12 1 1 1 1 1 12 12 12 12 12 12 12 12 12 12 12 12 12 12 12 12 12 12 12 12 1 12 12 12 12 12 12 12 12 12 12 12 12 12 12 12 12 12 7 12 12 12 1 1 12 12 12 12 100 12 12 12 12 12 1 12 12 12 12 100 12 100 12 12 100 12 100 12 12 12 12 12 12 1 1 1 12 1 12 12 12 12 100 12 1 12 1 1 12 1 12 100 12 12 1 1 12 100 12 12 12 12 12 12 1 12 12 100 12 12 12 1 12 1 12 100 12 12 12 12 1 12 7 12 7 12 1 12 12 1 12 12 12 12 12 12 12 12 12 12 1 12 1 12 1 100 12 12 1 1 12 100 1 1 12 1 12 1 100 12 12 12 12 7 12 12 1 12 12 1 12 12 12 100 12 1 12 1 12 12 12 12 12 12 1 12 1 12 100 12 12 1 100 12 12 1 12 12 12 12 12 12 100 1 1 12 1 12 12 12 12 1 1 1 1 12 1 7 12 1 1 1 1 1 1 1 1 1 1 1 1 1 1 1 1 1 1 1 1 1 1 1 1 1 1 1 1 1 1 1 1 1 1 1 1 1 1 1 1 1 1 1 1 1 1 1 1 1 1 1 1 1 1 1 1 1 1 1 1 1 1 1 1 1 1 1 1 1 1 1 1 1 1 1 1 1 1 1 1 1 1 1 1 1 1 1 1 1 1 1 1 1 1 1 1 1 1 1 1 1 1 1 1 1 1 1 1 1 1 1 1 1 1 1 1 1 1 1 1 1 1 1 1 1 1 1 1 1 1 1 1 1 1 1 1 100 1 1 1 1 1 1 1 1 1 1 1 1 1 1 1 1 1 1 1 1 1 1 1 1 1 1 1 1 1 1 1 1 1 1 1 1 1 1 1 1 1 1 1 1 1 1 1 1 1 1 1 1 1 1 1 1 1 1 1 1 1 1 1 1 1 1 1 1 1 1 1 1 1 1 1 100 1 1 1 1 1 1 1 1 1 1 1 1 1 1 1 1 1 1 1 1 1 1 1 1 1 1 1 1 1 1 1 1 1 1 1 1 1 1 1 1 1 1 1 1 1 1 1 1 1 1 1 1 1 1 1 1 1 1 1 1 1 1 1 1 1 1 1 1 1 1 1 1 1 1 1 1 1 1 1 1 1 1 1 1 1 1 1 1 1 1 1 1 1 1 1 1 1 1 1 1 1 1 1 1 1 1 1 1 1 1 1 1 1 1 1 1 1 100 1 1 1 1 1
staticfield java/awt/Window allWindows Lsun/awt/util/IdentityArrayList; sun/awt/util/IdentityArrayList
staticfield java/awt/Window log Lsun/util/logging/PlatformLogger; sun/util/logging/PlatformLogger
staticfield java/awt/Window locationByPlatformProp Z 0
staticfield java/awt/Window beforeFirstWindowShown Ljava/util/concurrent/atomic/AtomicBoolean; java/util/concurrent/atomic/AtomicBoolean
ciInstanceKlass javax/swing/JFrame 1 1 373 10 100 9 9 9 10 10 10 10 100 5 0 10 10 10 10 10 8 10 10 10 10 10 10 10 10 7 10 10 10 10 10 10 7 10 10 10 7 100 8 10 10 10 8 10 9 10 8 10 10 10 10 10 10 10 10 9 10 10 10 10 10 100 8 10 10 10 10 10 10 10 10 10 10 9 10 10 10 9 9 10 9 10 7 10 8 8 8 8 8 10 8 8 100 10 10 10 8 8 8 10 100 10 7 8 10 7 100 100 100 1 1 1 1 1 3 1 1 1 1 1 1 1 1 1 1 1 1 1 1 1 1 100 1 1 1 1 1 1 1 1 1 1 1 1 1 1 1 1 1 1 1 1 1 1 1 1 1 1 1 1 1 1 1 1 1 1 1 1 100 100 100 1 1 1 1 1 1 1 1 1 1 1 1 1 1 1 1 1 1 1 100 1 1 100 1 1 1 1 1 12 1 12 12 12 12 12 12 12 1 12 7 12 12 12 12 1 7 12 12 12 12 12 100 12 12 12 1 12 7 12 12 12 12 1 12 12 100 12 1 1 1 12 100 12 12 12 7 12 12 12 12 12 12 12 7 12 12 12 12 12 1 1 12 12 12 12 12 12 12 12 12 7 12 12 12 12 12 12 12 12 12 1 12 1 1 1 1 12 1 1 1 12 12 1 1 1 1 12 1 1 1 1 1 100 1 1 1 1 1 1 1 1 1 1 1 1 1 1 1 1 1 1 1 1 1 1 1 1 1 1 1 1 1 1 1 1 1 1 1 1 1 1 1 1 1 1 1 1 1 1 1 1 1 1 1 1 1 1 1 1 1 1 1 1 1 1 1 1 1 1 1
staticfield javax/swing/JFrame defaultLookAndFeelDecoratedKey Ljava/lang/Object; java/lang/StringBuffer
instanceKlass com/altera/componenteditor/tools/interfaces/ModalAssignmentsEditor
instanceKlass bibliothek/gui/dock/station/flap/DefaultFlapWindow$DialogParent
ciInstanceKlass javax/swing/JDialog 1 1 400 100 10 8 10 10 10 100 9 9 9 10 10 10 10 10 10 10 10 9 10 10 10 10 100 5 0 10 10 10 10 10 8 10 10 10 10 10 10 10 10 7 10 10 10 10 10 10 7 10 10 100 8 10 8 10 9 10 8 10 10 10 10 10 10 10 10 9 10 10 10 10 10 100 8 10 10 10 10 10 10 10 10 10 9 10 10 10 9 9 10 9 10 7 10 8 8 8 10 8 8 100 10 10 10 8 8 8 10 100 10 7 8 10 7 7 100 100 100 1 1 1 1 1 1 1 1 1 1 1 1 1 1 1 1 1 1 1 1 1 1 1 100 100 100 1 100 1 1 1 1 1 1 100 1 1 1 1 1 1 1 1 1 1 1 1 1 1 1 1 1 1 1 1 1 1 1 1 1 1 1 1 1 1 1 1 1 1 1 1 1 100 100 1 1 1 1 1 1 1 1 1 1 1 1 1 1 1 1 1 100 1 1 1 1 1 1 1 1 12 1 12 7 12 1 12 12 12 12 12 12 12 12 12 12 12 12 12 12 1 12 7 12 12 12 12 1 7 12 12 12 12 12 100 12 12 12 1 12 7 12 12 12 12 12 1 12 12 1 1 12 12 12 12 12 12 12 12 12 12 7 12 12 12 12 12 1 1 12 12 12 12 12 12 12 12 7 12 12 12 12 12 12 12 12 12 1 12 1 1 1 12 1 1 1 12 12 1 1 1 1 12 1 1 1 1 1 1 100 1 1 1 1 1 1 1 1 1 1 1 1 1 1 1 1 1 1 1 1 1 1 1 1 1 1 1 1 1 1 1 1 1 1 1 1 1 1 1 1 1 1 1 1 1 1 1 1 1 1 1 1 1 1 1 1 1 1 1 1 1 1 1 1 1 1 1 1 1 1 1
staticfield javax/swing/JDialog defaultLookAndFeelDecoratedKey Ljava/lang/Object; java/lang/StringBuffer
instanceKlass javax/swing/JToolTip
instanceKlass javax/swing/JOptionPane
instanceKlass bibliothek/gui/dock/themes/basic/action/buttons/MiniButtonContent
instanceKlass bibliothek/extension/gui/dock/theme/eclipse/RoundRectButton
instanceKlass javax/swing/JLayer
instanceKlass javax/swing/Box$Filler
instanceKlass javax/swing/Box
instanceKlass de/concept/nlview/NlviewMinimap
instanceKlass javax/swing/JInternalFrame
instanceKlass bibliothek/gui/dock/themes/basic/BasicDockableSelection$ImagePainter
instanceKlass bibliothek/gui/dock/themes/basic/action/buttons/MiniButton
instanceKlass javax/swing/JProgressBar
instanceKlass javax/swing/JFileChooser
instanceKlass com/altera/sopceditor/tools/MessageViewerTool$7
instanceKlass de/concept/nlview/Nlview
instanceKlass javax/swing/JTabbedPane
instanceKlass javax/swing/JSlider
instanceKlass javax/swing/JList
instanceKlass javax/swing/JComboBox
instanceKlass com/altera/ui/widgets/systemtable/TableColumnComponent
instanceKlass javax/swing/table/JTableHeader
instanceKlass javax/swing/JTable
instanceKlass javax/swing/JSplitPane
instanceKlass javax/swing/JScrollBar
instanceKlass javax/swing/JViewport
instanceKlass javax/swing/text/JTextComponent
instanceKlass javax/swing/JScrollPane
instanceKlass javax/swing/JTree
instanceKlass javax/swing/JSeparator
instanceKlass javax/swing/JPopupMenu
instanceKlass javax/swing/JMenuBar
instanceKlass javax/swing/JLayeredPane
instanceKlass javax/swing/JRootPane
instanceKlass javax/swing/JToolBar
instanceKlass javax/swing/JLabel
instanceKlass javax/swing/AbstractButton
instanceKlass javax/swing/JPanel
ciInstanceKlass javax/swing/JComponent 1 1 1670 9 9 9 10 10 9 9 10 10 100 11 10 7 9 7 10 7 100 10 11 9 9 11 11 7 10 11 10 10 8 10 100 5 0 10 9 8 10 10 10 10 7 7 10 10 7 10 9 9 9 7 10 9 5 0 10 8 10 10 8 10 10 10 10 10 9 10 9 9 10 8 10 10 10 9 10 100 10 8 9 10 10 100 10 10 10 10 10 10 10 10 10 10 9 10 10 10 10 10 10 10 10 10 10 10 10 10 9 9 9 9 10 10 10 10 10 10 10 10 10 10 10 11 10 10 10 10 10 10 10 10 10 10 10 10 10 10 10 10 10 10 10 8 10 10 10 10 10 100 10 10 10 10 10 10 8 10 7 10 10 10 10 10 8 10 10 10 10 10 10 10 10 10 10 10 10 10 10 10 9 8 11 10 10 7 10 7 10 9 9 9 9 9 9 10 9 9 10 9 100 8 10 10 10 10 10 10 7 10 10 10 8 7 10 10 10 10 10 10 11 11 7 10 10 10 10 10 10 10 10 10 10 10 10 10 100 10 10 10 10 10 7 100 8 10 9 9 9 8 9 7 10 10 10 7 10 10 10 10 10 9 10 10 10 10 10 10 10 10 8 10 10 10 10 10 8 10 7 10 10 10 10 10 10 10 10 10 10 10 10 10 10 10 10 10 10 10 7 10 10 7 10 10 8 10 10 10 7 7 10 10 10 10 7 10 10 9 5 0 10 9 7 10 8 10 7 10 10 10 10 10 100 8 9 10 10 7 10 9 10 10 10 10 10 10 8 7 10 10 8 10 100 7 10 7 10 8 10 8 10 10 7 10 10 7 10 10 100 10 10 10 10 10 10 10 10 10 10 10 10 10 10 10 10 10 10 9 10 100 10 10 10 7 10 9 7 10 10 10 10 9 10 10 7 10 10 100 10 7 10 10 10 10 8 10 10 10 10 10 10 10 10 10 10 10 10 10 10 18 10 10 10 10 10 10 10 7 10 10 10 10 10 10 11 10 9 3 10 10 10 100 10 100 10 100 100 10 10 10 10 10 10 10 10 10 10 10 8 10 10 8 10 8 10 8 8 8 10 8 8 8 10 10 8 10 8 7 10 9 7 100 100 1 1 100 1 7 1 100 1 1 1 1 1 1 1 1 1 1 1 1 1 1 1 3 1 3 1 3 1 1 1 1 1 1 1 1 1 1 1 1 1 1 1 1 1 1 1 1 1 1 1 1 1 1 1 1 1 1 3 1 8 1 1 1 1 1 1 1 1 1 3 1 3 1 3 1 3 1 3 1 3 1 3 1 3 1 3 1 3 1 3 1 3 1 3 1 3 1 3 1 3 1 3 1 3 1 3 1 3 1 3 1 3 1 3 1 3 1 1 1 1 1 1 1 1 1 1 1 1 1 1 1 1 1 1 1 1 1 1 1 1 100 100 100 1 1 1 1 1 1 1 1 1 1 100 1 1 1 1 1 1 1 1 1 1 100 1 1 100 1 1 1 100 1 100 1 1 1 1 100 1 1 1 100 1 100 1 1 100 1 1 1 1 1 1 1 1 1 1 1 1 1 1 1 100 1 1 1 1 1 1 1 1 1 1 1 1 1 1 1 1 1 1 100 1 1 1 1 1 1 1 1 1 1 1 1 1 1 1 1 1 1 1 1 1 1 1 1 1 1 1 1 1 1 1 1 1 100 1 100 100 1 1 1 1 1 1 100 1 1 100 100 1 1 1 1 100 1 1 1 1 1 1 1 1 1 1 1 1 1 1 1 100 1 1 1 1 1 1 1 100 1 1 1 100 1 1 100 1 1 1 1 1 100 1 1 1 1 100 1 1 1 1 100 100 1 1 1 1 1 1 1 1 1 1 1 1 1 1 1 100 1 1 1 1 1 1 1 1 1 1 1 1 1 1 1 1 1 1 1 100 1 1 1 1 1 1 1 1 1 1 1 1 1 1 1 1 1 1 1 1 1 1 1 1 1 1 1 1 1 1 1 1 1 1 100 1 1 1 1 1 1 1 1 1 1 1 100 1 1 1 1 1 1 1 1 1 1 1 1 1 1 1 1 1 1 100 100 1 1 1 1 1 1 1 1 1 1 1 1 1 1 1 1 1 1 1 1 100 100 100 100 1 1 1 1 1 1 1 1 1 1 1 1 1 1 1 1 1 12 12 12 7 12 12 12 12 12 12 1 12 100 12 1 12 1 12 1 1 12 12 12 12 7 12 12 1 12 12 12 1 12 1 12 12 1 12 12 12 12 1 1 12 1 12 12 12 1 12 12 12 1 12 7 12 1 12 12 12 12 7 12 7 12 7 12 12 12 7 12 1 12 12 12 12 12 1 12 1 12 12 12 1 12 12 7 12 12 12 12 12 12 12 12 12 12 12 12 12 12 12 12 12 12 12 12 12 12 12 12 12 12 12 12 12 12 12 12 12 12 7 12 12 7 12 12 12 12 12 12 12 12 12 12 12 12 12 12 12 12 1 12 12 12 12 12 1 12 12 12 12 12 12 1 12 1 12 12 12 12 12 12 12 12 12 12 12 12 12 12 12 12 12 12 12 12 12 12 12 1 1 12 12 12 12 12 12 12 12 12 12 12 7 12 1 12 12 12 12 12 1 12 12 12 1 1 12 12 12 12 7 12 12 1 12 12 12 12 12 7 12 12 12 12 12 12 12 1 100 12 12 12 1 1 1 12 12 12 12 1 12 1 12 12 1 12 12 12 12 12 100 12 12 12 12 12 12 1 12 7 12 12 1 12 1 12 12 12 12 12 12 12 12 12 12 12 12 12 12 12 12 12 12 12 1 12 12 100 1 1 12 12 1 7 12 12 12 1 1 12 12 12 1 12 12 7 12 12 1 12 1 1 12 12 12 12 12 1 1 100 12 12 1 12 12 12 12 7 12 1 1 12 12 12 1 1 12 1 1 12 1 12 1 12 12 1 12 12 1 12 12 12 12 12 12 12 1 12 12 12 1 12 12 1 12 12 12 12 12 1 12 1 1 12 12 12 1 12 12 12 12 12 12 7 12 12 12 12 12 12 12 12 1 15 16 15 12 12 12 12 12 12 12 1 12 12 12 12 12 12 12 12 12 1 100 12 1 12 1 1 12 12 12 100 12 12 12 1 1 12 1 12 1 1 1 12 1 1 1 12 12 1 1 12 1 1 1 1 1 1 1 1 1 1 1 1 1 1 1 1 1 1 1 1 1 1 1 1 1 1 1 1 1 1 1 1 1 1 1 1 1 1 1 1 1 1 1 1 1 1 1 1 1 1 1 1 1 1 1 1 1 1 1 1 1 1 1 1 1 1 1 1 1 1 1 1 1 1 1 1 1 1 1 1 1 1 1 1 1 1 1 1 1 1 1 1 1 1 1 1 1 1 1 1 1 1 1 1 1 1 1 1 1 1 1 1 1 1 1 1 1 1 1 1 1 1 1 1 1 1 1 1 1 1 1 1 1 1 1 1 1 1 1 1 1 1 1 1 1 1 1 1 1 1 1 1 1 1 1 1 1 1 1 1 1 1 1 1 1 1 1 1 1 1 1 1 1 1 1 1 1 1 1 1 1 1 1 1 1 1 1 1 1 1 1 1 1 1 1 1 1 1 1 1 1 1 1 1 1 1 1 1 1 1 1 1 1 1 1 1 1 1 1 1 1 1 1 1 1 1 1 10 10 1 1 1 1 1 1 1 1 1 1 1 1 1 1 1 1 1 1 1 1 1 1 1 1 7 12 12 1 1 100 1 1 100 1 1
staticfield javax/swing/JComponent readObjectCallbacks Ljava/util/Hashtable; java/util/Hashtable
staticfield javax/swing/JComponent INPUT_VERIFIER_SOURCE_KEY Ljava/lang/Object; java/lang/StringBuilder
staticfield javax/swing/JComponent focusController Lsun/awt/RequestFocusController; javax/swing/JComponent$1
instanceKlass com/altera/ui/components/ComponentProviderPanel
instanceKlass com/altera/componenteditor/tools/filesets/GenerationFilePanel
instanceKlass com/altera/componenteditor/tools/filesets/ImplementationFilePanel
instanceKlass com/altera/componenteditor/tools/blockdiagramtool/BlockDiagramComponent
instanceKlass com/altera/ui/components/ExpandAndCollapsePanel
instanceKlass sun/swing/FilePane
instanceKlass bibliothek/gui/dock/themes/basic/action/buttons/ButtonPanel
instanceKlass bibliothek/gui/dock/station/flap/JInternalDialog
instanceKlass bibliothek/gui/dock/common/CMinimizeArea
instanceKlass bibliothek/gui/dock/util/BackgroundPanel
instanceKlass bibliothek/gui/dock/security/GlassedPane
instanceKlass bibliothek/gui/dock/station/OverpaintablePanel$Overlay
instanceKlass bibliothek/gui/dock/focus/AbstractDockableSelection
instanceKlass com/altera/sopceditor/tools/blockdiagram/BlockDiagramComponent
instanceKlass com/altera/sopceditor/tools/inspector/InspectorDisplayPane
instanceKlass com/altera/sopceditor/tools/schematic/EnsembleSchematicMinimapComponent
instanceKlass com/altera/sopceditor/tools/schematic/SchematicComponent
instanceKlass com/altera/ui/ientity/components/GradientPanel
instanceKlass com/altera/ui/ientity/elementeditor/ParameterComponentFactory2$5
instanceKlass com/altera/ui/ientity/elementeditor/ParameterComponentFactory2$38
instanceKlass com/altera/sopceditor/tools/instrumentation/InstrumentationPanel
instanceKlass com/altera/sopceditor/tools/addressmap/AvalonAddressMap
instanceKlass com/altera/sopceditor/tools/systemtable/filters/FilterStatusWidget
instanceKlass com/altera/sopceditor/widgets/HierarchyWidget
instanceKlass com/altera/ui/components/SearchPanel
instanceKlass com/altera/sopceditor/tools/library/librarypanel/LibraryPanel
instanceKlass bibliothek/gui/dock/common/CContentArea
instanceKlass com/altera/ui/util/TextPanel
ciInstanceKlass javax/swing/JPanel 1 1 122 10 10 10 8 9 10 10 10 7 10 10 10 7 10 9 10 7 8 10 10 10 10 10 10 10 9 100 10 7 100 1 1 1 1 1 1 1 1 1 1 1 1 1 1 1 1 1 1 1 1 1 1 1 100 1 1 1 1 1 12 12 12 1 7 12 12 12 12 1 12 7 12 1 12 12 12 1 1 100 12 12 100 12 12 12 100 12 12 12 1 12 1 1 1 1 1 1 1 1 1 1 1 1 1 1 1 1 1 1 1 1 1 1 1 1 1 1 1 1 1 1
instanceKlass java/awt/Graphics2D
ciInstanceKlass java/awt/Graphics 1 1 197 10 10 10 10 10 10 10 10 10 10 10 10 9 9 9 10 10 100 10 10 10 10 100 10 10 10 10 8 10 8 8 10 10 10 9 9 9 9 100 8 10 7 7 1 1 1 1 1 1 1 1 100 1 1 1 1 1 1 1 1 1 1 1 1 1 1 1 1 1 1 1 1 1 1 1 1 1 1 1 1 1 1 1 1 1 100 1 1 1 1 1 1 1 1 1 1 1 1 1 1 1 1 1 1 1 1 1 1 1 1 1 1 1 1 1 1 1 1 1 1 100 1 1 1 12 12 12 12 12 12 12 12 100 12 12 12 12 7 12 12 12 12 12 1 12 12 12 12 1 12 100 12 12 1 12 1 1 12 12 100 12 12 12 12 12 1 1 12 1 1 1 1 1 1 1 1 1 1 1 1 1 1 1 1 1 1 1 1 1 1 1 1 1 1 1 1
instanceKlass sun/java2d/SunGraphics2D
ciInstanceKlass java/awt/Graphics2D 1 1 113 10 10 10 10 10 10 10 10 100 7 1 1 1 1 1 1 1 100 100 100 1 1 1 1 1 1 1 1 1 1 1 1 1 1 1 1 1 1 1 1 1 1 1 1 1 1 1 1 1 100 1 1 1 1 1 1 1 1 1 1 1 1 1 1 1 1 1 1 1 1 1 1 1 1 1 1 1 1 1 1 1 1 1 1 1 1 1 1 1 1 12 12 12 100 12 12 12 12 12 1 1 1 1 100 1 1 1 1 1 1 1 1
instanceKlass sun/awt/image/ToolkitImage
instanceKlass java/awt/image/VolatileImage
instanceKlass java/awt/image/BufferedImage
ciInstanceKlass java/awt/Image 1 1 120 10 4 9 7 100 10 100 10 100 10 10 10 10 9 10 10 9 100 8 10 10 7 10 7 9 7 10 10 1 1 1 1 1 1 1 1 1 1 3 1 3 1 3 1 3 1 3 1 1 1 1 1 1 1 1 1 1 1 1 1 1 1 1 1 1 100 1 1 1 1 1 1 1 1 1 1 12 12 1 1 12 1 1 12 12 100 12 12 12 7 12 12 12 1 1 12 12 1 12 1 12 1 12 1 1 1 1 1 1 1 1 1 1 1 1 100 1 1 1
staticfield java/awt/Image UndefinedProperty Ljava/lang/Object; java/lang/Object
ciInstanceKlass java/awt/image/BufferedImage 1 1 606 10 7 9 7 3 3 10 9 10 9 10 7 10 3 100 10 10 100 100 10 10 7 10 10 10 10 3 100 100 10 8 10 10 10 10 10 10 8 10 8 8 8 10 8 10 8 10 8 9 9 8 8 10 100 10 9 10 11 11 11 100 10 10 10 10 10 10 10 10 10 100 10 7 10 10 100 10 7 10 10 10 10 10 10 10 10 10 7 100 10 10 100 8 8 8 10 10 10 10 7 10 10 7 10 10 10 10 10 10 8 10 10 10 10 9 100 10 10 100 8 10 9 10 10 10 10 10 10 8 10 10 8 11 11 100 10 10 10 10 100 8 10 100 10 10 10 10 9 9 10 10 9 9 10 7 10 10 10 10 100 10 9 9 10 10 10 10 8 10 10 10 7 100 1 1 1 1 1 1 1 1 1 1 1 1 1 1 1 3 1 3 1 3 1 3 1 3 1 3 1 3 1 3 1 3 1 3 1 3 1 3 1 3 1 3 1 1 1 3 1 1 1 3 1 3 1 3 1 3 1 1 1 1 1 1 1 1 1 1 1 100 100 1 100 1 100 100 100 100 100 100 100 100 100 100 100 1 1 1 1 1 1 1 1 1 1 1 1 1 100 1 1 1 1 1 1 1 1 1 1 1 1 1 1 1 1 1 1 1 1 1 1 1 1 1 1 1 1 1 1 1 1 1 1 1 1 1 1 1 1 1 1 1 1 100 1 1 1 1 100 1 1 1 1 1 1 1 1 1 1 1 1 1 1 1 1 12 1 12 1 12 12 7 12 12 12 1 12 1 12 12 1 1 12 7 12 1 12 12 12 12 1 1 1 12 12 12 12 12 12 1 12 1 1 1 12 1 1 12 1 12 12 1 1 12 1 12 12 100 12 100 12 12 1 12 12 12 12 12 12 12 12 1 12 1 12 1 1 12 12 12 12 12 1 1 12 12 1 1 1 1 12 7 12 1 12 7 12 1 12 12 12 12 12 12 1 12 12 12 12 12 1 12 12 1 1 12 12 7 12 12 12 12 12 1 12 100 12 1 12 12 1 12 12 12 12 1 1 1 12 12 12 12 12 12 100 12 12 12 12 12 1 1 12 12 12 1 12 12 12 1 1 1 1 1 1 1 1 1 1 1 1 1 1 1 1 1 1 1 1 1 1 1 1 1 1 1 1 1 1 1 1 1 1 1 1 1 1 1 1 1 1 1 1 1 1 1 1 1 1 1 1 1 1 1 1 1 1 1 1 1 1 1 1 1 1 1 1 1 1 1 1 1 1 1 1 1 1 1 1 1 1 1 1 1 1 1 1 1 1 1 1 1 1 1 1 1 1 1 1 1 1 1 1 1 1 1 1 1 1 1 1 1 1 1
instanceKlass sun/awt/HeadlessToolkit
instanceKlass sun/awt/SunToolkit
ciInstanceKlass java/awt/Toolkit 1 1 655 9 10 9 10 7 10 9 10 9 7 9 9 7 10 9 100 8 10 9 7 10 10 10 10 10 10 10 100 10 9 7 10 7 10 10 7 9 10 100 8 10 10 10 10 10 10 100 100 100 10 8 10 10 10 100 8 100 8 100 8 8 10 7 10 10 10 10 10 10 100 100 100 8 10 8 8 8 10 10 100 10 10 100 10 10 10 9 9 7 10 10 7 10 9 10 10 7 10 10 11 10 8 10 10 11 10 7 10 11 10 10 10 10 10 7 10 7 10 9 10 7 10 10 10 10 9 10 10 9 100 8 10 5 0 10 10 10 10 10 100 10 11 11 100 10 11 7 7 10 7 10 10 10 7 10 10 7 10 10 10 10 10 7 1 1 1 7 1 1 1 1 1 1 1 1 1 1 1 1 1 1 1 1 1 1 1 1 1 3 1 1 1 1 1 1 1 1 1 1 1 1 1 1 1 1 1 100 1 1 1 1 1 1 1 1 1 1 1 1 1 1 1 1 1 1 1 1 1 1 1 1 1 1 1 1 1 1 1 1 1 1 1 1 1 1 1 1 1 1 1 1 1 1 1 1 1 1 1 1 1 1 1 1 1 1 1 1 1 1 1 1 1 1 1 1 1 1 1 1 100 100 100 100 100 100 100 100 1 1 1 1 1 1 1 1 1 1 1 1 1 1 1 1 1 1 1 1 1 1 1 1 1 1 1 1 1 100 1 1 1 1 1 1 1 1 1 1 100 1 1 100 1 1 1 1 100 1 1 1 1 1 100 1 1 100 100 1 1 1 1 1 1 1 1 1 1 100 1 1 1 100 1 1 1 1 100 1 1 100 1 1 100 1 1 1 1 1 1 100 1 100 1 1 1 1 1 1 1 1 1 1 1 1 1 1 1 1 1 12 12 12 12 1 12 12 12 1 12 12 1 12 1 1 12 12 1 7 12 12 12 12 12 12 1 12 7 12 1 1 12 7 12 1 12 100 12 1 1 12 12 12 12 7 12 12 1 1 1 1 12 12 1 1 1 1 1 1 1 12 1 12 12 12 12 12 1 1 1 1 1 1 1 100 12 12 1 12 12 1 12 12 12 12 12 1 7 12 1 7 12 100 12 100 12 12 1 12 12 7 12 12 1 12 12 12 12 1 12 12 12 12 12 12 12 1 12 1 12 12 1 12 12 12 12 12 12 12 1 1 12 12 12 12 12 12 1 100 12 12 1 12 12 1 1 1 12 12 1 7 12 1 12 12 12 12 1 1 1 1 1 1 1 1 1 100 1 1 1 1 1 1 1 1 1 1 1 1 1 1 1 1 1 1 1 1 1 1 1 1 1 1 1 1 1 1 1 1 1 1 1 1 1 1 1 100 1 1 1 1 1 1 1 1 1 1 1 1 1 1 1 1 1 1 1 1 1 1 1 1 1 1 1 1 1 1 1 1 1 1 1 1 1 1 1 1 1 1 100 1 1 1 1 1 1
staticfield java/awt/Toolkit $assertionsDisabled Z 1
instanceKlass sun/java2d/SunGraphicsEnvironment
ciInstanceKlass java/awt/GraphicsEnvironment 1 1 277 10 9 10 7 8 10 10 7 10 100 10 10 10 7 10 100 10 100 100 10 8 10 10 10 100 8 100 8 10 9 9 9 8 18 10 100 10 100 8 10 10 11 11 11 10 10 100 9 9 9 9 10 8 10 8 9 8 8 10 8 8 10 8 10 8 8 8 8 8 8 10 10 10 10 7 1 1 1 1 1 1 1 1 1 1 1 1 1 100 100 100 100 100 100 1 1 1 1 1 1 1 1 1 1 1 1 1 1 1 1 1 1 1 1 1 1 1 1 1 1 1 1 1 1 1 12 12 12 1 1 12 7 12 1 7 12 1 100 12 12 12 1 12 1 12 1 1 1 12 12 12 1 1 1 1 12 12 12 7 12 1 1 15 16 15 16 12 12 1 1 1 100 12 100 12 12 12 12 7 12 1 100 12 12 12 12 12 1 7 12 1 12 1 1 12 1 1 12 1 12 1 1 1 1 1 1 12 12 12 12 1 1 1 1 1 1 1 1 1 1 1 1 1 1 1 1 1 1 1 1 1 10 10 1 1 1 1 1 1 1 1 1 1 1 1 1 1 1 1 1 1 1 1 1 1 1 1 1 1 1 1 1 1 1 7 12 12 1 1 100 1 1 1 100 1 1
instanceKlass sun/awt/windows/WToolkit
ciInstanceKlass sun/awt/SunToolkit 1 1 1484 9 10 9 9 8 8 10 10 10 7 100 10 9 100 10 8 10 8 10 10 10 10 9 10 7 10 7 8 10 9 7 10 9 7 10 9 10 10 10 9 11 9 11 11 11 10 10 10 10 7 10 10 10 11 10 10 10 10 10 7 10 11 7 10 11 11 11 10 9 11 10 11 10 10 10 8 100 100 9 100 10 100 100 10 11 100 10 10 11 11 10 100 7 10 10 7 10 10 10 10 10 10 100 8 10 10 10 7 7 10 5 0 10 10 10 10 10 10 100 10 10 10 100 8 10 100 10 10 10 10 10 100 10 11 7 10 10 10 10 7 100 8 8 8 8 8 10 100 100 10 11 7 8 10 10 7 10 8 10 9 10 10 7 7 10 10 10 10 9 100 10 10 10 100 10 10 7 10 7 10 7 10 100 10 10 10 10 10 11 10 10 10 10 3 10 10 10 10 10 100 10 10 10 10 100 10 100 10 10 10 10 100 100 10 8 10 10 100 8 10 10 10 6 0 11 11 11 10 10 10 10 6 0 10 6 0 6 0 6 0 6 0 6 0 10 10 7 10 10 9 9 10 10 10 10 10 10 7 10 10 10 11 11 100 9 100 10 9 7 8 8 10 8 10 10 10 10 8 8 8 7 10 10 11 11 9 7 10 8 8 8 10 10 8 9 10 9 10 10 10 9 9 9 10 10 7 10 10 10 10 10 100 100 100 100 100 100 100 100 100 100 100 5 0 10 100 8 10 10 10 100 10 10 10 11 10 100 5 0 10 100 10 8 9 8 10 10 9 9 10 9 10 8 9 8 9 8 8 9 8 9 8 9 8 9 7 10 9 10 9 8 10 10 9 10 10 10 10 100 11 100 10 10 10 9 8 9 7 10 10 10 5 0 10 7 10 10 10 10 10 10 10 10 10 100 10 11 11 10 8 10 8 9 7 10 10 10 7 10 7 100 100 100 100 100 1 1 1 100 1 1 1 1 1 1 3 1 1 1 1 3 1 1 1 1 1 1 1 1 1 1 1 1 1 1 1 1 1 1 100 1 1 1 1 1 3 1 1 3 1 1 1 1 1 1 1 1 1 1 1 1 1 1 1 1 1 1 1 1 1 1 100 100 100 100 1 1 1 1 1 1 1 100 1 1 1 1 1 1 1 1 1 1 1 1 1 1 1 1 1 1 1 1 1 1 1 1 1 1 1 1 1 1 1 1 1 1 1 1 1 1 100 1 1 100 1 1 1 1 1 1 1 1 1 1 1 1 1 1 1 1 1 1 1 1 1 1 1 1 1 1 1 1 1 1 1 1 1 1 1 1 1 1 100 100 100 100 1 1 1 1 100 100 1 1 1 1 1 1 1 1 1 1 100 100 100 1 1 1 1 1 1 1 1 1 1 1 1 1 1 1 1 1 1 1 1 1 1 1 100 100 100 1 1 1 1 1 1 100 1 1 1 1 1 1 1 1 100 1 1 1 1 1 1 1 1 1 1 1 1 100 100 1 1 100 1 100 100 1 1 100 100 100 100 1 1 1 1 1 1 1 1 1 1 1 1 1 1 1 1 1 1 1 1 1 1 1 1 1 1 1 1 1 1 1 1 1 1 1 1 1 1 1 1 1 100 1 1 1 1 1 1 1 1 1 1 1 1 1 1 1 1 1 1 1 100 1 1 1 1 1 1 1 1 1 1 1 1 1 1 1 1 1 100 1 1 1 1 1 1 1 1 100 1 1 100 1 1 1 1 1 1 1 100 1 1 1 1 1 1 100 1 1 1 1 1 1 1 1 1 1 1 1 1 1 1 1 12 12 12 12 1 1 7 12 7 12 12 1 1 12 12 1 12 1 12 1 12 12 100 12 12 12 1 12 1 1 12 1 12 1 12 12 12 12 12 100 12 100 12 12 12 12 12 100 12 12 12 1 12 12 7 12 7 12 7 12 7 12 12 12 12 1 12 7 12 1 12 100 12 12 12 12 12 100 12 12 100 12 7 12 12 7 12 1 1 1 12 1 1 1 12 1 12 7 12 12 7 12 1 1 12 12 1 12 12 12 12 12 1 1 12 12 1 1 12 12 12 12 12 12 12 1 12 12 1 1 1 12 12 12 12 1 12 12 1 12 12 12 100 12 1 1 1 1 1 1 1 12 1 1 12 12 1 1 7 12 1 12 1 12 12 7 1 1 12 12 12 12 1 12 12 1 12 1 12 1 12 1 12 1 12 7 12 12 12 12 12 12 12 12 12 12 12 12 12 1 12 12 100 12 1 12 1 12 100 12 100 12 12 1 1 100 12 1 12 12 1 1 12 12 12 7 12 7 12 12 12 12 12 7 12 12 12 12 1 12 12 12 12 7 12 12 12 12 12 7 12 1 12 12 12 12 12 1 100 12 1 12 12 1 1 1 12 1 12 12 12 1 1 1 1 12 12 12 12 12 1 1 1 1 12 1 12 12 12 12 12 12 12 12 12 12 12 1 12 12 12 12 1 1 1 1 1 1 1 1 1 1 1 12 1 1 12 12 1 12 12 12 12 1 12 1 12 1 12 1 12 12 12 12 12 12 12 1 12 1 12 1 1 12 1 12 1 12 1 12 1 12 12 12 1 12 12 12 12 12 12 12 1 100 12 1 12 12 12 1 12 1 12 1 12 12 12 12 12 12 12 12 1 12 7 12 12 1 100 12 1 12 1 12 7 12 1 1 1 1 1 1 1 1 100 1 1 1 1 1 1 1 1 1 1 1 1 1 1 1 1 1 1 1 1 1 1 1 1 1 1 1 1 1 1 1 1 1 1 1 1 1 1 1 1 1 1 1 1 1 1 1 1 1 1 1 1 1 1 1 1 1 1 1 1 1 1 1 1 1 1 1 1 1 1 1 1 1 1 1 1 1 1 1 1 1 1 1 1 1 1 1 1 1 1 1 1 1 1 1 1 1 1 1 1 1 1 1 1 1 1 1 1 1 1 1 1 1 1 1 1 1 1 1 1 1 1 1 1 1 1 1 1 1 1 1 1 1 1 1 1 1 1 1 1 1 1 1 1 1 1 1 1 1 1 1 1 1 1 1 1 1 1 1 1 1 1 1 1 1 1 1 1 1 1 1 1 1 1 1 1 1 1 1 1 1 1 1 1 1 1 1 1 100 1 1 1 1 1 1 1 1 1 1 1 1 1 1 1 100 1 1 1 1 1 1 1 1 1 1 1 1 1 1 1 1 1 1 1 1 1 1 1 1 1 1 1 1 1 1 1 1 1 1 1 1 1 1 1 1 1 1 1 1 1 1 1 1 1 1 1 1 1 1 1 1 1 1 1 1 1 1 1 1 1 1 1 1 1 1 1 1 1 1 1 1
staticfield sun/awt/SunToolkit AWT_LOCK Ljava/util/concurrent/locks/ReentrantLock; java/util/concurrent/locks/ReentrantLock
staticfield sun/awt/SunToolkit AWT_LOCK_COND Ljava/util/concurrent/locks/Condition; java/util/concurrent/locks/AbstractQueuedSynchronizer$ConditionObject
staticfield sun/awt/SunToolkit appContextMap Ljava/util/Map; java/util/Collections$SynchronizedMap
staticfield sun/awt/SunToolkit fileImgCache Lsun/misc/SoftCache; sun/misc/SoftCache
staticfield sun/awt/SunToolkit urlImgCache Lsun/misc/SoftCache; sun/misc/SoftCache
staticfield sun/awt/SunToolkit DEACTIVATION_TIMES_MAP_KEY Ljava/lang/Object; java/lang/Object
staticfield sun/awt/SunToolkit $assertionsDisabled Z 1
instanceKlass sun/java2d/windows/GDIWindowSurfaceData
instanceKlass sun/java2d/d3d/D3DSurfaceData
instanceKlass sun/awt/image/BufImgSurfaceData
instanceKlass sun/java2d/NullSurfaceData
ciInstanceKlass sun/java2d/SurfaceData 1 1 756 9 10 10 10 10 7 9 9 9 9 9 10 9 10 10 10 10 7 10 10 9 9 10 10 10 10 10 10 10 9 9 7 6 0 6 0 10 10 9 9 7 9 9 10 100 9 9 9 10 10 7 9 9 10 9 100 9 9 9 9 9 9 9 9 9 9 10 9 9 9 9 9 9 9 9 9 9 9 9 10 9 9 9 10 9 9 9 10 9 9 9 9 7 10 9 9 9 10 9 9 9 9 11 9 9 9 9 9 9 9 9 9 9 9 9 10 10 10 10 9 10 7 10 10 10 10 9 10 9 10 9 10 9 10 9 10 9 10 9 9 10 9 10 9 10 9 9 10 10 10 10 10 10 10 9 100 8 10 10 9 10 7 10 7 10 7 10 9 7 10 7 10 7 10 9 7 10 7 6 0 10 7 10 7 10 9 7 10 9 10 9 7 10 9 7 10 7 10 9 9 9 7 10 9 9 9 9 7 10 7 10 100 100 100 1 1 1 1 1 1 1 1 1 1 1 1 1 1 1 1 1 1 1 1 1 1 1 1 1 1 1 1 1 1 1 1 1 1 1 1 1 1 1 1 1 1 1 1 1 1 1 1 1 1 1 1 1 1 1 1 1 1 1 1 1 1 1 1 1 1 3 1 3 1 3 1 1 1 1 1 1 1 1 1 1 1 1 1 7 1 1 1 1 1 1 1 1 1 100 100 100 1 1 1 1 1 1 1 1 1 1 1 1 1 1 1 1 1 1 1 1 1 1 1 1 1 1 1 100 100 1 100 1 1 100 100 1 1 1 1 1 1 100 1 1 1 1 100 100 1 1 1 1 1 1 1 1 1 1 1 1 1 1 1 1 1 1 1 1 100 1 1 1 1 1 1 1 1 1 1 1 1 12 12 7 12 12 12 1 12 12 12 12 12 12 12 7 12 12 7 12 12 1 12 12 12 12 12 12 12 12 12 12 12 12 1 12 12 12 12 1 12 12 12 1 12 7 12 7 12 12 7 12 1 12 12 7 12 12 1 12 12 12 12 12 12 12 12 12 12 12 12 12 12 12 12 12 12 12 12 12 12 12 12 12 12 7 12 12 12 12 12 12 12 12 12 1 12 12 12 12 12 100 12 12 12 12 7 12 12 12 12 12 12 12 12 12 12 12 12 12 12 12 12 12 12 1 12 12 7 12 12 7 12 12 7 12 12 7 12 12 7 12 12 7 12 12 7 12 12 12 7 12 12 7 12 12 7 12 12 12 12 7 12 100 12 12 12 100 12 12 1 1 12 100 12 7 12 12 1 1 1 7 12 1 1 1 12 1 12 1 1 12 1 12 1 12 12 12 1 12 100 1 1 1 12 12 12 1 12 12 12 12 1 1 12 1 1 1 1 1 1 1 1 1 1 1 1 1 1 1 1 1 1 1 1 1 1 1 1 1 1 1 1 1 1 1 1 1 1 1 1 1 1 1 1 1 1 1 1 1 1 1 1 1 1 1 1 1 1 1 1 1 1 1 1 1 1 1 1 1 1 1 1 1 1 1 1 1 1 1 1 1 1 1 1 1 1 1 1 1 1 1 1 1 1 1 1 1 1 1 1 1 1 1 1 1 1 1 1 1 1 1 1 1 1 1 1 1 1 1 1 1 1 1 1 1 1 1 1 1 1 1 1 1 1 1 1 1 1 1 1 1 1 1 1 1 1 1 1 1 1 1 1 1
staticfield sun/java2d/SurfaceData colorPrimitives Lsun/java2d/pipe/LoopPipe; sun/java2d/pipe/LoopPipe
staticfield sun/java2d/SurfaceData outlineTextRenderer Lsun/java2d/pipe/TextPipe; sun/java2d/pipe/OutlineTextRenderer
staticfield sun/java2d/SurfaceData solidTextRenderer Lsun/java2d/pipe/TextPipe; sun/java2d/pipe/SolidTextRenderer
staticfield sun/java2d/SurfaceData aaTextRenderer Lsun/java2d/pipe/TextPipe; sun/java2d/pipe/AATextRenderer
staticfield sun/java2d/SurfaceData lcdTextRenderer Lsun/java2d/pipe/TextPipe; sun/java2d/pipe/LCDTextRenderer
staticfield sun/java2d/SurfaceData colorPipe Lsun/java2d/pipe/AlphaColorPipe; sun/java2d/pipe/AlphaColorPipe
staticfield sun/java2d/SurfaceData colorViaShape Lsun/java2d/pipe/PixelToShapeConverter; sun/java2d/SurfaceData$PixelToShapeLoopConverter
staticfield sun/java2d/SurfaceData colorViaPgram Lsun/java2d/pipe/PixelToParallelogramConverter; sun/java2d/SurfaceData$PixelToPgramLoopConverter
staticfield sun/java2d/SurfaceData colorText Lsun/java2d/pipe/TextPipe; sun/java2d/pipe/TextRenderer
staticfield sun/java2d/SurfaceData clipColorPipe Lsun/java2d/pipe/CompositePipe; sun/java2d/pipe/SpanClipRenderer
staticfield sun/java2d/SurfaceData clipColorText Lsun/java2d/pipe/TextPipe; sun/java2d/pipe/TextRenderer
staticfield sun/java2d/SurfaceData AAColorShape Lsun/java2d/pipe/AAShapePipe; sun/java2d/pipe/AAShapePipe
staticfield sun/java2d/SurfaceData AAColorViaShape Lsun/java2d/pipe/PixelToParallelogramConverter; sun/java2d/pipe/PixelToParallelogramConverter
staticfield sun/java2d/SurfaceData AAColorViaPgram Lsun/java2d/pipe/PixelToParallelogramConverter; sun/java2d/pipe/PixelToParallelogramConverter
staticfield sun/java2d/SurfaceData AAClipColorShape Lsun/java2d/pipe/AAShapePipe; sun/java2d/pipe/AAShapePipe
staticfield sun/java2d/SurfaceData AAClipColorViaShape Lsun/java2d/pipe/PixelToParallelogramConverter; sun/java2d/pipe/PixelToParallelogramConverter
staticfield sun/java2d/SurfaceData paintPipe Lsun/java2d/pipe/CompositePipe; sun/java2d/pipe/AlphaPaintPipe
staticfield sun/java2d/SurfaceData paintShape Lsun/java2d/pipe/SpanShapeRenderer; sun/java2d/pipe/SpanShapeRenderer$Composite
staticfield sun/java2d/SurfaceData paintViaShape Lsun/java2d/pipe/PixelToShapeConverter; sun/java2d/pipe/PixelToShapeConverter
staticfield sun/java2d/SurfaceData paintText Lsun/java2d/pipe/TextPipe; sun/java2d/pipe/TextRenderer
staticfield sun/java2d/SurfaceData clipPaintPipe Lsun/java2d/pipe/CompositePipe; sun/java2d/pipe/SpanClipRenderer
staticfield sun/java2d/SurfaceData clipPaintText Lsun/java2d/pipe/TextPipe; sun/java2d/pipe/TextRenderer
staticfield sun/java2d/SurfaceData AAPaintShape Lsun/java2d/pipe/AAShapePipe; sun/java2d/pipe/AAShapePipe
staticfield sun/java2d/SurfaceData AAPaintViaShape Lsun/java2d/pipe/PixelToParallelogramConverter; sun/java2d/pipe/PixelToParallelogramConverter
staticfield sun/java2d/SurfaceData AAClipPaintShape Lsun/java2d/pipe/AAShapePipe; sun/java2d/pipe/AAShapePipe
staticfield sun/java2d/SurfaceData AAClipPaintViaShape Lsun/java2d/pipe/PixelToParallelogramConverter; sun/java2d/pipe/PixelToParallelogramConverter
staticfield sun/java2d/SurfaceData compPipe Lsun/java2d/pipe/CompositePipe; sun/java2d/pipe/GeneralCompositePipe
staticfield sun/java2d/SurfaceData compShape Lsun/java2d/pipe/SpanShapeRenderer; sun/java2d/pipe/SpanShapeRenderer$Composite
staticfield sun/java2d/SurfaceData compViaShape Lsun/java2d/pipe/PixelToShapeConverter; sun/java2d/pipe/PixelToShapeConverter
staticfield sun/java2d/SurfaceData compText Lsun/java2d/pipe/TextPipe; sun/java2d/pipe/TextRenderer
staticfield sun/java2d/SurfaceData clipCompPipe Lsun/java2d/pipe/CompositePipe; sun/java2d/pipe/SpanClipRenderer
staticfield sun/java2d/SurfaceData clipCompText Lsun/java2d/pipe/TextPipe; sun/java2d/pipe/TextRenderer
staticfield sun/java2d/SurfaceData AACompShape Lsun/java2d/pipe/AAShapePipe; sun/java2d/pipe/AAShapePipe
staticfield sun/java2d/SurfaceData AACompViaShape Lsun/java2d/pipe/PixelToParallelogramConverter; sun/java2d/pipe/PixelToParallelogramConverter
staticfield sun/java2d/SurfaceData AAClipCompShape Lsun/java2d/pipe/AAShapePipe; sun/java2d/pipe/AAShapePipe
staticfield sun/java2d/SurfaceData AAClipCompViaShape Lsun/java2d/pipe/PixelToParallelogramConverter; sun/java2d/pipe/PixelToParallelogramConverter
staticfield sun/java2d/SurfaceData imagepipe Lsun/java2d/pipe/DrawImagePipe; sun/java2d/pipe/DrawImage
ciInstanceKlass sun/java2d/InvalidPipeException 1 1 16 10 10 100 7 1 1 1 1 1 1 1 12 12 1 1
ciInstanceKlass sun/java2d/NullSurfaceData 1 1 103 9 9 10 10 9 9 9 9 9 9 100 8 10 100 10 7 10 9 7 10 7 1 1 1 1 1 1 1 1 1 1 1 1 1 1 1 1 1 1 1 1 1 1 1 1 1 1 1 1 1 1 1 1 7 12 7 12 7 12 12 12 100 12 12 12 12 12 1 1 12 1 12 1 12 1 1 100 1 1 1 1 1 1 1 1 1 1 1 1 1 1 1 1 1 1 1 1 1 1 1 1 1
staticfield sun/java2d/NullSurfaceData theInstance Lsun/java2d/SurfaceData; sun/java2d/NullSurfaceData
staticfield sun/java2d/NullSurfaceData nullpipe Lsun/java2d/pipe/NullPipe; sun/java2d/pipe/NullPipe
ciInstanceKlass sun/java2d/StateTrackableDelegate 1 1 106 9 10 9 7 9 10 9 9 100 8 10 10 9 9 9 7 10 9 9 100 8 10 9 8 8 9 7 100 7 1 1 1 1 1 7 1 1 1 1 1 1 1 1 1 1 1 1 1 1 1 1 1 100 1 1 1 1 1 1 1 1 1 12 12 12 1 12 12 12 12 1 1 12 12 12 12 100 12 1 12 12 12 1 1 12 1 1 12 1 1 1 1 1 1 1 1 1 1 1 1 1 1 1 1 1
staticfield sun/java2d/StateTrackableDelegate UNTRACKABLE_DELEGATE Lsun/java2d/StateTrackableDelegate; sun/java2d/StateTrackableDelegate
staticfield sun/java2d/StateTrackableDelegate IMMUTABLE_DELEGATE Lsun/java2d/StateTrackableDelegate; sun/java2d/StateTrackableDelegate
ciInstanceKlass sun/java2d/pipe/PixelDrawPipe 1 0 17 100 100 1 1 1 1 1 1 1 1 1 1 1 1 1 1
ciInstanceKlass sun/java2d/pipe/PixelFillPipe 1 0 15 100 100 1 1 1 1 1 1 1 1 1 1 1 1
ciInstanceKlass sun/java2d/pipe/ShapeDrawPipe 1 0 10 100 100 1 1 1 1 1 1 1
ciInstanceKlass sun/java2d/pipe/TextPipe 1 0 13 100 100 1 1 1 1 1 1 1 1 1 1
ciInstanceKlass sun/java2d/pipe/DrawImagePipe 1 0 16 100 100 1 1 1 1 1 1 1 1 1 1 1 1 1
instanceKlass sun/awt/image/SunVolatileImage
ciInstanceKlass java/awt/image/VolatileImage 1 1 52 10 100 9 10 10 10 7 7 1 1 1 3 1 3 1 3 1 1 1 1 1 1 1 1 1 1 1 1 1 1 1 1 1 1 1 1 1 1 1 1 1 12 1 12 12 100 12 12 1 1 1
ciInstanceKlass sun/awt/image/SunVolatileImage 1 1 260 100 10 9 9 100 100 10 8 10 10 8 8 10 10 9 9 9 100 8 9 10 9 10 10 10 10 10 10 10 7 7 10 100 10 10 10 10 9 10 9 10 9 7 8 10 7 10 10 10 10 10 100 8 10 9 10 10 10 10 10 10 9 10 10 10 10 10 10 7 7 100 1 1 1 1 1 1 1 1 1 1 1 1 1 1 1 1 1 100 100 100 100 100 1 1 1 1 1 1 1 1 1 1 1 1 1 1 1 1 1 1 1 1 1 1 1 1 1 1 1 1 1 1 1 1 1 1 1 1 1 1 1 1 12 12 12 1 1 1 12 12 1 1 12 12 12 12 12 1 1 12 12 12 7 12 7 12 12 12 12 100 12 12 1 1 100 12 1 12 7 12 12 12 7 12 12 12 12 12 1 1 12 1 12 12 1 1 100 12 12 12 12 7 12 12 100 12 100 12 100 12 12 12 12 12 12 1 1 1 1 1 1 1 1 1 1 1 1 1 1 1 1 1 1 1 1 1 1 1 1 1 1 1 1 1 1 1 1 1 1 1 1 1 1 1 1 1 1 1 1 1 1 1 1 1 1 1 1 1
instanceKlass sun/awt/image/BufImgSurfaceManager
instanceKlass sun/awt/image/VolatileSurfaceManager
ciInstanceKlass sun/awt/image/SurfaceManager 1 1 151 10 9 100 8 10 10 7 7 10 10 100 100 8 10 10 9 10 7 10 10 100 10 10 10 11 11 11 100 11 11 7 10 10 10 7 7 1 1 100 1 1 7 1 1 1 1 1 1 1 1 1 1 1 1 1 1 1 1 100 100 100 1 1 1 1 100 1 1 100 1 1 1 1 1 1 1 1 100 1 1 1 1 1 1 12 12 1 1 12 12 1 1 12 12 1 1 1 12 12 12 1 12 12 1 12 12 12 100 12 100 12 12 1 12 12 1 12 12 100 12 1 1 1 1 1 1 1 1 1 1 1 1 1 1 1 1 1 1 1 1 1 1 1 1 1 1 1 1 1 1
instanceKlass sun/java2d/d3d/D3DVolatileSurfaceManager
ciInstanceKlass sun/awt/image/VolatileSurfaceManager 1 1 199 100 10 9 9 10 7 10 10 10 9 9 10 10 100 9 10 9 10 10 10 100 9 10 10 10 10 10 10 10 10 10 10 10 10 10 10 10 10 100 10 100 10 10 10 7 7 100 1 1 1 1 1 1 1 1 1 1 1 1 1 1 1 1 1 1 100 100 100 100 1 1 1 1 1 1 1 1 100 1 1 1 1 1 1 1 1 1 1 1 1 1 100 1 100 1 1 1 12 12 12 7 12 1 12 12 12 12 12 7 12 12 1 12 12 12 7 12 12 12 1 12 12 12 7 12 7 12 7 12 7 12 7 12 12 12 12 7 12 12 12 12 100 12 12 1 12 1 12 12 12 1 1 1 1 1 1 1 1 1 1 1 1 1 1 1 1 1 1 1 1 1 1 1 1 1 1 1 1 1 1 1 1 1 1 1 1 1 1 1 1 1 1 1 1 1 1 1 1
ciInstanceKlass java/awt/peer/ComponentPeer 1 0 102 100 100 1 1 1 3 1 3 1 3 1 3 1 3 1 3 1 1 1 1 1 1 1 1 1 1 1 1 1 1 1 1 1 1 1 1 1 1 1 1 1 1 1 1 1 1 1 1 1 1 1 1 100 1 1 1 1 1 1 1 1 1 1 1 1 1 1 1 1 1 1 1 100 1 1 1 100 1 1 1 1 1 1 1 1 1 1 1 1 1 1 1 1 1 100 1 1 100 1 1 1
instanceKlass javax/swing/plaf/FontUIResource
ciInstanceKlass java/awt/Font 1 1 1200 9 9 10 10 9 10 9 9 10 9 7 10 10 9 10 7 10 4 10 9 10 10 11 9 7 10 7 11 9 10 9 8 9 6 0 10 10 11 11 10 10 10 10 10 10 10 9 10 10 10 10 9 10 9 9 9 100 10 9 10 10 9 10 10 10 10 9 11 11 10 8 8 100 10 11 10 100 10 10 10 10 100 8 10 10 100 8 100 8 10 100 10 10 100 10 100 10 100 10 10 100 3 8 10 3 8 10 10 10 10 10 10 100 10 100 10 10 10 100 8 10 10 10 100 10 8 10 10 10 9 7 10 10 10 10 9 6 0 10 10 10 10 9 10 10 10 100 8 10 10 10 10 10 8 8 10 10 10 10 10 10 10 100 10 10 9 10 8 8 8 8 10 100 10 9 10 10 10 100 10 10 10 10 8 10 8 8 8 10 8 10 9 10 10 10 10 10 10 10 10 10 10 10 100 9 9 9 9 9 9 9 9 9 9 9 9 9 9 9 9 9 9 9 9 9 9 10 10 10 10 10 8 10 10 10 10 10 11 11 10 10 10 9 9 10 10 9 10 9 10 7 9 10 10 10 10 10 10 100 10 10 10 9 7 10 10 7 10 10 10 9 10 10 10 100 8 10 8 8 10 10 10 10 7 10 10 7 10 100 10 100 10 10 10 10 10 11 11 11 10 10 10 10 10 10 10 10 8 10 10 10 7 10 10 9 10 7 9 9 9 9 9 9 10 9 9 9 9 9 9 9 9 9 9 9 9 9 9 4 4 4 4 4 4 4 7 100 1 1 1 1 1 1 1 1 1 1 8 1 8 1 8 1 8 1 1 3 1 3 1 3 1 1 1 1 1 1 1 1 1 1 1 1 1 1 1 1 1 1 1 1 1 1 1 1 1 5 0 1 1 1 1 1 1 1 1 1 1 1 1 1 1 1 1 3 1 1 1 1 1 1 1 1 1 1 1 100 1 1 100 1 1 100 100 1 1 100 1 1 1 1 1 1 1 1 1 1 1 1 1 1 100 100 1 1 100 100 100 1 1 100 100 1 100 1 1 100 1 1 1 1 1 1 1 1 1 1 1 1 1 1 1 1 1 1 100 1 100 1 1 1 100 1 1 1 100 100 100 1 1 100 1 1 1 1 1 1 1 1 1 1 1 1 1 1 1 1 1 1 1 1 100 1 1 1 1 1 1 1 100 100 100 1 1 1 1 100 1 100 1 1 1 1 1 1 1 1 1 1 1 1 1 1 1 1 1 1 1 1 1 1 1 1 1 1 1 1 1 1 1 12 12 12 12 12 7 12 12 12 12 12 1 12 12 12 12 1 12 12 12 12 7 12 12 7 12 1 12 1 12 7 12 12 1 12 12 12 12 12 7 12 12 12 12 12 12 12 12 12 12 12 12 12 12 12 12 12 1 12 12 12 12 12 12 12 12 12 100 12 100 12 12 7 12 1 1 1 100 12 100 12 12 1 12 12 12 12 1 1 12 12 1 1 1 1 1 100 12 1 12 1 12 1 12 100 12 1 1 12 1 12 12 12 12 12 12 1 1 12 12 1 1 12 100 12 12 1 1 12 12 12 12 1 12 12 12 12 100 12 12 12 12 12 12 12 12 1 1 12 12 12 1 1 12 12 12 12 12 7 12 12 1 12 12 12 12 1 1 1 1 12 1 12 12 12 12 1 12 12 12 100 12 1 1 1 1 12 1 12 12 100 12 100 12 12 12 12 12 12 12 12 12 12 100 1 12 12 12 12 12 12 12 12 12 12 12 12 12 12 12 12 12 12 12 12 12 12 12 12 12 12 100 12 1 12 12 12 12 12 100 12 12 12 12 12 100 12 12 7 12 12 12 12 12 12 1 12 12 12 12 12 12 100 1 1 12 12 12 1 12 12 1 12 12 12 12 12 12 12 1 1 1 1 12 12 12 7 12 1 12 7 12 1 12 1 12 100 1 12 12 12 12 12 12 12 12 12 12 12 12 12 100 12 12 12 1 12 12 12 1 12 7 12 12 12 1 12 12 12 12 12 12 12 12 12 12 12 12 12 12 12 12 12 12 12 12 12 1 1 1 1 1 1 1 1 1 1 1 1 1 1 1 1 1 1 1 1 1 1 1 1 1 1 1 1 1 1 1 1 1 1 1 1 1 1 1 1 1 1 1 1 1 1 1 1 1 1 1 1 1 1 1 1 1 1 1 1 1 1 1 1 1 1 1 1 1 1 1 1 1 1 1 1 1 1 1 1 1 1 1 1 1 1 1 1 1 1 1 1 1 1 1 1 1 1 1 1 1 1 1 1 1 1 1 1 1 1 1 1 1 1 1 1 1 1 1 1 1 1 1 1 1 1 1 1 1 1 1 1 1 1 1 1 1 1 1 1 1 1 1 1 1 1 1 1 1 1 1 1 1 1 1 1 1 1 1 1 1 1 1 1 1 1 1 1 1 1 1 1 1 1 1 1 1 1 1 1 1 1 1 1 1 1 1 1 1 1 1 1 1 1 1 1 1 1 1 1 1 1 1 1 1 1 1 1 1 1 1 1 1 1 1 1 1 1 1 1 1 1 1 1 1 1 1 1 1 1 1 1 1 1 1 1 1 1 1 1 1 1 1 1 100 1 1 1 1 1 1 1 1 1 1 1 1 1 1 1 1 1 1 1 1 1 1 1 1 1 1 1 1 1 1 1 1 1 1 1 1 1
staticfield java/awt/Font identityTx Ljava/awt/geom/AffineTransform; java/awt/geom/AffineTransform
staticfield java/awt/Font RECOGNIZED_MASK I 16777087
staticfield java/awt/Font PRIMARY_MASK I 4194431
staticfield java/awt/Font SECONDARY_MASK I 12582656
staticfield java/awt/Font LAYOUT_MASK I 8388416
staticfield java/awt/Font EXTRA_MASK I 100
staticfield java/awt/Font ssinfo [F 8
instanceKlass java/awt/SystemColor
instanceKlass javax/swing/plaf/ColorUIResource
ciInstanceKlass java/awt/Color 1 1 334 8 100 10 10 8 10 8 8 8 100 8 10 10 10 9 9 9 9 9 10 3 4 6 0 10 10 10 8 10 8 8 8 10 10 10 10 10 10 7 6 0 10 10 10 10 8 8 8 8 10 10 10 10 4 10 4 4 10 10 10 10 100 10 10 10 100 10 100 9 9 9 9 9 9 9 9 9 9 9 9 9 9 9 9 9 9 9 9 9 9 9 9 9 9 10 10 10 7 100 100 1 1 1 1 1 1 1 1 1 1 1 1 1 1 1 1 1 1 1 1 1 1 1 1 1 1 1 1 1 1 1 1 1 1 1 1 1 1 1 5 0 1 1 1 1 1 1 1 1 1 100 1 1 1 1 1 1 1 1 100 1 1 100 100 1 1 1 1 1 1 1 1 1 1 1 1 1 1 1 1 1 100 1 1 100 1 1 1 1 1 1 1 1 1 1 1 1 1 1 1 1 1 1 1 1 1 1 1 12 12 1 12 1 1 1 1 1 12 12 12 12 12 12 12 12 12 12 12 1 12 1 1 1 12 12 12 12 12 12 1 7 12 12 12 100 12 1 1 1 1 7 12 12 12 12 12 12 12 12 12 1 12 12 12 1 12 1 12 12 12 12 12 12 12 12 12 12 12 12 12 12 12 12 12 12 12 12 12 12 12 12 12 12 7 12 7 12 12 1 1 1 1 1 1 1 1 1 1 1 1 1 1 1 1 1 1 1 1 1 1 1 1 1 1 1 1 1 1 1 1 1 1 1
staticfield java/awt/Color white Ljava/awt/Color; java/awt/Color
staticfield java/awt/Color WHITE Ljava/awt/Color; java/awt/Color
staticfield java/awt/Color lightGray Ljava/awt/Color; java/awt/Color
staticfield java/awt/Color LIGHT_GRAY Ljava/awt/Color; java/awt/Color
staticfield java/awt/Color gray Ljava/awt/Color; java/awt/Color
staticfield java/awt/Color GRAY Ljava/awt/Color; java/awt/Color
staticfield java/awt/Color darkGray Ljava/awt/Color; java/awt/Color
staticfield java/awt/Color DARK_GRAY Ljava/awt/Color; java/awt/Color
staticfield java/awt/Color black Ljava/awt/Color; java/awt/Color
staticfield java/awt/Color BLACK Ljava/awt/Color; java/awt/Color
staticfield java/awt/Color red Ljava/awt/Color; java/awt/Color
staticfield java/awt/Color RED Ljava/awt/Color; java/awt/Color
staticfield java/awt/Color pink Ljava/awt/Color; java/awt/Color
staticfield java/awt/Color PINK Ljava/awt/Color; java/awt/Color
staticfield java/awt/Color orange Ljava/awt/Color; java/awt/Color
staticfield java/awt/Color ORANGE Ljava/awt/Color; java/awt/Color
staticfield java/awt/Color yellow Ljava/awt/Color; java/awt/Color
staticfield java/awt/Color YELLOW Ljava/awt/Color; java/awt/Color
staticfield java/awt/Color green Ljava/awt/Color; java/awt/Color
staticfield java/awt/Color GREEN Ljava/awt/Color; java/awt/Color
staticfield java/awt/Color magenta Ljava/awt/Color; java/awt/Color
staticfield java/awt/Color MAGENTA Ljava/awt/Color; java/awt/Color
staticfield java/awt/Color cyan Ljava/awt/Color; java/awt/Color
staticfield java/awt/Color CYAN Ljava/awt/Color; java/awt/Color
staticfield java/awt/Color blue Ljava/awt/Color; java/awt/Color
staticfield java/awt/Color BLUE Ljava/awt/Color; java/awt/Color
ciInstanceKlass sun/awt/AppContext 1 1 490 10 9 9 9 9 10 9 9 9 7 11 10 9 9 10 7 10 9 9 9 5 0 9 5 0 9 9 9 10 11 7 10 10 7 9 7 10 9 10 11 9 7 10 10 10 7 7 10 10 100 10 10 10 10 100 8 10 9 8 10 7 100 10 100 10 10 10 10 100 100 10 10 10 10 5 0 10 10 10 100 10 11 10 10 11 10 10 11 11 11 10 7 10 10 100 10 100 10 11 9 9 11 7 10 10 7 10 10 10 10 8 10 8 10 100 10 7 10 10 10 10 10 100 10 11 10 8 10 7 8 10 9 8 10 8 7 10 10 7 10 7 10 7 10 7 10 10 1 1 1 7 1 1 1 1 1 1 1 1 1 1 1 1 1 1 1 1 1 1 1 1 1 1 1 1 1 8 1 1 1 1 1 1 1 1 1 1 1 1 1 1 1 1 1 1 1 1 100 100 1 1 1 1 1 1 1 1 1 100 1 1 1 100 1 100 100 100 100 100 1 1 100 1 1 100 1 1 1 1 1 1 1 1 1 1 1 1 1 1 1 1 1 100 1 1 1 1 1 1 1 1 1 1 1 1 1 1 1 1 1 1 1 1 1 12 12 12 12 12 12 12 12 12 1 7 12 12 12 12 12 1 12 12 12 12 12 12 12 12 12 1 12 7 12 1 12 1 12 7 12 12 1 12 12 1 1 100 12 1 12 12 12 12 1 1 12 12 1 12 1 1 12 1 100 12 12 100 12 12 1 1 12 12 12 12 12 12 12 1 12 12 12 12 12 12 12 7 12 7 12 12 12 1 1 12 1 12 7 12 12 12 12 1 12 12 1 12 100 12 12 1 1 12 1 12 1 12 12 12 12 1 100 1 7 12 1 1 12 1 1 1 7 12 1 12 1 12 1 1 7 12 1 1 1 1 1 1 1 1 1 1 1 1 1 1 1 1 1 1 1 1 1 1 1 1 1 1 1 1 1 1 1 1 1 1 1 1 1 1 1 1 1 1 1 1 1 1 1 1 1 1 1 1 1 1 1 1 1 1 1 1 1 1 1 1 1 1 1 1 1 1 1 1 1 1 1 1 1 1 1 1 1 1 1 1 1 1 1 1
staticfield sun/awt/AppContext log Lsun/util/logging/PlatformLogger; sun/util/logging/PlatformLogger
staticfield sun/awt/AppContext EVENT_QUEUE_KEY Ljava/lang/Object; java/lang/StringBuffer
staticfield sun/awt/AppContext EVENT_QUEUE_LOCK_KEY Ljava/lang/Object; java/lang/StringBuilder
staticfield sun/awt/AppContext EVENT_QUEUE_COND_KEY Ljava/lang/Object; java/lang/StringBuilder
staticfield sun/awt/AppContext threadGroup2appContext Ljava/util/Map; java/util/Collections$SynchronizedMap
staticfield sun/awt/AppContext getAppContextLock Ljava/lang/Object; sun/awt/AppContext$GetAppContextLock
staticfield sun/awt/AppContext numAppContexts Ljava/util/concurrent/atomic/AtomicInteger; java/util/concurrent/atomic/AtomicInteger
staticfield sun/awt/AppContext threadAppContext Ljava/lang/ThreadLocal; java/lang/ThreadLocal
ciInstanceKlass sun/awt/AppContext$3 1 1 113 10 10 10 10 10 10 8 10 8 10 8 10 10 10 11 7 10 10 11 10 10 10 7 7 100 1 1 1 1 1 1 1 100 100 100 100 100 1 1 1 1 1 1 12 12 7 12 12 12 12 7 12 1 7 12 1 12 1 7 12 100 12 12 7 12 1 12 100 12 12 7 12 12 1 1 1 1 1 1 1 1 1 1 1 1 1 1 1 1 1 1 1 1 1 1 1 1 1 1 1 1 1 1 1 1 1 1 1 1 1 1 1
ciInstanceKlass sun/awt/MostRecentKeyValue 1 1 22 10 9 9 7 7 1 1 1 1 1 1 1 1 1 1 12 12 12 1 1 1
ciInstanceKlass javax/swing/SwingUtilities 1 1 815 9 7 8 10 10 7 10 10 9 10 10 7 10 10 7 10 9 9 9 9 7 10 10 10 7 10 7 10 10 100 8 10 10 8 10 10 8 10 9 9 10 10 10 10 10 7 10 10 10 10 10 10 10 100 10 10 10 10 10 10 10 10 10 10 10 10 100 10 10 10 10 10 10 10 10 10 10 10 7 10 10 10 10 10 10 10 10 10 10 10 11 11 7 10 10 7 10 7 10 10 10 10 100 10 10 10 100 10 11 11 8 8 10 7 10 10 10 10 10 10 10 10 10 7 10 10 10 10 10 10 10 10 10 7 10 10 10 10 10 10 10 11 100 11 10 10 11 11 11 10 10 10 7 11 7 10 10 10 10 7 10 10 10 7 10 11 7 8 11 7 10 10 3 10 7 10 10 11 10 10 10 10 10 10 9 10 100 100 10 10 10 100 10 10 10 10 10 10 10 10 10 10 8 100 10 10 10 10 10 9 9 10 9 10 9 7 7 10 7 10 10 10 10 10 9 9 7 8 10 7 100 1 1 1 1 1 1 1 1 1 1 1 1 1 1 1 1 100 1 1 1 1 1 1 100 1 1 1 1 100 1 1 1 1 1 1 1 1 1 1 1 100 100 1 1 100 1 1 100 1 1 1 1 1 1 1 1 1 100 100 1 1 1 1 1 1 1 1 1 1 100 100 100 100 100 1 1 1 1 1 1 1 1 1 1 1 1 100 100 1 1 1 1 1 100 100 1 1 1 1 1 1 1 1 1 1 1 1 1 1 1 1 1 1 1 1 100 1 1 100 1 1 100 1 1 1 1 1 1 100 100 1 1 1 1 1 1 1 1 1 1 100 1 1 1 1 1 1 1 100 1 1 1 1 100 1 1 1 1 1 1 1 1 1 1 12 1 1 12 7 12 1 7 12 12 12 12 12 1 12 7 12 100 1 1 12 12 12 12 12 1 12 12 12 1 1 12 12 1 1 12 1 12 12 1 12 12 7 12 12 12 12 1 12 12 12 12 12 12 12 1 12 12 12 12 12 12 12 12 12 12 12 12 1 12 12 12 1 12 12 100 12 100 12 12 1 1 12 1 12 12 12 12 1 7 12 12 7 12 1 12 7 12 12 1 1 12 1 12 7 12 12 12 7 12 12 12 12 12 1 12 12 12 12 12 12 12 12 1 12 7 12 12 12 12 100 12 12 100 12 1 12 12 12 12 12 7 12 12 1 12 1 12 12 12 1 12 12 12 1 12 12 1 1 12 1 1 12 12 12 1 12 12 12 7 12 12 12 7 12 12 12 12 1 1 12 12 1 7 12 12 12 12 7 12 7 12 12 12 1 1 12 7 12 12 12 12 7 12 12 12 12 12 1 1 1 7 12 12 12 12 12 1 1 1 1 1 1 1 1 1 1 1 1 1 1 1 1 1 1 1 1 1 1 1 1 1 1 1 1 1 1 1 1 1 1 1 1 1 1 1 1 1 1 1 1 1 1 1 1 1 1 1 1 1 1 1 1 1 1 1 1 1 1 1 1 1 1 1 1 1 1 1 1 1 1 1 1 1 1 1 1 1 1 1 1 1 1 1 1 1 1 1 1 1 1 1 1 1 1 1 1 1 1 1 1 1 1 1 1 1 1 1 1 1 1 1 1 1 1 1 1 1 1 1 1 1 1 1 1 1 1 1 1 1 1 1 1 1 1 1 1 1 1 1 1 1 1 1 1 1 1 1 1 1 1 1 1 1 1 1 1 1 1 1 1 1 1 1 1 1 1 1 1 1 1 1 1 1 1 1 1 1 1 1 1 1 1 1 1 1 1 1 1 1 1 1 1 1 1 1 1 1 1
staticfield javax/swing/SwingUtilities sharedOwnerFrameKey Ljava/lang/Object; java/lang/StringBuffer
instanceKlass javax/swing/plaf/DimensionUIResource
ciInstanceKlass java/awt/Dimension 1 1 100 10 9 9 10 10 7 10 100 10 10 10 10 8 10 8 8 10 10 10 10 7 100 1 1 1 1 1 1 5 0 1 1 1 1 1 1 1 1 1 1 1 1 1 1 1 1 1 1 1 100 1 1 1 1 1 1 1 12 12 12 12 7 12 1 12 1 100 12 100 12 12 1 12 1 1 12 7 12 7 12 12 1 1 1 1 1 1 1 1 1 1 1 1 1 1 1 1 1 1
ciInstanceKlass javax/swing/RepaintManager 1 1 854 10 10 9 9 9 10 9 9 10 10 10 10 9 10 7 9 10 10 10 10 10 10 7 10 9 9 9 7 10 9 7 10 9 9 7 10 9 9 9 9 7 10 9 10 10 10 10 9 10 11 11 11 10 10 10 11 11 10 10 10 10 10 7 7 7 10 10 10 11 10 10 11 11 11 11 11 7 11 9 9 9 9 10 10 10 9 7 10 7 10 10 10 10 100 3 10 11 10 7 10 10 11 7 10 11 11 7 11 10 10 10 7 10 7 10 10 10 11 10 11 11 11 10 7 10 10 7 10 10 7 10 10 10 10 10 10 10 10 10 11 100 10 100 10 8 10 10 10 10 10 10 10 10 10 10 10 10 10 9 9 7 10 10 10 10 9 100 10 9 9 9 10 10 10 7 10 10 9 10 10 10 7 11 10 10 10 100 10 10 7 10 10 100 9 10 9 10 9 10 10 10 10 11 100 11 10 10 10 10 10 10 100 10 10 10 7 10 10 10 10 10 7 10 9 7 10 10 8 7 8 10 10 10 10 8 10 8 7 8 9 7 10 10 100 7 1 1 100 1 1 1 1 1 1 1 1 1 3 1 3 1 3 1 1 1 1 1 1 1 1 1 1 1 1 1 1 1 1 1 1 1 1 1 1 1 1 1 1 1 1 1 1 1 1 1 1 1 1 1 1 1 1 1 1 1 1 1 1 1 1 1 1 1 1 1 100 1 1 1 1 1 1 100 100 1 1 1 100 1 1 1 100 1 1 1 1 1 100 100 100 1 1 1 1 1 1 1 1 100 1 1 1 1 1 100 1 1 1 100 100 100 1 1 1 1 100 1 1 1 1 1 1 1 1 100 1 1 1 100 100 100 1 100 100 1 1 1 1 1 1 100 100 100 1 1 100 1 1 1 1 1 1 1 1 1 1 1 1 1 1 1 100 1 1 1 1 1 1 1 1 1 1 1 1 1 1 1 1 1 1 1 1 1 1 1 1 1 1 1 1 1 1 1 1 100 1 1 12 12 12 12 12 12 12 12 12 12 7 12 12 12 12 1 12 12 12 12 7 12 12 12 1 12 12 12 12 1 12 1 12 12 1 12 12 12 12 1 12 12 12 12 12 12 12 7 12 12 12 12 12 12 12 12 12 12 12 12 12 1 1 1 12 12 12 7 12 12 12 7 12 7 12 12 1 12 12 12 12 12 12 12 12 1 1 12 12 12 12 1 12 12 12 1 7 12 7 12 7 12 1 12 7 12 1 12 12 12 7 12 1 12 1 12 12 12 100 12 12 12 12 1 12 1 12 12 1 12 12 12 12 12 12 1 1 1 12 12 12 12 12 12 12 12 7 12 12 7 12 12 1 12 12 12 1 12 12 12 100 12 12 1 12 12 12 12 12 12 1 12 12 12 12 1 12 12 1 12 1 12 7 12 12 12 12 12 100 12 12 12 12 100 1 12 12 12 12 12 12 12 1 12 12 1 12 7 12 12 7 12 7 12 1 12 1 7 12 1 1 1 12 12 12 12 1 12 1 1 1 12 1 12 12 1 1 1 1 1 1 1 1 1 1 1 1 1 1 1 1 1 1 1 1 1 1 1 1 1 1 1 1 1 1 1 1 1 1 1 1 1 1 1 1 1 1 1 1 1 1 1 1 1 1 1 1 1 1 1 1 1 1 1 1 1 1 1 1 1 1 1 1 1 1 1 1 1 1 1 1 1 1 1 1 1 1 1 1 1 1 1 1 1 1 1 1 1 1 1 1 1 1 1 1 1 1 1 1 1 1 1 1 1 1 1 1 1 1 1 1 1 1 1 1 1 1 1 1 1 1 1 1 1 1 1 1 1 1 1 1 1 1 1 1 1 1 1 1 1 1 1 1 1 1 1 1 1 1 1 1 1 1 100 1 1 1 1 1 1 1 1 1 1 1 1
staticfield javax/swing/RepaintManager HANDLE_TOP_LEVEL_PAINT Z 1
staticfield javax/swing/RepaintManager BUFFER_STRATEGY_TYPE S 0
staticfield javax/swing/RepaintManager repaintManagerKey Ljava/lang/Object; java/lang/Class
staticfield javax/swing/RepaintManager volatileBufferType I 1
staticfield javax/swing/RepaintManager javaSecurityAccess Lsun/misc/JavaSecurityAccess; java/security/ProtectionDomain$JavaSecurityAccessImpl
staticfield javax/swing/RepaintManager displayChangedHandler Lsun/awt/DisplayChangedListener; javax/swing/RepaintManager$DisplayChangedHandler
ciInstanceKlass javax/swing/JMenu 1 1 623 7 10 8 10 10 9 9 9 10 10 10 7 10 9 100 10 8 10 10 11 9 10 11 11 11 10 10 10 10 10 10 10 10 9 9 10 10 10 10 9 10 10 10 10 7 10 10 10 10 10 10 10 10 10 9 9 9 10 9 9 9 10 7 8 10 8 10 9 9 9 8 8 7 10 9 100 8 10 10 10 10 9 10 10 10 10 7 10 10 10 7 10 100 10 10 10 10 10 8 10 10 7 10 10 10 100 8 10 10 10 8 10 10 10 10 10 100 7 10 10 10 9 7 10 10 10 100 10 100 10 10 10 8 10 10 7 10 11 11 11 7 10 7 10 10 7 10 10 10 10 8 10 10 10 10 10 100 10 10 10 10 10 10 10 10 10 10 9 10 10 9 100 10 100 1 1 1 1 1 1 1 1 1 1 1 1 1 1 1 1 1 1 1 3 1 1 1 1 1 1 1 1 1 1 1 1 1 1 1 1 1 1 100 1 1 1 1 1 1 100 1 1 100 100 100 100 100 100 100 100 100 1 1 1 1 1 1 1 1 1 1 1 1 1 1 1 1 1 1 1 1 1 1 1 1 1 100 1 1 1 1 1 1 1 1 1 1 1 1 1 1 100 1 1 1 1 1 1 1 1 1 1 1 100 1 1 1 1 1 1 1 1 1 1 1 1 1 1 1 1 1 1 1 1 1 1 100 1 1 1 100 1 1 1 1 1 1 1 1 12 1 12 12 12 12 12 12 7 12 1 12 12 1 12 1 12 12 7 12 12 12 12 12 12 12 12 12 12 12 12 12 12 12 12 12 12 12 7 12 12 12 7 12 12 1 12 12 7 12 12 7 12 12 7 12 12 12 7 12 12 7 12 12 12 12 12 1 1 12 1 7 12 1 1 1 12 12 1 1 12 12 12 12 12 12 12 1 12 1 12 1 12 12 12 12 12 1 12 12 1 1 12 12 1 1 12 12 1 12 12 12 12 12 1 1 12 12 12 12 1 7 12 12 12 1 12 1 12 12 1 12 12 1 12 12 12 12 1 1 12 1 12 12 1 100 12 12 100 12 12 1 12 12 12 12 100 12 12 100 12 100 12 12 12 100 12 12 12 1 1 1 1 1 1 1 1 1 1 1 1 1 1 1 1 1 1 1 1 1 1 1 1 1 1 1 1 1 1 1 1 1 1 1 1 1 1 1 1 1 1 1 1 1 1 1 1 1 1 1 1 1 1 1 1 1 1 1 1 1 1 1 1 1 1 1 1 1 1 1 1 1 1 1 1 1 1 1 1 1 1 1 1 1 1 1 1 1 1 1 1 1 1 1 1 1 1 1 1 1 1 1 1 1 1 1 1 1 1 1 1 1 1 1 1 1 1 1 1 1 1 1 1 1 1 1 1 1 1 1 1 1 1
instanceKlass java/lang/StringIndexOutOfBoundsException
instanceKlass java/lang/ArrayIndexOutOfBoundsException
ciInstanceKlass java/lang/IndexOutOfBoundsException 0 0 21 10 10 100 100 1 1 1 5 0 1 1 1 1 1 1 1 12 12 1 1
instanceKlass sun/swing/WindowsPlacesBar
instanceKlass com/altera/sopceditor/tools/schematic/filter/FilterComponent
ciInstanceKlass javax/swing/JToolBar 1 1 333 100 10 10 10 9 9 9 9 10 10 7 10 10 10 10 9 7 10 10 10 10 10 10 7 8 10 10 8 10 10 10 100 10 8 10 10 10 8 8 10 8 9 9 10 10 7 10 100 8 10 10 7 10 10 10 10 7 10 7 8 11 8 10 7 10 10 100 10 10 10 10 10 10 10 10 10 8 8 10 8 8 8 100 10 10 10 8 8 8 8 10 100 10 10 9 100 10 7 100 1 1 1 1 1 1 1 1 1 1 1 1 1 1 1 1 1 1 1 1 1 1 1 1 1 1 1 1 1 1 1 100 1 1 1 1 1 1 1 1 1 1 1 1 1 1 1 1 1 100 100 100 1 1 1 1 1 1 1 100 1 1 1 1 1 1 1 100 1 1 1 100 1 1 1 1 1 12 12 12 12 12 12 12 12 12 1 12 12 12 12 12 1 12 7 12 12 12 12 12 1 1 12 12 12 12 12 1 12 1 12 12 12 12 1 12 12 12 12 1 12 1 1 12 12 1 12 12 12 12 1 12 1 1 12 1 12 1 12 12 1 12 12 12 100 12 12 100 12 12 12 100 12 1 1 12 1 1 1 1 12 12 1 1 1 1 1 12 12 1 1 1 1 1 1 1 1 1 1 1 1 1 1 1 1 1 1 1 1 1 1 1 1 1 1 1 1 1 1 1 1 1 1 1 1 1 1 1 1 1 1 1 1 1 1 1 1 1 1 1 1 1 1 1 1 1 1 1 1 1 1 1 1
ciInstanceKlass com/altera/ui/components/ColoredStatusLabel 1 1 59 10 10 10 10 10 7 10 10 10 10 7 7 1 1 1 1 1 1 1 1 1 1 1 1 1 1 1 1 1 1 1 1 1 1 1 12 12 12 12 12 1 12 12 12 12 1 1 1 1 1 1 1 1 1 1 1 1 1
instanceKlass sun/print/PrinterGraphicsConfig
instanceKlass sun/awt/image/BufferedImageGraphicsConfig
instanceKlass sun/awt/Win32GraphicsConfig
ciInstanceKlass java/awt/GraphicsConfiguration 1 1 145 10 10 10 7 10 10 10 10 10 100 100 10 8 10 10 10 10 100 10 100 9 100 10 7 10 10 10 8 10 9 100 10 10 9 100 10 7 10 7 1 1 1 1 1 1 1 1 1 1 1 1 1 1 1 1 1 1 100 1 1 100 100 100 1 1 1 1 1 1 1 1 1 1 1 1 1 1 1 1 1 1 1 1 1 12 12 7 12 1 12 12 12 12 12 1 1 1 12 12 12 12 1 12 1 12 1 1 12 12 100 12 1 12 1 12 12 12 1 12 1 7 12 1 1 1 1 1 1 1 1 1 1 1 1 1 1 1 1 1 1 1 1 1 1
staticfield java/awt/GraphicsConfiguration $assertionsDisabled Z 1
instanceKlass java/awt/image/WritableRaster
ciInstanceKlass java/awt/image/Raster 1 1 412 10 7 10 100 10 100 100 10 8 10 10 10 10 10 100 8 8 10 10 8 8 10 10 7 10 10 10 10 8 10 8 8 10 10 10 100 8 10 7 10 10 7 10 7 10 100 10 8 100 10 100 10 100 10 100 10 7 10 7 10 7 10 100 8 10 7 10 7 10 8 10 10 7 10 10 10 7 9 9 10 10 10 10 10 8 9 9 9 9 9 9 9 9 9 9 8 8 8 8 8 9 9 10 9 10 9 9 10 8 10 8 10 10 10 10 8 8 8 8 10 10 10 10 10 10 10 10 10 10 10 10 10 10 10 10 10 10 10 7 1 1 1 1 1 1 1 1 1 1 1 1 1 1 1 1 1 1 1 1 1 1 100 1 100 100 1 1 1 1 1 1 100 1 100 1 100 1 100 1 1 1 1 1 1 1 1 1 100 100 100 100 100 1 1 1 1 1 1 1 1 1 1 1 1 1 1 1 1 1 1 1 1 1 1 1 1 1 1 1 1 1 1 1 1 1 1 1 1 1 1 1 1 1 1 1 1 1 1 1 1 1 1 1 12 1 12 1 1 1 12 1 12 12 12 12 12 1 1 1 12 1 1 12 1 12 12 1 12 1 1 12 7 12 12 1 1 1 12 1 12 1 12 1 1 1 12 1 1 1 1 12 1 1 12 1 1 1 12 1 1 7 12 1 12 12 1 12 12 12 12 12 1 12 12 12 12 12 12 1 1 1 12 12 12 12 12 12 12 12 1 12 1 12 12 100 12 12 1 1 1 1 12 12 12 12 12 12 12 12 12 12 12 12 12 12 12 12 12 7 12 12 1 1 1 1 1 1 1 1 1 1 1 1 1 1 1 1 1 1 1 1 1 1 1 1 1 1 1 1 1 1 1 1 1 1 1 1 1 1 1 1 1 1 1 1 1 1 1 1 1 1
instanceKlass java/awt/image/DataBufferByte
instanceKlass java/awt/image/DataBufferInt
ciInstanceKlass java/awt/image/DataBuffer 1 1 173 7 100 100 10 8 10 10 10 10 9 9 10 10 10 9 9 9 9 9 9 10 10 10 100 8 10 10 100 10 10 10 10 10 100 3 100 7 10 10 7 1 1 1 1 3 1 3 1 3 1 3 1 3 1 3 1 3 1 1 1 1 1 1 1 1 1 1 1 1 1 1 1 1 100 1 1 1 1 1 1 100 100 1 1 1 1 1 1 1 1 1 1 1 1 1 1 1 1 1 1 1 1 1 1 1 1 1 1 1 1 1 1 1 1 1 12 1 12 12 12 12 12 12 12 7 12 12 12 12 12 12 12 12 12 12 1 1 100 12 100 12 12 12 12 1 1 1 7 12 1 100 1 1 1 1 1 1 1 1 1 1 1 1 1 1 1 1 100 1 1 1 1
staticfield java/awt/image/DataBuffer dataTypeSize [I 6
instanceKlass sun/awt/image/SunWritableRaster
ciInstanceKlass java/awt/image/WritableRaster 1 1 225 10 100 9 9 10 10 10 10 10 9 100 9 9 9 9 10 100 8 10 8 8 8 9 10 10 100 9 9 10 9 10 10 10 10 10 100 8 10 10 10 10 10 10 10 10 10 10 10 10 10 10 10 10 10 10 10 10 10 10 10 10 10 7 1 1 1 1 1 1 1 1 1 1 1 1 1 100 1 1 1 100 100 100 1 1 1 100 100 100 1 1 1 1 1 1 1 1 1 1 1 1 1 1 1 1 1 1 100 12 1 12 12 12 12 12 12 12 12 1 12 12 12 12 12 1 1 12 1 1 1 12 12 12 1 12 12 12 12 12 12 12 1 1 12 12 12 12 12 12 12 12 12 12 12 12 12 12 12 12 12 12 12 12 12 12 12 12 1 1 1 1 1 1 1 1 1 1 1 1 1 1 1 1 1 1 1 1 1 1 1 1 1 1 1 1 1 1 1 1 1 1 1 1 1 1 1 1 1 1 1 1 1 1 1 1 1 1 1 1 1 1 1 1 1
instanceKlass sun/awt/image/ByteComponentRaster
instanceKlass sun/awt/image/BytePackedRaster
instanceKlass sun/awt/image/IntegerComponentRaster
ciInstanceKlass sun/awt/image/SunWritableRaster 1 1 104 9 100 8 10 11 11 11 11 11 9 10 10 7 10 10 10 10 10 10 9 10 9 10 10 7 7 1 1 1 1 1 1 1 1 1 1 1 1 1 1 1 1 1 1 1 1 1 1 1 1 1 1 1 1 1 1 1 12 1 1 12 12 12 12 12 12 100 12 7 12 12 1 12 12 100 12 12 12 12 12 12 12 1 1 1 1 1 100 1 1 1 1 1 1 1 1 1 1 1 1 1 1 1
ciInstanceKlass sun/awt/image/IntegerInterleavedRaster 1 1 265 10 7 9 9 10 10 10 10 10 9 9 9 9 9 9 7 100 8 10 10 9 7 10 9 9 9 10 9 9 9 10 9 8 10 10 7 100 8 10 10 10 10 10 10 10 10 7 10 10 10 10 10 8 8 8 8 9 10 9 7 9 9 10 10 100 10 8 10 8 8 10 10 10 10 100 8 10 8 8 9 8 8 8 10 7 1 1 1 1 1 1 1 1 1 1 100 100 100 100 100 100 1 1 1 1 1 1 1 1 1 1 1 1 1 1 100 1 100 1 1 1 1 1 1 1 100 100 1 1 1 1 1 7 12 1 12 12 12 12 12 12 12 12 12 12 12 12 12 1 1 1 12 12 12 1 12 12 12 12 12 12 12 12 1 12 100 12 1 1 1 7 12 12 100 12 12 12 1 12 12 12 12 1 1 1 1 12 12 12 1 12 12 12 12 1 12 1 12 1 1 12 12 12 12 1 1 12 1 1 12 1 1 1 1 1 1 1 1 1 1 1 1 1 1 1 1 1 1 1 1 1 1 1 1 1 1 1 1 1 1 1 1 1 1 1 1 1 1 1 1 1 1 1 1 1 1 1 1 1 1 1 1 1 1
instanceKlass java/awt/geom/RoundRectangle2D
instanceKlass java/awt/geom/Rectangle2D
ciInstanceKlass java/awt/geom/RectangularShape 1 1 132 10 10 10 10 10 6 0 100 10 10 10 10 10 10 10 10 10 10 10 10 10 10 10 10 7 10 10 10 10 100 10 10 10 100 100 10 7 7 100 100 1 1 1 1 1 1 1 1 1 1 1 1 1 1 1 1 1 1 1 1 1 1 1 1 1 1 1 1 1 1 1 1 1 1 1 1 1 1 1 100 1 1 12 12 12 12 12 7 1 1 1 12 100 100 12 12 7 12 12 12 12 12 1 12 12 12 1 12 12 12 1 1 12 1 1 1 1 1 1 1 1 1 1 1 1 1 1 1 1 1 1
instanceKlass java/awt/geom/Rectangle2D$Double
instanceKlass java/awt/geom/Rectangle2D$Float
instanceKlass java/awt/Rectangle
ciInstanceKlass java/awt/geom/Rectangle2D 1 1 153 10 10 10 10 10 10 10 7 10 10 10 10 10 10 10 10 10 10 10 10 10 10 10 10 10 10 7 10 10 5 0 5 0 5 0 7 100 1 1 100 1 1 1 1 3 1 3 1 3 1 3 1 1 1 1 1 1 1 1 1 1 100 1 1 1 1 1 1 1 1 1 1 1 1 1 1 1 1 1 1 1 1 1 1 1 1 1 1 1 1 12 12 12 12 12 12 12 1 100 12 12 12 12 12 100 12 12 12 100 12 12 12 12 12 12 12 12 1 12 100 12 1 1 1 1 1 1 1 1 1 1 1 1 1 1 1 1 1 1 1 1 1 1 1 1 1 1 1 1 1 1 1
instanceKlass javax/swing/text/DefaultCaret
ciInstanceKlass java/awt/Rectangle 1 1 218 10 9 9 9 9 10 9 9 9 9 7 10 10 100 6 0 3 10 6 0 3 6 0 10 10 7 10 10 10 7 10 10 10 10 10 10 5 0 10 5 0 10 7 10 100 10 10 10 10 10 100 10 10 10 10 8 10 8 8 8 8 10 10 10 10 100 100 1 1 1 1 1 1 1 1 5 0 1 1 1 1 1 1 1 1 1 1 1 1 1 1 1 1 1 1 1 1 1 1 1 1 1 1 100 1 1 1 1 1 1 1 1 1 1 1 1 1 1 1 1 1 1 1 1 1 1 1 1 1 1 1 1 1 1 1 1 1 1 1 1 1 1 1 1 12 12 12 12 12 12 1 12 12 1 12 7 12 12 1 12 12 12 1 12 12 12 12 12 12 12 1 12 1 1 1 12 12 12 12 1 100 12 100 12 12 1 12 1 1 1 1 12 7 12 7 12 12 1 1 1 1 1 1 1 1 1 1 1 1 1 1 1 1 1 1 1 1
ciInstanceKlass javax/swing/JRootPane 1 1 384 10 9 10 10 10 10 10 10 10 10 10 10 10 10 10 10 9 7 100 8 10 10 8 10 9 7 10 10 10 8 7 10 7 10 10 10 8 10 10 7 10 8 10 7 10 10 8 10 10 7 10 9 10 9 10 9 10 100 8 10 9 10 8 10 10 10 100 8 10 10 7 10 11 9 10 10 10 10 10 100 5 0 10 10 9 10 8 10 9 9 9 8 10 10 10 10 10 10 9 100 10 7 8 10 10 7 10 8 7 100 1 1 1 100 1 1 1 1 1 1 1 1 1 3 1 3 1 3 1 3 1 3 1 3 1 3 1 3 1 3 1 1 1 1 1 1 1 1 1 1 1 1 1 1 1 1 1 1 1 1 1 1 1 1 1 1 1 1 1 1 1 1 1 1 1 1 1 1 1 1 1 1 1 1 1 1 1 1 1 1 1 1 1 1 1 1 1 1 1 1 1 1 1 1 1 1 100 1 1 1 1 1 1 1 1 1 1 1 1 1 12 12 12 12 12 12 12 12 12 12 12 12 12 7 12 12 12 1 1 1 12 12 12 12 1 12 7 12 12 1 1 1 12 12 1 12 12 1 1 1 12 1 12 12 1 12 100 12 12 12 12 12 1 1 12 100 1 12 1 1 7 12 1 7 12 12 7 12 12 12 1 12 12 12 7 12 12 12 100 12 1 12 100 12 100 12 12 12 12 12 1 1 1 7 12 1 12 1 1 1 1 1 1 1 1 1 1 1 1 1 1 1 1 1 1 1 1 1 1 1 1 1 1 1 1 1 1 1 1 1 1 1 1 1 1 1 1 1 1 1 1 1 1 1 1 1 1 1 1 1 1 1 1 1 1 1 1 1 1 1 1 1 1
staticfield javax/swing/JRootPane LOG_DISABLE_TRUE_DOUBLE_BUFFERING Z 0
staticfield javax/swing/JRootPane IGNORE_DISABLE_TRUE_DOUBLE_BUFFERING Z 0
instanceKlass sun/awt/Win32GraphicsDevice
ciInstanceKlass java/awt/GraphicsDevice 1 1 245 10 7 9 10 10 10 10 10 10 10 10 100 10 10 10 10 10 10 10 10 10 9 9 9 9 10 9 10 10 10 10 10 10 9 9 10 10 10 100 8 10 10 100 10 10 10 9 10 10 10 10 10 100 10 10 10 10 10 7 100 1 100 1 1 1 1 1 1 1 1 1 1 1 1 3 1 3 1 3 1 1 1 1 1 1 1 1 1 1 1 1 1 1 1 1 1 1 1 100 100 100 100 1 1 100 1 1 1 1 1 1 1 1 1 1 1 100 1 1 1 100 1 1 12 1 12 12 100 12 100 12 12 12 12 12 12 1 12 12 12 12 12 12 100 12 12 12 12 12 100 12 12 12 12 7 12 12 12 12 12 12 12 12 12 12 1 1 12 12 1 100 12 12 12 12 12 12 12 100 12 1 12 12 12 1 1 1 1 1 1 1 1 1 1 1 1 1 1 1 1 1 1 1 1 1 1 1 1 1 1 1 1 1 1 1 1 1 1 1 1 1 1 1 1 1 1 1 1 1 1 1 1 1 1 1 1 1 1 1 1 1 1 1 1
ciInstanceKlass sun/java2d/d3d/D3DGraphicsConfig 1 1 318 100 100 9 10 9 10 7 10 10 10 10 10 10 7 3 3 10 3 10 7 10 3 100 10 100 10 8 10 9 10 8 9 10 8 10 10 100 8 10 10 9 8 10 100 10 10 10 100 9 10 10 10 10 10 10 10 9 10 10 10 10 10 10 9 100 10 10 100 10 100 10 10 11 10 10 10 10 10 10 7 10 7 7 100 100 1 1 1 1 1 1 1 1 1 1 1 1 1 1 1 1 1 1 100 100 100 1 1 1 1 1 1 1 1 1 1 1 1 100 1 1 100 100 100 100 100 100 100 1 1 1 1 1 1 1 1 1 1 100 100 1 1 1 1 1 1 1 1 1 1 100 1 1 1 12 12 12 12 1 12 12 100 12 12 12 12 1 12 12 1 12 1 12 1 12 1 12 12 12 1 12 12 1 12 12 1 1 12 100 12 12 1 100 12 1 12 100 12 12 1 100 12 12 100 12 12 12 12 100 12 12 12 100 12 12 12 12 1 100 12 1 12 1 12 12 12 12 12 12 100 12 12 1 12 1 1 1 1 1 1 1 1 1 1 1 1 1 1 1 1 1 1 1 1 1 1 1 1 1 1 1 1 1 1 1 1 1 1 1 1 1 1 1 1 1 1 1 1 1 1 1 1 1 1 1 1 1 1 1 1 1 1 1 1 1 1 1 1 1 1 1 1 1 1 1 1 1 1 1 1 1 1 1 1 1 1 1
instanceKlass bibliothek/gui/dock/station/OverpaintablePanel
ciInstanceKlass javax/swing/JLayeredPane 1 1 311 10 9 10 10 10 8 10 7 7 8 10 7 9 10 10 10 10 10 10 10 10 10 10 10 10 10 10 10 10 9 10 10 10 10 10 10 10 10 10 10 10 10 10 10 7 10 10 10 9 10 9 9 9 9 10 10 10 10 9 100 10 9 9 9 9 7 10 10 10 10 8 8 100 10 10 10 8 10 9 100 10 100 1 1 1 1 1 1 1 1 1 1 1 1 1 1 1 1 1 1 1 1 1 1 1 1 100 100 100 100 100 100 1 1 1 1 1 100 1 1 1 1 1 1 1 1 1 1 1 1 1 1 1 1 1 1 1 1 1 1 1 1 1 1 1 100 100 1 1 1 1 1 1 1 1 100 1 1 100 1 1 1 1 1 12 12 12 12 12 1 7 12 1 1 1 12 1 12 12 12 12 12 12 12 12 12 12 12 12 12 12 12 12 12 12 12 12 12 12 12 12 12 12 12 12 12 12 12 12 1 12 7 12 12 100 12 12 7 12 12 12 12 12 12 12 12 12 1 12 12 12 12 1 12 12 12 1 1 1 12 12 1 12 12 1 12 1 1 1 1 1 1 1 1 1 1 1 1 1 1 1 1 1 1 1 1 1 1 1 1 1 1 1 1 1 1 1 1 1 1 1 1 1 1 1 1 1 1 1 1 1 1 1 1 1 1 1 1 1 1 1 1 1 1 1 1 1 1 1 1
staticfield javax/swing/JLayeredPane DEFAULT_LAYER Ljava/lang/Integer; java/lang/Integer
staticfield javax/swing/JLayeredPane PALETTE_LAYER Ljava/lang/Integer; java/lang/Integer
staticfield javax/swing/JLayeredPane MODAL_LAYER Ljava/lang/Integer; java/lang/Integer
staticfield javax/swing/JLayeredPane POPUP_LAYER Ljava/lang/Integer; java/lang/Integer
staticfield javax/swing/JLayeredPane DRAG_LAYER Ljava/lang/Integer; java/lang/Integer
staticfield javax/swing/JLayeredPane FRAME_CONTENT_LAYER Ljava/lang/Integer; java/lang/Integer
ciInstanceKlass javax/swing/RepaintManager$PaintManager 1 1 190 7 10 9 10 10 10 7 10 10 10 10 10 10 10 10 10 10 10 10 10 10 100 100 10 10 10 10 10 10 9 10 10 10 10 9 10 100 10 10 10 10 9 10 7 7 1 1 1 1 1 1 1 1 1 1 1 1 100 100 100 100 100 100 1 1 1 1 1 1 1 1 1 1 100 1 1 1 1 1 1 1 1 1 1 12 12 12 12 12 1 7 12 12 12 12 12 12 7 12 7 12 12 7 12 12 12 12 12 1 1 12 12 12 12 12 100 12 12 12 12 12 12 1 12 12 12 12 7 12 1 1 1 1 1 1 1 1 1 1 1 1 1 1 1 1 1 1 1 1 1 1 1 1 1 1 1 1 1 1 1 1 1 1 1 1 1 1 1 1 1 1 1 1 1 1 1 1 1 1 1 1 1 1 1 1 1 1 1 1
staticfield javax/swing/RepaintManager$PaintManager $assertionsDisabled Z 1
ciInstanceKlass javax/swing/JMenuBar 1 1 338 10 9 9 10 7 10 10 10 9 7 10 10 10 7 8 9 8 10 10 10 7 10 100 8 10 8 10 10 10 10 11 11 8 10 10 10 10 10 8 10 100 10 7 10 7 10 10 10 8 8 10 8 100 10 10 10 8 8 10 9 100 10 10 10 10 11 10 7 10 7 11 10 10 10 10 10 10 10 10 10 10 10 100 100 10 10 10 100 10 100 100 1 1 1 1 1 1 1 1 1 1 1 1 3 1 1 1 1 1 1 1 1 1 1 1 1 1 1 1 1 1 1 1 1 1 1 100 1 1 1 1 1 1 1 1 1 1 1 1 1 1 100 1 1 1 1 1 1 1 1 1 1 100 1 1 1 1 1 1 1 1 1 100 100 100 1 1 1 100 1 1 1 1 100 100 1 1 100 1 1 1 1 1 100 1 1 100 1 1 12 12 12 12 1 12 12 12 1 12 7 12 12 1 1 12 12 12 12 1 12 1 1 12 1 12 12 12 12 12 12 1 12 12 12 12 12 12 1 12 1 1 12 12 12 1 1 12 1 1 12 12 1 1 12 1 12 12 12 12 12 7 12 1 12 1 12 7 12 12 12 12 100 12 12 100 12 12 100 12 1 1 12 100 12 12 1 1 1 1 1 1 1 1 1 1 1 1 1 1 1 1 1 1 1 1 1 1 1 1 1 1 1 1 1 1 1 1 1 1 1 1 1 1 1 1 1 1 1 1 1 1 1 1 1 1 1 1 1 1 1 1 1 1 1 1 1 1
instanceKlass javax/swing/JApplet
ciInstanceKlass java/applet/Applet 0 0 183 10 9 10 100 10 10 9 10 100 8 10 10 11 11 11 11 11 10 9 9 10 11 10 10 11 11 100 10 10 100 100 10 11 10 10 10 100 11 10 100 10 100 100 1 1 1 1 1 1 1 5 0 1 1 1 1 1 1 1 100 1 1 1 100 100 1 1 1 1 1 1 1 1 1 1 1 1 1 100 1 1 1 1 1 1 1 100 1 1 1 1 1 1 1 1 100 1 1 1 1 100 1 1 1 1 1 1 1 1 1 12 12 100 12 1 100 12 12 100 12 1 1 12 100 12 100 12 12 12 12 12 12 100 12 12 12 12 100 12 12 1 12 1 1 12 12 12 100 12 1 100 12 12 1 12 1 1 1 1 1 1 1 1 1 1 1 1 1 1 1 1 1 1 1 1 1 1 1 1 1 1 1
instanceKlass javax/swing/plaf/basic/BasicComboPopup
ciInstanceKlass javax/swing/JPopupMenu 1 1 826 7 9 10 10 10 7 9 10 10 10 9 9 9 9 10 7 10 10 100 5 0 10 10 10 9 7 10 10 10 8 10 10 10 10 10 9 10 7 10 10 10 10 7 10 9 10 10 10 10 7 10 10 10 9 9 9 9 9 9 10 10 9 9 9 9 9 9 10 10 10 10 10 10 10 7 10 7 10 100 10 10 10 10 100 8 10 10 8 10 8 10 9 100 8 10 10 10 7 10 10 10 7 10 10 10 10 10 11 11 7 9 7 10 10 10 100 7 100 10 7 10 11 11 11 9 10 10 10 10 10 8 10 9 10 10 10 11 10 7 10 10 8 10 10 10 10 10 7 10 9 9 10 10 10 10 9 7 10 10 10 10 9 10 10 100 5 0 5 0 10 10 10 10 10 7 10 10 10 11 10 10 100 10 10 10 7 8 8 8 10 100 10 10 10 8 10 8 8 8 8 8 10 100 10 10 100 8 8 10 10 10 10 10 10 10 10 10 10 7 100 10 10 10 10 10 10 10 10 10 10 10 10 10 10 11 11 11 10 10 7 8 10 7 8 10 10 7 7 10 9 7 100 1 1 1 1 1 1 1 1 1 1 1 1 1 1 1 1 1 1 1 1 1 1 1 1 1 1 1 1 3 1 1 1 1 1 1 1 1 1 100 1 1 1 1 1 1 1 1 1 1 1 1 1 1 1 1 1 1 1 1 1 1 1 1 100 100 100 100 100 100 1 1 100 100 1 1 1 1 1 1 1 1 1 1 100 1 1 1 1 100 100 1 1 1 1 1 1 1 1 1 1 1 100 100 1 1 1 1 1 1 100 100 1 1 1 1 1 1 1 1 100 1 1 100 1 1 1 1 1 1 1 1 1 100 1 1 1 1 1 1 1 1 1 1 100 1 1 1 1 1 1 1 1 100 1 1 100 1 1 1 100 1 1 1 1 1 1 1 1 100 1 1 1 1 1 1 1 12 12 7 12 12 1 12 12 12 12 12 12 12 12 12 1 12 1 12 12 12 12 1 12 7 12 12 1 12 7 12 12 100 12 12 12 1 12 12 12 1 12 12 7 12 12 7 12 7 12 1 12 12 12 12 12 12 12 12 12 12 12 12 12 12 12 7 12 12 12 12 12 1 1 12 1 12 12 12 12 1 1 12 1 12 12 12 1 1 12 12 1 12 1 12 12 12 7 12 12 1 12 1 7 12 12 12 1 1 1 12 1 12 12 12 12 12 12 12 12 12 12 1 12 12 12 12 12 7 12 12 1 12 12 1 12 12 12 12 12 1 12 12 12 12 12 12 12 12 1 7 12 12 12 12 12 12 12 1 12 12 12 12 12 1 12 12 12 12 12 1 12 12 12 1 1 1 1 12 1 12 12 1 12 1 1 1 1 1 1 100 12 1 12 12 12 12 100 12 12 12 12 1 1 12 12 12 12 12 12 12 12 12 12 12 12 12 12 12 12 12 1 1 1 1 12 7 12 1 1 12 1 1 1 1 1 1 1 1 1 1 1 1 1 1 1 1 1 1 1 1 1 1 1 1 1 1 1 1 1 1 1 1 1 1 1 1 1 1 1 1 1 1 1 1 1 1 1 1 1 1 1 1 1 1 1 1 1 1 1 1 1 1 1 1 1 1 1 1 1 1 1 1 1 1 1 1 1 1 1 1 1 1 1 1 1 1 1 1 1 1 1 1 1 1 1 1 1 1 1 1 1 1 1 1 1 1 1 1 1 1 1 1 1 1 1 1 1 1 1 1 1 1 1 1 1 1 1 1 1 1 1 1 1 1 1 1 1 1 1 1 1 1 1 1 1 1 1 1 1 1 1 1 1 1 1 1 1 1 1 1 1 1 1 1 1 1
staticfield javax/swing/JPopupMenu defaultLWPopupEnabledKey Ljava/lang/Object; java/lang/StringBuffer
staticfield javax/swing/JPopupMenu classLock Ljava/lang/Object; java/lang/Object
instanceKlass com/altera/ui/ientity/elementeditor/ParameterComponentFactory2$3
ciInstanceKlass javax/swing/JScrollPane 1 1 483 10 100 9 9 9 7 10 10 10 10 10 10 10 10 10 10 10 8 10 10 10 10 10 9 100 100 3 10 10 10 9 7 10 10 10 7 8 7 10 10 8 100 10 100 8 10 8 10 10 10 8 8 9 8 10 100 10 10 10 9 9 9 9 9 9 9 9 10 10 10 10 10 10 10 10 10 10 10 7 7 10 9 8 10 10 8 9 8 8 7 10 10 8 8 9 100 10 10 9 8 8 10 9 8 8 10 8 10 8 8 8 8 8 8 8 9 9 9 9 8 10 10 8 10 10 10 10 10 10 10 8 10 8 8 8 8 8 8 10 10 100 10 10 10 8 8 8 8 8 8 8 8 8 8 8 8 10 10 7 100 1 1 1 1 1 1 1 1 1 1 1 1 1 1 1 1 1 1 1 1 1 1 1 1 1 1 1 1 1 1 100 100 1 1 1 1 1 1 1 1 1 1 1 1 1 1 1 1 1 1 1 1 1 1 1 1 1 1 100 100 100 100 1 1 1 1 1 1 1 1 1 1 1 1 1 1 1 1 1 1 1 1 1 1 1 1 100 1 1 1 1 1 1 1 1 1 1 100 1 1 1 1 1 12 1 12 12 12 1 1 12 12 12 12 12 12 12 12 12 12 1 7 12 12 12 12 7 12 12 1 1 12 12 12 12 1 12 7 12 12 1 1 1 12 1 1 12 1 1 12 12 12 1 12 12 1 12 12 12 100 12 12 12 12 12 12 12 12 100 12 12 12 12 12 12 12 12 1 1 12 12 1 12 12 12 1 1 12 1 12 1 12 12 12 1 12 12 1 12 1 7 12 1 1 1 1 1 1 1 12 12 12 12 1 12 1 12 100 12 12 12 12 100 12 100 12 1 1 1 1 1 1 1 100 1 12 12 1 1 1 1 1 1 1 1 1 1 1 1 12 1 1 1 1 1 1 1 1 1 1 1 1 1 1 1 1 1 1 1 1 1 1 1 1 1 1 1 1 1 1 1 1 1 1 1 1 1 1 1 1 1 1 1 1 1 1 1 1 1 1 1 1 1 1 1 1 1 1 1 1 1 1 1 1 1 1 1 1 1 1 1 1
ciInstanceKlass sun/awt/image/BufImgSurfaceData 1 1 413 100 8 10 10 10 9 10 9 9 9 9 10 9 9 9 10 9 10 7 10 9 9 9 9 100 8 10 9 9 10 10 10 9 9 9 8 10 10 7 10 10 9 7 10 10 10 10 7 3 3 3 9 3 9 9 100 10 9 3 9 3 9 10 9 9 10 9 10 10 8 10 10 10 10 10 10 10 10 10 10 10 10 10 7 10 10 10 10 10 10 10 7 10 10 10 10 10 10 9 7 9 9 10 9 10 10 10 10 10 9 9 9 9 10 10 10 9 10 7 10 10 10 7 10 7 7 7 1 1 1 1 1 1 1 1 1 1 1 1 1 1 1 3 1 3 1 3 1 3 1 3 1 1 1 1 1 3 1 3 1 1 1 1 1 1 1 1 1 1 1 100 100 100 100 100 100 100 100 1 1 1 1 1 1 1 100 100 1 100 1 1 1 1 1 1 1 1 1 1 1 1 1 1 1 1 1 1 1 1 1 1 1 1 1 1 1 12 7 12 12 12 12 12 12 12 12 12 12 12 12 12 12 7 12 1 12 12 12 12 12 1 1 12 12 12 7 12 7 12 12 12 12 1 12 7 12 1 12 12 12 1 12 12 12 12 1 12 12 12 1 12 12 12 12 12 12 12 12 12 12 1 12 12 12 12 12 12 12 1 12 1 12 12 1 12 12 12 12 7 12 12 12 12 12 12 12 12 7 12 12 7 12 12 12 100 12 1 12 1 12 1 1 1 1 1 1 1 1 1 1 1 1 1 1 1 1 1 1 1 1 1 1 1 1 1 1 1 1 1 1 1 1 1 1 1 1 1 1 1 1 1 1 1 1 1 1 1 1 1 1 1 1 1 1 1 1 1 1 1 1 1 1 1 1 1 1 1 1 1 1 1 1 1 1 1 1 1 1 1 1 1 1 1 1 1 1 1 1 1 1 1 1
ciInstanceKlass javax/swing/JViewport 1 1 719 9 10 9 9 9 9 9 9 9 7 9 10 10 10 10 10 9 7 10 10 10 8 10 10 10 10 10 10 10 9 9 10 10 9 9 10 10 9 9 10 10 10 10 9 10 10 9 10 10 10 10 7 10 100 8 10 7 10 9 9 9 9 10 10 10 10 10 10 10 10 10 10 10 10 7 10 9 9 9 10 10 10 10 10 10 10 10 10 10 10 10 10 10 7 10 7 10 10 10 10 10 9 10 10 10 10 10 10 10 10 10 9 10 10 10 10 10 10 10 10 10 10 10 10 10 10 10 10 10 10 10 10 10 10 10 10 10 10 10 10 10 7 10 9 9 7 10 10 10 100 10 7 10 11 10 10 10 10 8 8 10 8 100 10 10 10 8 8 8 10 10 9 10 10 10 10 11 11 100 100 10 10 10 10 10 10 7 10 9 10 10 10 10 10 10 10 10 10 10 10 10 10 10 10 10 10 10 10 10 10 9 100 10 8 100 1 1 1 1 1 1 1 1 1 1 1 1 1 1 1 1 1 1 1 1 1 1 1 1 1 3 1 3 1 3 1 1 1 1 1 1 1 1 1 1 1 1 1 1 1 1 1 1 1 1 1 1 1 1 1 1 100 100 100 100 100 1 100 1 1 1 1 1 1 1 1 1 1 1 100 100 1 1 1 1 1 1 1 1 1 1 1 1 1 1 1 1 1 1 1 1 1 1 1 1 1 1 1 100 1 1 1 1 1 1 1 1 1 1 1 1 1 1 1 1 1 1 1 1 100 1 1 100 1 100 1 1 1 1 1 1 1 1 1 1 100 1 1 100 1 1 1 1 1 1 1 12 12 12 12 12 12 12 12 12 1 12 12 12 12 12 12 12 1 12 7 12 12 1 12 7 12 12 12 12 12 12 12 12 12 12 12 12 12 12 12 12 7 12 7 12 7 12 12 12 7 12 12 7 12 1 12 1 1 12 1 12 12 12 12 12 100 12 7 12 12 12 12 12 12 12 12 12 12 12 1 12 12 12 12 12 12 12 12 12 12 12 12 12 12 12 12 12 1 1 12 12 12 12 12 12 12 12 12 12 12 12 12 12 12 12 12 12 12 12 12 12 12 12 12 12 12 12 12 12 12 12 12 12 12 12 1 12 7 12 12 1 7 12 12 12 1 12 1 12 12 12 1 1 12 1 1 12 12 1 1 1 12 12 7 12 12 7 12 12 1 1 12 12 12 12 1 12 7 12 12 12 12 12 12 12 12 12 12 12 12 12 12 12 1 1 1 1 1 1 1 1 1 1 1 1 1 1 1 1 1 1 1 1 1 1 1 1 1 1 1 1 1 1 1 1 1 1 1 1 1 1 1 1 1 1 1 1 1 1 1 1 1 1 1 1 1 1 1 1 1 1 1 1 1 1 1 1 1 1 1 1 1 1 1 1 1 1 1 1 1 1 1 1 1 1 1 1 1 1 1 1 1 1 1 1 1 1 1 1 1 1 1 1 1 1 1 1 1 1 1 1 1 1 1 1 1 1 1 1 1 1 1 1 1 1 1 1 1 1 1 1 1 1 1 1 1 1 1 1 1 1 1 1 1 1 1 1 1 1 1 1 1 1 1 1 1 1 1 1 1 1 1
staticfield javax/swing/JViewport EnableWindowBlit Ljava/lang/Object; "EnableWindowBlit"
ciInstanceKlass javax/swing/JScrollPane$ScrollBar 1 1 100 9 10 8 9 10 9 10 10 10 7 10 10 11 10 9 10 10 11 100 10 9 9 7 7 100 1 1 1 1 1 1 1 1 1 1 1 1 1 1 100 1 1 1 1 12 12 1 7 12 12 12 12 7 12 7 12 1 12 12 12 12 12 12 12 12 1 12 7 12 12 1 1 1 1 1 1 1 1 1 1 1 1 1 1 1 1 1 1 1 1 1 1 1 1 1 1 1 1 1
ciInstanceKlass sun/java2d/loops/RenderLoops 1 1 48 10 10 9 7 7 1 1 1 1 1 1 1 1 1 1 1 1 1 1 1 1 1 1 1 1 1 1 1 1 1 1 1 1 1 1 1 1 1 12 7 12 12 1 1 1 1 1
staticfield sun/java2d/loops/RenderLoops primTypeID I 1
ciInstanceKlass sun/awt/ConstrainableGraphics 1 0 9 100 100 1 1 1 1 1 1
ciInstanceKlass sun/java2d/SunGraphics2D 1 1 1575 7 10 9 9 9 10 9 9 9 9 9 9 9 9 7 9 9 9 9 9 9 9 9 9 100 9 10 10 9 10 10 9 9 10 10 10 10 7 10 9 10 100 9 9 10 7 9 9 100 10 7 9 10 9 10 10 9 9 9 9 10 10 9 10 10 10 10 9 10 9 10 10 10 10 10 10 10 10 10 9 9 9 9 9 9 9 10 100 8 10 10 7 10 7 10 10 100 10 10 10 10 10 10 10 10 11 10 10 100 10 100 10 10 10 10 10 9 10 10 10 10 10 10 9 9 10 9 10 10 10 9 9 9 10 10 10 6 0 9 9 9 10 9 9 10 7 10 10 10 9 9 9 10 9 10 9 10 9 10 10 11 10 10 10 11 10 10 7 10 9 11 100 9 9 9 10 9 7 9 100 8 10 10 9 9 7 10 10 7 100 100 100 10 9 10 9 10 10 6 0 9 6 0 8 7 10 10 100 10 10 8 10 10 7 9 7 10 10 9 10 10 10 10 10 9 9 9 11 11 11 11 9 9 9 9 9 9 7 11 10 10 10 10 10 10 10 10 9 9 10 10 10 10 10 10 10 3 9 10 9 9 10 10 9 10 10 10 100 8 10 10 10 10 10 10 11 11 10 10 10 10 10 10 10 10 10 10 10 100 100 10 10 10 10 10 10 10 10 10 10 9 10 8 10 10 10 10 100 8 10 9 10 10 10 9 10 10 10 100 11 11 11 11 11 11 11 11 11 11 11 11 10 9 10 10 9 10 10 10 11 11 11 11 11 11 10 10 10 10 10 100 10 10 10 10 11 10 10 10 10 10 10 10 10 10 10 10 10 10 11 10 10 10 11 11 11 11 10 11 10 100 10 100 10 11 10 8 10 10 100 10 10 11 8 11 11 10 8 11 8 100 8 10 100 10 11 8 10 10 7 10 10 10 10 11 10 11 100 10 10 11 10 10 11 10 11 10 10 11 11 7 10 10 10 7 8 10 10 8 10 7 10 7 10 10 7 100 100 100 1 1 1 3 1 3 1 3 1 3 1 3 1 3 1 3 1 1 1 1 1 1 1 1 1 1 1 1 1 1 1 1 1 1 1 1 1 1 1 1 1 1 1 1 1 1 1 1 1 1 1 1 1 1 1 1 1 1 1 1 1 1 1 1 1 1 1 1 1 1 1 1 1 1 1 1 1 1 1 1 1 1 1 1 1 1 1 1 1 1 1 1 1 1 1 1 1 1 1 1 1 1 1 1 1 1 3 1 1 1 1 1 1 3 1 3 1 1 1 1 1 3 1 1 1 1 1 3 1 1 1 1 1 1 1 1 1 100 100 100 100 1 1 100 1 1 1 1 100 1 1 1 1 1 1 1 1 1 1 100 100 1 1 1 100 1 1 1 1 1 1 100 100 100 1 1 1 1 1 1 1 1 1 1 1 100 1 1 1 1 1 1 1 1 1 1 100 100 100 1 1 100 1 1 100 1 1 1 1 1 1 100 100 100 1 1 1 1 100 1 1 1 1 1 1 1 100 1 1 1 1 1 1 1 1 1 1 1 1 1 1 1 1 1 1 1 1 1 1 1 1 1 1 1 1 1 1 1 1 100 1 100 100 100 100 1 1 100 1 1 1 1 1 1 1 1 1 1 1 1 1 1 1 100 100 100 1 1 1 1 1 1 1 1 1 1 1 1 1 1 1 1 1 1 1 1 1 1 1 100 100 1 1 100 100 1 1 1 1 100 1 1 100 100 1 1 1 1 100 1 1 1 1 1 100 1 1 100 1 1 100 1 1 1 1 100 100 1 1 1 1 1 1 1 1 1 1 1 1 100 100 1 1 1 1 1 1 1 1 1 1 1 12 12 12 12 12 12 12 12 12 12 7 12 12 1 12 12 12 12 12 12 12 12 12 1 12 12 7 12 12 12 12 12 12 12 12 12 7 12 1 12 12 1 12 12 1 12 12 1 1 12 7 12 12 12 12 12 12 12 12 12 12 12 12 12 12 12 12 12 12 12 12 12 12 12 12 12 12 12 12 12 12 12 12 12 12 12 1 1 12 12 1 12 1 12 12 1 1 12 7 12 12 12 12 12 12 7 12 12 12 1 12 1 12 12 12 12 12 12 12 12 12 12 12 12 12 12 12 12 12 12 12 12 12 12 12 12 12 7 12 12 12 12 1 1 12 7 12 12 12 12 12 12 12 12 12 12 12 7 12 100 12 12 12 12 12 12 1 12 12 7 12 1 12 12 12 12 1 12 1 1 12 12 12 1 12 12 1 1 1 1 12 12 12 12 12 12 12 1 1 12 12 1 12 1 12 12 1 12 1 12 12 12 12 12 12 12 12 12 12 100 12 100 12 100 12 12 12 12 12 12 12 12 1 12 12 12 12 12 12 12 12 12 12 12 12 12 12 12 12 12 12 12 12 12 12 12 12 12 12 1 1 12 12 12 12 12 12 100 12 100 12 12 12 12 12 12 12 12 12 1 1 1 12 12 12 12 12 12 12 12 12 12 12 12 1 12 12 12 12 1 1 12 12 12 100 12 12 12 12 12 1 7 12 12 7 12 12 12 12 12 12 12 12 12 12 12 7 12 12 12 12 12 12 12 7 12 12 100 12 12 12 12 12 12 12 12 12 1 12 12 12 12 12 100 12 12 12 12 12 12 100 12 12 12 12 12 12 12 12 12 12 1 12 1 100 12 12 1 12 12 1 12 12 7 12 1 100 12 12 12 1 12 1 1 1 1 12 12 1 12 7 12 1 7 12 12 12 100 12 7 12 12 12 1 12 12 12 12 12 12 12 12 12 12 12 12 1 12 12 1 1 12 7 12 1 12 1 7 12 12 1 1 1 1 1 1 1 1 1 1 1 1 1 1 1 1 1 1 1 1 1 1 1 1 1 1 1 1 1 1 1 1 1 1 1 1 1 1 1 1 1 1 1 1 1 1 1 1 1 1 1 1 1 1 1 1 1 1 1 1 1 1 1 1 1 1 1 1 1 1 1 1 1 1 1 1 1 1 1 1 1 1 1 1 1 1 1 1 1 1 1 1 1 1 1 1 1 1 1 1 1 1 1 1 1 1 1 1 1 1 1 1 1 1 1 1 1 1 1 1 1 1 1 1 1 1 1 1 1 1 1 1 1 1 1 1 1 1 1 1 1 1 1 1 1 1 1 1 1 1 1 1 1 1 1 1 1 1 1 1 1 1 1 1 1 1 1 1 1 1 1 1 1 1 1 1 1 1 1 1 1 1 1 1 1 1 1 1 1 1 1 1 1 1 1 1 1 1 1 1 1 1 1 1 1 1 1 1 1 1 1 1 1 1 1 1 1 1 1 1 1 1 1 1 1 1 1 1 1 1 1 1 1 1 1 1 1 1 1 1 1 1 1 1 1 1 1 1 1 1 1 1 1 1 1 1 1 1 1 1 1 1 1 1 1 1 1 1 1 1 1 1 1 1 1 1 1 1 1 1 1 1 1 1 1 1 1 1 1 1 1 1 1 1 1 1 1 1 1 1 1 1 1 1 1 1 1 1 1 1 1 1 1
staticfield sun/java2d/SunGraphics2D defaultStroke Ljava/awt/Stroke; java/awt/BasicStroke
staticfield sun/java2d/SunGraphics2D defaultComposite Ljava/awt/Composite; java/awt/AlphaComposite
staticfield sun/java2d/SunGraphics2D defaultFont Ljava/awt/Font; java/awt/Font
staticfield sun/java2d/SunGraphics2D IDENT_MATRIX [D 4
staticfield sun/java2d/SunGraphics2D IDENT_ATX Ljava/awt/geom/AffineTransform; java/awt/geom/AffineTransform
staticfield sun/java2d/SunGraphics2D MinPenSizeAA D 4602678819172646912
staticfield sun/java2d/SunGraphics2D MinPenSizeAASquared D 4598175219545276416
ciInstanceKlass java/awt/Composite 1 0 9 100 100 1 1 1 1 1 1
ciInstanceKlass java/awt/AlphaComposite 1 1 134 7 10 10 100 8 10 9 9 8 9 9 9 9 9 9 9 9 9 9 9 9 10 100 10 10 10 10 7 100 1 1 1 3 1 3 1 3 1 3 1 3 1 3 1 3 1 3 1 3 1 3 1 3 1 3 1 1 1 1 1 1 1 1 1 1 1 1 1 1 1 1 1 1 1 1 1 1 1 1 100 1 1 1 1 1 1 1 1 1 1 1 1 1 1 1 1 1 1 1 12 12 1 1 12 12 12 1 12 12 12 12 12 12 12 12 12 12 12 12 12 1 12 12 100 12 12 1 1 1 1 1 1 1
staticfield java/awt/AlphaComposite Clear Ljava/awt/AlphaComposite; java/awt/AlphaComposite
staticfield java/awt/AlphaComposite Src Ljava/awt/AlphaComposite; java/awt/AlphaComposite
staticfield java/awt/AlphaComposite Dst Ljava/awt/AlphaComposite; java/awt/AlphaComposite
staticfield java/awt/AlphaComposite SrcOver Ljava/awt/AlphaComposite; java/awt/AlphaComposite
staticfield java/awt/AlphaComposite DstOver Ljava/awt/AlphaComposite; java/awt/AlphaComposite
staticfield java/awt/AlphaComposite SrcIn Ljava/awt/AlphaComposite; java/awt/AlphaComposite
staticfield java/awt/AlphaComposite DstIn Ljava/awt/AlphaComposite; java/awt/AlphaComposite
staticfield java/awt/AlphaComposite SrcOut Ljava/awt/AlphaComposite; java/awt/AlphaComposite
staticfield java/awt/AlphaComposite DstOut Ljava/awt/AlphaComposite; java/awt/AlphaComposite
staticfield java/awt/AlphaComposite SrcAtop Ljava/awt/AlphaComposite; java/awt/AlphaComposite
staticfield java/awt/AlphaComposite DstAtop Ljava/awt/AlphaComposite; java/awt/AlphaComposite
staticfield java/awt/AlphaComposite Xor Ljava/awt/AlphaComposite; java/awt/AlphaComposite
ciInstanceKlass sun/java2d/pipe/ValidatePipe 1 1 132 10 10 10 9 11 11 9 11 11 11 11 11 11 11 11 11 11 9 11 11 9 11 11 11 9 11 11 11 11 11 11 7 7 7 7 7 7 7 1 1 1 1 1 1 1 1 1 1 1 1 1 1 1 1 1 1 1 1 1 1 1 1 1 1 1 1 1 1 1 1 1 1 1 1 1 1 1 1 1 1 12 7 12 12 12 12 12 12 12 12 12 12 12 12 12 12 12 12 12 12 12 12 12 12 12 12 12 12 12 12 12 12 1 1 1 1 1 1 1 1 1 1 1 1 1 1 1 1 1 1 1
ciInstanceKlass com/altera/sopceditor/widgets/HierarchyWidget 1 1 447 9 9 10 9 10 10 7 8 10 10 9 9 7 7 7 8 7 8 100 8 10 10 9 9 9 9 9 9 9 7 9 10 9 9 10 7 9 10 10 10 10 7 8 10 9 9 9 8 10 10 8 10 8 8 9 10 10 8 10 11 10 10 10 7 10 10 7 10 8 10 10 10 10 10 10 10 10 10 10 10 10 7 10 10 8 10 10 10 10 10 7 10 10 10 11 7 10 7 11 11 10 9 7 10 10 11 11 11 10 8 10 7 10 10 11 11 11 7 10 7 100 100 1 1 1 1 1 1 1 1 1 1 1 1 1 1 1 1 1 1 1 1 1 1 1 1 1 1 1 1 1 1 1 1 1 1 1 1 1 1 1 1 1 1 1 1 1 1 1 1 1 1 100 100 100 1 1 1 1 1 1 1 1 1 1 1 1 1 1 1 1 1 1 1 1 1 1 1 1 1 100 1 1 1 1 1 1 1 1 1 1 100 1 1 1 1 1 1 1 1 1 1 1 100 100 100 1 1 1 1 1 1 1 1 1 1 1 1 1 1 1 1 1 1 1 1 12 12 12 12 12 12 1 1 12 12 12 12 1 1 1 1 1 1 1 7 12 12 12 12 12 12 12 12 12 1 7 12 12 12 12 12 1 7 12 12 12 12 1 1 12 12 12 12 1 12 7 12 1 1 1 12 12 12 1 12 7 12 12 12 12 1 12 12 1 12 1 12 12 12 12 12 7 12 12 12 1 12 1 12 12 1 12 7 12 7 12 7 12 1 1 12 12 12 12 1 12 7 12 7 12 12 12 1 1 7 12 12 12 12 1 12 1 1 1 1 1 1 1 1 1 1 1 1 1 1 1 1 1 1 1 1 1 1 1 1 1 1 1 1 1 1 1 1 1 1 1 1 1 1 1 1 1 1 1 1 1 1 1 1 1 1 1 1 1 1 1 1 1 1 1 1 1 1 1 1 1 1 1 1 1 1 1 1 1 1 1 1 1 1 1 1 1 1 1 1
staticfield com/altera/sopceditor/widgets/HierarchyWidget BUTTON_DIMENSIONS Ljava/awt/Dimension; java/awt/Dimension
ciInstanceKlass java/lang/ArrayIndexOutOfBoundsException 0 0 38 10 100 10 8 10 10 10 10 100 100 1 1 1 5 0 1 1 1 1 1 1 1 1 12 1 1 12 12 12 12 1 1 1 1 1 1 1
instanceKlass sun/awt/windows/WPrintDialogPeer
instanceKlass sun/awt/windows/WFileDialogPeer
instanceKlass sun/awt/windows/WDialogPeer
instanceKlass sun/awt/windows/WFramePeer
ciInstanceKlass sun/awt/windows/WWindowPeer 1 1 832 9 9 9 9 10 10 7 11 10 10 7 10 10 9 10 10 10 10 7 10 10 10 10 10 10 8 10 10 10 9 9 9 9 9 9 9 9 10 9 10 10 9 10 10 10 10 10 10 10 10 10 10 9 10 10 10 10 10 10 10 7 10 10 10 10 10 10 10 10 10 9 9 10 10 9 10 10 10 9 7 10 11 10 10 11 9 10 8 100 10 10 100 10 11 100 10 10 10 10 10 7 10 10 10 10 9 9 10 10 11 10 10 10 10 10 10 10 10 10 10 7 7 10 7 10 10 10 10 10 10 11 10 10 9 9 100 10 8 10 10 10 10 9 10 10 10 10 10 7 8 10 10 11 18 10 10 10 10 10 10 11 10 10 100 10 10 10 10 10 10 10 10 7 10 100 8 10 10 4 10 10 10 10 10 10 10 10 10 10 8 10 7 10 10 7 8 9 10 10 8 10 10 10 10 10 10 8 10 8 7 8 10 7 10 7 10 10 7 100 100 100 1 1 1 1 1 1 1 1 1 1 1 1 1 1 1 1 1 1 1 1 7 1 1 1 1 1 1 1 1 1 1 1 1 1 1 1 100 100 100 100 1 1 1 1 1 1 1 1 1 1 1 1 1 1 1 1 1 100 100 100 1 1 1 1 1 1 1 1 100 1 1 1 1 1 1 1 1 1 1 1 1 1 1 7 1 1 100 1 1 1 100 1 100 1 1 1 1 1 1 1 1 100 1 100 100 1 1 1 1 1 1 1 1 1 1 100 100 1 1 100 100 1 1 1 1 1 1 1 1 1 1 1 1 1 1 1 1 1 100 100 1 1 100 1 1 1 1 1 1 1 100 1 1 1 100 1 1 1 1 1 1 1 1 1 1 1 1 1 1 1 1 1 12 12 12 12 12 12 1 12 12 7 12 1 12 12 12 100 12 12 12 12 1 12 12 12 12 12 12 1 12 12 12 12 12 12 12 12 12 12 12 12 12 12 12 12 12 12 12 12 12 100 12 12 12 12 12 12 12 12 12 12 12 7 12 1 12 12 12 12 12 12 12 12 12 100 12 12 12 12 12 12 12 12 12 1 12 100 12 12 100 12 12 7 12 7 12 1 1 100 12 12 1 7 12 100 12 1 100 12 12 12 100 12 12 1 12 12 12 12 100 12 12 12 12 12 12 12 12 12 7 12 12 12 7 12 1 1 12 1 12 12 12 12 12 12 12 12 12 1 12 1 12 12 12 12 12 7 12 12 12 12 1 1 12 12 7 12 1 15 16 15 12 12 12 12 12 12 12 100 12 100 12 12 1 12 12 12 12 100 12 12 12 1 12 1 1 12 100 12 12 12 12 12 12 12 12 12 1 12 1 12 1 1 12 12 7 12 1 12 12 12 12 12 1 12 1 1 1 1 12 1 12 1 1 1 1 1 1 1 1 1 100 1 1 1 1 1 1 1 1 1 1 1 1 1 1 1 1 1 1 1 1 1 1 1 1 1 1 1 1 1 1 1 1 1 1 1 1 1 1 1 1 1 1 1 1 1 1 1 1 1 1 1 1 1 1 1 1 1 1 1 1 1 1 1 1 1 1 1 1 1 1 1 1 1 1 1 1 1 1 1 1 1 1 1 1 1 1 1 1 1 1 1 1 1 1 1 1 1 1 1 1 1 1 1 1 1 1 1 1 1 1 1 1 1 1 1 1 1 1 1 1 1 1 1 1 1 1 1 1 1 1 1 1 1 1 1 1 1 1 1 1 1 10 1 1 1 1 1 1 1 1 1 1 1 1 1 1 1 1 1 1 1 1 1 1 1 1 1 1 1 1 1 1 1 1 1 1 1 1 1 1 1 1 1 1 1 1 1 100 12 1 1 100 1 1 100 1 1
staticfield sun/awt/windows/WWindowPeer log Lsun/util/logging/PlatformLogger; sun/util/logging/PlatformLogger
staticfield sun/awt/windows/WWindowPeer screenLog Lsun/util/logging/PlatformLogger; sun/util/logging/PlatformLogger
staticfield sun/awt/windows/WWindowPeer ACTIVE_WINDOWS_KEY Ljava/lang/StringBuffer; java/lang/StringBuffer
staticfield sun/awt/windows/WWindowPeer guiDisposedListener Ljava/beans/PropertyChangeListener; sun/awt/windows/WWindowPeer$GuiDisposedListener
ciInstanceKlass sun/awt/windows/WFramePeer 1 1 288 10 9 7 11 11 10 10 100 10 9 9 9 9 10 10 10 10 10 10 10 11 10 10 10 10 100 10 10 10 10 10 9 10 10 100 9 10 10 100 8 10 10 10 9 10 10 10 10 10 10 10 10 10 10 10 10 10 10 100 10 100 10 10 10 10 8 7 8 10 10 10 9 7 7 100 1 1 1 1 1 1 1 1 1 1 1 1 1 1 1 1 1 1 100 100 100 100 1 1 1 1 1 1 1 100 1 1 100 1 1 1 1 100 100 100 1 1 1 1 1 1 1 1 1 1 1 1 1 1 1 1 1 7 12 12 1 7 12 12 12 12 1 12 12 12 12 12 12 12 100 12 12 100 12 100 12 12 12 12 12 12 12 1 12 12 12 12 12 12 100 12 1 12 100 12 12 1 1 12 12 12 12 12 12 7 12 12 12 12 12 12 12 12 12 12 12 12 1 12 1 12 12 12 1 1 1 7 12 7 12 12 1 1 1 1 1 1 1 1 1 1 1 1 1 1 1 1 1 1 1 1 1 1 1 1 1 1 1 1 1 1 1 1 1 1 1 1 1 1 1 1 1 1 1 1 1 1 1 1 1 1 1 1 1 1 1 1 1 1 1 1 1 1 1 1 1 1 1 1 1 1 1 1 1 1 1 1
staticfield sun/awt/windows/WFramePeer keepOnMinimize Z 0
ciInstanceKlass bibliothek/gui/dock/StackDockStation$Background 1 1 226 9 10 7 9 10 9 10 10 10 7 10 10 10 7 10 10 10 10 10 10 11 10 10 11 11 100 10 10 10 9 9 10 10 10 100 10 10 10 10 11 11 100 10 11 10 10 10 10 10 10 7 7 1 1 1 1 1 1 1 1 1 1 1 1 1 1 1 1 1 1 1 1 1 1 1 1 1 1 1 1 1 1 1 1 1 1 12 12 1 1 7 12 12 12 7 12 7 12 12 1 12 12 12 1 12 12 12 12 100 12 100 12 100 12 12 100 12 12 1 12 12 12 12 100 12 12 100 12 1 12 12 12 12 12 12 1 12 100 12 100 12 100 12 12 1 1 1 1 1 1 1 1 1 100 1 1 1 1 1 1 1 1 1 1 1 1 1 1 1 1 1 1 1 1 1 1 1 100 1 1 1 1 1 1 1 1 1 1 1 1 1 1 1 1 1 1 1 1 1 1 1 1 1 1 1 1 1 1 1 1 1 1 1 1 1 1 1 1 1 1 1 1 1 1 1
ciInstanceKlass bibliothek/gui/dock/station/OverpaintablePanel$Overlay 1 1 63 9 10 10 10 10 10 10 100 10 7 7 1 1 1 1 1 1 1 1 1 1 1 1 1 1 1 1 1 1 1 1 1 1 1 1 1 12 12 12 12 7 12 12 7 12 1 12 1 1 1 1 1 1 1 1 1 1 1 1 1 1 1
ciInstanceKlass bibliothek/gui/dock/SplitDockStation$Content 1 1 97 9 9 10 10 10 10 10 11 9 9 10 9 10 9 10 10 9 10 7 7 1 1 1 1 1 1 1 1 1 1 1 1 1 1 1 1 1 1 1 1 1 12 7 12 12 7 12 12 12 100 12 100 12 100 12 12 12 12 12 12 100 12 12 12 12 1 1 1 1 1 1 1 1 1 1 1 1 1 1 1 1 1 1 1 1 1 1 1 1 1 1 1 1 1 1 1
ciInstanceKlass bibliothek/gui/dock/common/intern/station/CSplitDockStation 1 1 123 10 10 9 10 7 10 11 8 10 11 11 10 10 10 11 10 11 10 10 10 10 10 7 7 100 100 1 1 1 1 1 1 1 1 1 1 1 1 1 1 1 1 1 1 1 1 1 1 1 1 1 1 1 1 1 1 1 1 1 1 1 1 1 1 1 1 1 1 1 1 1 1 1 1 1 1 1 12 12 12 12 1 1 1 12 7 12 1 12 7 12 12 12 12 12 100 12 12 12 12 12 12 12 1 1 1 1 1 1 1 1 1 1 1 1 1 1 1 1 1 1 1
instanceKlass sun/java2d/d3d/D3DSurfaceData$D3DWindowSurfaceData
ciInstanceKlass sun/java2d/d3d/D3DSurfaceData 1 1 682 100 100 10 10 10 10 10 10 9 9 9 9 9 9 9 9 9 10 10 100 10 10 10 10 10 7 10 10 10 10 9 100 10 10 10 9 7 9 9 9 10 10 10 7 10 10 100 10 7 100 10 9 9 9 10 10 10 10 10 10 10 9 7 10 10 10 7 10 10 9 8 10 10 10 10 100 10 100 100 10 10 100 10 10 3 9 9 9 10 10 100 10 10 9 9 10 9 7 10 9 9 9 100 9 9 10 3 9 9 9 7 9 9 6 0 6 0 10 9 9 9 9 10 9 9 10 10 10 10 10 10 10 10 10 10 100 100 10 10 9 9 7 10 9 9 10 10 10 10 10 10 10 10 10 9 8 9 10 8 10 8 7 10 7 10 7 10 10 10 10 10 6 0 10 10 10 7 1 1 1 1 1 1 1 3 1 3 1 3 1 3 1 3 1 3 1 3 1 3 1 3 1 3 1 3 1 1 1 1 1 1 1 1 1 1 1 1 1 1 1 1 1 1 1 1 1 1 1 1 7 1 1 1 1 1 1 1 1 1 1 1 1 1 1 1 1 1 1 1 1 1 1 1 1 1 1 1 1 100 100 100 100 100 100 1 1 1 1 100 100 100 1 1 100 1 1 1 1 1 1 100 100 100 100 1 1 1 1 1 1 1 1 1 1 100 1 1 1 1 1 100 100 100 100 1 1 1 1 1 1 1 1 1 1 1 1 1 1 1 1 1 1 1 1 100 1 1 1 1 1 1 1 1 1 1 1 1 1 1 1 1 1 1 1 1 100 1 1 12 12 12 12 12 12 12 12 12 12 12 12 12 12 12 7 12 12 1 12 12 12 12 12 1 7 12 12 7 12 12 12 1 12 12 100 12 100 12 1 12 12 12 12 1 12 7 12 1 12 1 1 12 12 12 12 12 12 12 12 12 12 12 1 12 7 12 12 1 12 12 12 1 12 12 12 1 12 1 1 12 12 1 12 100 12 7 12 12 12 7 12 1 12 12 12 12 12 12 1 12 12 12 12 1 12 12 7 12 12 100 12 12 1 12 12 12 12 12 12 12 12 12 12 12 12 12 7 12 12 12 12 12 12 12 1 1 12 100 12 12 12 1 12 12 12 12 12 100 12 12 100 12 12 7 12 1 7 12 12 1 12 1 1 12 1 12 1 7 12 12 12 12 7 12 7 7 1 1 1 1 1 1 1 1 1 1 1 1 1 1 1 1 1 1 1 1 1 1 1 1 1 1 1 1 1 1 1 1 1 1 1 1 1 1 1 1 1 1 1 1 1 1 1 1 1 1 1 1 1 1 1 1 1 1 1 1 1 1 1 1 1 1 1 1 1 1 1 1 1 1 1 1 1 1 1 1 1 1 1 1 1 1 1 1 1 1 1 1 1 1 1 1 1 1 1 1 1 1 1 1 1 1 1 1 1 1 1 1 1 1 1 1 1 1 1 1 1 1 1 1 1 1 1 1 1 1 1 1 1 1 1 100 1 1 1 1 1 1 1 1 1 1 1 1 1 1 1 1 1 1 1 1
staticfield sun/java2d/d3d/D3DSurfaceData D3DSurface Lsun/java2d/loops/SurfaceType; sun/java2d/loops/SurfaceType
staticfield sun/java2d/d3d/D3DSurfaceData D3DSurfaceRTT Lsun/java2d/loops/SurfaceType; sun/java2d/loops/SurfaceType
staticfield sun/java2d/d3d/D3DSurfaceData D3DTexture Lsun/java2d/loops/SurfaceType; sun/java2d/loops/SurfaceType
ciInstanceKlass sun/java2d/StateTracker 1 1 29 7 10 9 7 10 9 7 100 1 1 1 1 1 1 1 1 1 1 1 1 1 12 12 1 12 1 1 1
staticfield sun/java2d/StateTracker ALWAYS_CURRENT Lsun/java2d/StateTracker; sun/java2d/StateTracker$1
staticfield sun/java2d/StateTracker NEVER_CURRENT Lsun/java2d/StateTracker; sun/java2d/StateTracker$2
ciInstanceKlass java/awt/peer/LightweightPeer 1 0 9 100 100 100 1 1 1 1 1
ciInstanceKlass sun/awt/NullComponentPeer 1 1 155 10 7 10 10 10 100 10 10 7 10 100 8 10 100 10 100 10 100 10 7 7 100 100 100 1 1 1 1 1 1 1 1 1 1 1 1 1 1 1 1 1 1 1 1 1 1 1 1 1 1 1 1 1 1 1 1 1 1 1 1 1 1 1 1 1 1 1 1 1 1 1 1 1 1 100 1 1 1 1 1 1 1 1 1 1 1 1 1 1 1 1 1 1 1 1 1 1 1 1 1 1 1 1 1 1 1 100 1 1 1 1 1 1 1 1 1 1 1 1 1 1 1 1 1 1 1 12 1 12 12 12 1 12 1 12 1 1 12 1 1 1 1 1 1 1 1 100 1 100 1 1 1 1 1
ciInstanceKlass sun/awt/windows/WDialogPeer 1 1 185 10 10 10 10 10 10 9 7 9 9 10 10 10 10 10 10 10 9 10 10 10 10 11 11 11 7 10 11 7 10 10 10 100 10 10 10 10 10 100 10 9 7 100 1 1 1 1 1 1 1 1 1 100 100 100 100 1 1 1 1 1 1 1 1 1 1 1 100 1 1 1 1 1 1 1 1 1 1 1 1 1 1 1 12 7 12 12 12 12 12 12 1 12 12 12 12 12 12 12 12 12 7 12 12 12 12 12 7 12 7 12 12 1 7 12 7 12 1 12 12 12 1 12 12 12 12 12 1 12 7 12 1 1 1 1 1 1 1 1 1 1 1 1 1 1 1 1 1 1 1 1 1 1 1 1 1 1 1 1 1 1 1 1 1 1 1 1 1 1 1 1 1 1 1 1 1 1 1 1 1 1 1 1 1
staticfield sun/awt/windows/WDialogPeer defaultBackground Ljava/awt/Color; java/awt/SystemColor
ciInstanceKlass bibliothek/extension/gui/dock/theme/eclipse/displayer/NoTitleBarDisplayer 1 1 293 10 10 10 7 8 10 9 8 9 10 10 9 10 9 9 9 10 10 7 10 9 7 9 10 9 10 10 10 10 10 10 10 7 10 10 9 10 11 100 100 10 8 10 10 10 10 9 10 100 10 9 11 11 10 9 10 100 10 10 10 10 10 10 10 10 10 10 10 7 7 100 100 100 1 1 1 1 1 1 1 1 1 1 1 1 1 1 1 1 1 7 1 1 1 1 1 1 1 1 1 1 1 1 1 1 1 1 1 1 1 1 1 1 1 1 1 1 1 1 1 1 1 1 1 1 1 1 1 1 1 1 1 1 1 1 1 1 1 1 1 1 1 1 1 12 12 12 1 1 12 12 1 12 12 12 7 12 12 12 12 12 12 12 1 1 12 12 1 7 12 12 12 12 12 12 12 7 12 12 7 12 1 12 12 12 12 12 1 1 12 1 12 12 12 12 12 12 1 12 12 7 12 12 7 12 100 12 100 12 1 12 12 12 7 12 12 12 12 1 1 1 1 1 100 1 1 1 1 1 1 1 1 1 1 1 1 1 1 1 1 1 1 1 1 1 1 1 1 1 1 1 1 1 1 1 1 1 1 1 1 1 1 1 1 1 1 1 1 1 1 1 1 1 1 1 1 1 1 1 1 1 1 1 1 1 1 1 1 1 1 1 1
ciInstanceKlass sun/java2d/d3d/D3DVolatileSurfaceManager 1 1 218 100 100 10 10 10 10 7 100 10 9 9 10 10 100 9 100 10 10 7 10 10 10 10 10 100 100 100 9 100 10 8 10 10 10 10 10 9 8 10 10 7 100 10 100 10 7 10 10 10 100 10 10 10 10 10 7 1 1 1 1 1 1 1 1 1 100 100 100 100 1 1 1 1 1 1 100 100 100 100 100 100 100 100 1 1 1 1 1 1 100 1 1 1 100 100 100 1 1 1 1 100 1 1 1 12 7 12 12 7 12 1 1 12 12 12 12 100 12 1 12 1 12 12 1 12 12 12 12 12 1 1 1 12 1 12 1 12 12 12 12 12 12 1 12 12 1 1 12 1 100 12 1 12 12 12 1 12 100 12 12 12 12 1 1 1 1 1 1 1 1 1 1 1 1 1 1 1 1 1 1 1 1 1 1 1 1 1 1 1 1 1 1 1 1 1 1 1 1 1 1 1 1 1 1 1 1 1 1 1 1 1 1 1 1 1 1 1
ciInstanceKlass sun/swing/FilePane$4 1 1 81 9 9 10 10 11 100 10 9 11 100 10 10 10 7 7 1 1 1 1 1 1 1 1 1 100 1 1 1 1 100 100 100 100 1 1 1 1 1 100 12 12 12 12 12 100 12 1 12 12 1 100 12 100 12 12 1 1 100 1 1 1 1 1 1 1 1 1 1 1 1 1 1 1 1 1 1 1 1 1 1
ciInstanceKlass com/sun/java/swing/plaf/windows/WindowsFileChooserUI$9 1 1 45 9 10 10 10 9 10 7 7 1 1 1 1 1 1 1 1 1 100 1 1 1 7 12 12 12 12 12 7 12 12 1 1 1 1 1 1 1 1 1 1 1 1 1 1
ciMethod java/lang/Object <init> ()V 4097 1 7804711 0 0
ciMethod java/lang/Object getClass ()Ljava/lang/Class; 3073 1 384 0 -1
ciMethod java/lang/System arraycopy (Ljava/lang/Object;ILjava/lang/Object;II)V 26625 1 3328 0 -1
ciMethod java/lang/Thread currentThread ()Ljava/lang/Thread; 2049 1 256 0 -1
ciMethod java/util/Map get (Ljava/lang/Object;)Ljava/lang/Object; 0 0 1 0 -1
ciMethod java/util/Map put (Ljava/lang/Object;Ljava/lang/Object;)Ljava/lang/Object; 0 0 1 0 -1
ciMethod java/lang/StringBuilder <init> ()V 4097 1 1247924 0 -1
ciMethod java/lang/StringBuilder append (Ljava/lang/String;)Ljava/lang/StringBuilder; 4097 1 3161798 0 -1
ciMethod java/lang/StringBuilder append (I)Ljava/lang/StringBuilder; 1 1 43191 0 -1
ciMethod java/lang/StringBuilder toString ()Ljava/lang/String; 4097 1 1236727 0 -1
ciMethod java/security/AccessController doPrivileged (Ljava/security/PrivilegedAction;)Ljava/lang/Object; 2049 1 256 0 -1
ciMethod java/util/List size ()I 0 0 1 0 -1
ciMethod java/util/List toArray ([Ljava/lang/Object;)[Ljava/lang/Object; 0 0 1 0 -1
ciMethod java/util/List add (Ljava/lang/Object;)Z 0 0 1 0 -1
ciMethod java/util/List get (I)Ljava/lang/Object; 0 0 1 0 -1
ciMethod java/util/List remove (I)Ljava/lang/Object; 0 0 1 0 -1
ciMethod java/util/AbstractList <init> ()V 2049 1 958258 0 32
ciMethod java/util/AbstractCollection <init> ()V 2441 1 1065797 0 0
ciMethod java/util/ArrayList <init> (I)V 2185 1 6524 0 288
ciMethod java/util/ArrayList calculateCapacity ([Ljava/lang/Object;I)I 2049 1 927889 0 0
ciMethod java/util/ArrayList ensureCapacityInternal (I)V 2049 1 927878 0 544
ciMethod java/util/ArrayList ensureExplicitCapacity (I)V 2049 1 923358 0 512
ciMethod java/util/ArrayList grow (I)V 161 1 8049 0 512
ciMethod java/util/ArrayList hugeCapacity (I)I 0 0 1 0 -1
ciMethod java/util/ArrayList size ()I 1041 1 130 0 0
ciMethod java/util/ArrayList toArray ([Ljava/lang/Object;)[Ljava/lang/Object; 545 1 5426 0 1152
ciMethod java/util/ArrayList elementData (I)Ljava/lang/Object; 2633 1 302606 0 96
ciMethod java/util/ArrayList get (I)Ljava/lang/Object; 2633 1 296468 0 128
ciMethod java/util/ArrayList add (Ljava/lang/Object;)Z 2049 1 917269 0 704
ciMethod java/util/ArrayList remove (I)Ljava/lang/Object; 4097 1 5649 0 352
ciMethod java/util/ArrayList rangeCheck (I)V 2633 1 303213 0 64
ciMethod java/lang/Math max (II)I 2057 1 1014391 0 -1
ciMethod java/lang/Math min (II)I 4097 1 584021 0 -1
ciMethod java/util/Arrays copyOf ([Ljava/lang/Object;I)[Ljava/lang/Object; 2057 1 69142 0 352
ciMethod java/util/Arrays copyOf ([Ljava/lang/Object;ILjava/lang/Class;)[Ljava/lang/Object; 3153 1 5608 0 -1
ciMethod java/lang/ThreadLocal get ()Ljava/lang/Object; 2073 1 11548 0 -1
ciMethod java/util/concurrent/atomic/AtomicInteger get ()I 1817 1 227 0 0
ciMethodData java/lang/Object <init> ()V 2 7804711 orig 264 64 112 93 8 0 0 0 0 128 4 219 199 51 2 0 0 32 1 0 0 0 0 0 0 0 0 0 0 0 0 0 0 0 0 0 0 0 0 0 0 0 0 0 0 0 0 0 0 0 0 0 0 0 0 0 0 0 0 0 0 0 0 0 0 0 0 0 0 0 0 0 0 0 0 0 0 0 0 0 0 77 68 79 32 101 120 116 114 97 32 100 97 116 97 32 108 111 99 107 0 0 0 0 0 0 0 0 0 0 0 0 0 0 0 0 0 0 0 0 0 0 0 0 0 0 0 0 0 0 0 0 0 0 0 0 0 0 0 0 0 0 0 0 0 0 0 0 0 0 0 0 0 0 0 0 0 0 0 0 0 0 0 0 0 0 0 0 0 0 0 0 0 0 0 0 0 0 0 0 0 0 0 0 0 1 0 0 0 0 0 0 0 1 0 0 0 0 0 0 0 1 0 0 0 0 0 0 0 0 0 0 0 0 0 0 0 0 2 0 0 57 169 184 3 1 0 0 0 0 0 0 0 0 0 0 0 2 0 0 0 0 0 3 0 1 0 0 0 0 0 0 0 255 255 255 255 0 0 0 0 0 0 0 0 data 0 oops 0
ciMethodData java/util/AbstractCollection <init> ()V 2 1065797 orig 264 64 112 93 8 0 0 0 0 64 136 231 199 51 2 0 0 48 1 0 0 0 0 0 0 0 0 0 0 0 0 0 0 0 0 0 0 0 0 0 0 0 0 0 0 0 0 0 0 0 0 0 0 0 0 0 0 0 0 0 0 0 0 0 0 0 0 0 0 0 0 0 0 0 0 0 0 0 0 0 0 77 68 79 32 101 120 116 114 97 32 100 97 116 97 32 108 111 99 107 0 0 0 0 0 0 0 0 0 0 0 0 0 0 0 0 0 0 0 0 0 0 0 0 0 0 0 0 0 0 0 0 0 0 0 0 0 0 0 0 0 0 0 0 0 0 0 0 0 0 0 0 0 0 0 0 0 0 0 0 0 0 0 0 0 0 0 0 0 0 0 0 0 0 0 0 0 0 0 0 0 0 0 0 0 1 0 0 0 0 0 0 0 0 0 0 0 0 0 0 0 1 0 0 0 0 0 0 0 0 0 0 0 0 0 0 0 49 1 0 0 161 16 130 0 1 0 0 0 0 0 0 0 0 0 0 0 2 0 0 0 0 0 3 0 2 0 0 0 16 0 0 0 255 255 255 255 2 0 1 0 0 0 0 0 data 2 0x10002 0x10420f oops 0
ciMethodData java/util/AbstractList <init> ()V 2 958258 orig 264 64 112 93 8 0 0 0 0 160 116 231 199 51 2 0 0 48 1 0 0 0 0 0 0 0 0 0 0 0 0 0 0 0 0 0 0 0 0 0 0 0 0 0 0 0 0 0 0 0 0 0 0 0 0 0 0 0 0 0 0 0 0 0 0 0 0 0 0 0 0 0 0 0 0 0 0 0 0 0 0 77 68 79 32 101 120 116 114 97 32 100 97 116 97 32 108 111 99 107 0 0 0 0 0 0 0 0 0 0 0 0 0 0 0 0 0 0 0 0 0 0 0 0 0 0 0 0 0 0 0 0 0 0 0 0 0 0 0 0 0 0 0 0 0 0 0 0 0 0 0 0 0 0 0 0 0 0 0 0 0 0 0 0 0 0 0 0 0 0 0 0 0 0 0 0 0 0 0 0 0 0 0 0 0 1 0 0 0 0 0 0 0 0 0 0 0 0 0 0 0 1 0 0 0 0 0 0 0 0 0 0 0 0 0 0 0 0 1 0 0 145 241 116 0 1 0 0 0 0 0 0 0 0 0 0 0 2 0 0 0 0 0 3 0 2 0 0 0 16 0 0 0 255 255 255 255 2 0 1 0 0 0 0 0 data 2 0x10002 0xe9e2e oops 0
ciMethodData java/util/ArrayList add (Ljava/lang/Object;)Z 2 917269 orig 264 64 112 93 8 0 0 0 0 64 26 232 199 51 2 0 0 144 1 0 0 0 0 0 0 0 0 0 0 0 0 0 0 0 0 0 0 0 0 0 0 0 0 0 0 0 0 0 0 0 0 0 0 0 0 0 0 0 0 0 0 0 0 0 0 0 0 0 0 0 0 0 0 0 0 0 0 0 0 0 0 77 68 79 32 101 120 116 114 97 32 100 97 116 97 32 108 111 99 107 0 0 0 0 0 0 0 0 0 0 0 0 0 0 0 0 0 0 0 0 0 0 0 0 0 0 0 0 0 0 0 0 0 0 0 0 0 0 0 0 0 0 0 0 0 0 0 0 0 0 0 0 0 0 0 0 0 0 0 0 0 0 0 0 0 0 0 0 0 0 0 0 0 0 0 0 0 0 0 0 0 0 0 0 0 17 0 0 0 0 0 0 0 0 0 0 0 0 0 0 0 1 0 0 0 0 0 0 0 0 0 0 0 0 0 0 0 0 1 0 0 169 240 111 0 1 0 0 0 0 0 0 0 0 0 0 0 2 0 0 0 0 0 15 0 2 0 0 0 64 0 0 0 255 255 255 255 2 0 7 0 0 0 0 0 data 8 0x70002 0xdfe1a 0x1a0104 0x0 0x233cb34e680 0x3e 0x233dcf454e0 0xc oops 2 4 sun/misc/URLClassPath$JarLoader 6 java/io/FilePermission
ciMethodData java/util/ArrayList ensureCapacityInternal (I)V 2 927878 orig 264 64 112 93 8 0 0 0 0 184 15 232 199 51 2 0 0 112 1 0 0 0 0 0 0 0 0 0 0 0 0 0 0 0 0 0 0 0 0 0 0 0 0 0 0 0 0 0 0 0 0 0 0 0 0 0 0 0 0 0 0 0 0 0 0 0 0 0 0 0 0 0 0 0 0 0 0 0 0 0 0 77 68 79 32 101 120 116 114 97 32 100 97 116 97 32 108 111 99 107 0 0 0 0 0 0 0 0 0 0 0 0 0 0 0 0 0 0 0 0 0 0 0 0 0 0 0 0 0 0 0 0 0 0 0 0 0 0 0 0 0 0 0 0 0 0 0 0 0 0 0 0 0 0 0 0 0 0 0 0 0 0 0 0 0 0 0 0 0 0 0 0 0 0 0 0 0 0 0 0 0 0 0 0 0 17 0 0 0 0 0 0 0 0 0 0 0 0 0 0 0 1 0 0 0 0 0 0 0 0 0 0 0 0 0 0 0 0 1 0 0 49 60 113 0 1 0 0 0 0 0 0 0 0 0 0 0 2 0 0 0 0 0 14 0 2 0 0 0 32 0 0 0 255 255 255 255 2 0 6 0 0 0 0 0 data 4 0x60002 0xe2783 0x90002 0xe277c oops 0
ciMethodData java/util/ArrayList calculateCapacity ([Ljava/lang/Object;I)I 2 927889 orig 264 64 112 93 8 0 0 0 0 24 15 232 199 51 2 0 0 128 1 0 0 0 0 0 0 0 0 0 0 0 0 0 0 0 0 0 0 0 0 0 0 0 0 0 0 0 0 0 0 0 0 0 0 0 0 0 0 0 0 0 0 0 0 0 0 0 0 0 0 0 0 0 0 0 0 0 0 0 0 0 0 77 68 79 32 101 120 116 114 97 32 100 97 116 97 32 108 111 99 107 0 0 0 0 0 0 0 0 0 0 0 0 0 0 0 0 0 0 0 0 0 0 0 0 0 0 0 0 0 0 0 0 0 0 0 0 0 0 0 0 0 0 0 0 0 0 0 0 0 0 0 0 0 0 0 0 0 0 0 0 0 0 0 0 0 0 0 0 0 0 0 0 0 0 0 0 0 0 0 0 0 0 0 0 0 17 0 0 0 0 0 0 0 0 0 0 0 0 0 0 0 1 0 0 0 0 0 0 0 0 0 0 0 0 0 0 0 0 1 0 0 137 60 113 0 1 0 0 0 0 0 0 0 0 0 0 0 2 0 0 0 0 0 0 0 0 0 0 0 48 0 0 0 255 255 255 255 7 0 4 0 0 0 0 0 data 6 0x40007 0x72f65 0x30 0x6f842 0xa0002 0x6f842 oops 0
ciMethodData java/util/ArrayList ensureExplicitCapacity (I)V 2 923358 orig 264 64 112 93 8 0 0 0 0 104 16 232 199 51 2 0 0 88 1 0 0 0 0 0 0 0 0 0 0 0 0 0 0 0 0 0 0 0 0 0 0 0 0 0 0 0 0 0 0 0 0 0 0 0 0 0 0 0 0 0 0 0 0 0 0 0 0 0 0 0 0 0 0 0 0 0 0 0 0 0 0 77 68 79 32 101 120 116 114 97 32 100 97 116 97 32 108 111 99 107 0 0 0 0 0 0 0 0 0 0 0 0 0 0 0 0 0 0 0 0 0 0 0 0 0 0 0 0 0 0 0 0 0 0 0 0 0 0 0 0 0 0 0 0 0 0 0 0 0 0 0 0 0 0 0 0 0 0 0 0 0 0 0 0 0 0 0 0 0 0 0 0 0 0 0 0 0 0 0 0 0 0 0 0 0 17 0 0 0 0 0 0 0 0 0 0 0 0 0 0 0 1 0 0 0 0 0 0 0 0 0 0 0 0 0 0 0 0 1 0 0 241 174 112 0 1 0 0 0 0 0 0 0 0 0 0 0 2 0 0 0 0 0 0 0 0 0 0 0 48 0 0 0 255 255 255 255 7 0 17 0 0 0 0 0 data 6 0x110007 0x6b6ad 0x30 0x75f4f 0x160002 0x75f4f oops 0
ciMethodData java/util/ArrayList grow (I)V 2 8049 orig 264 64 112 93 8 0 0 0 0 48 17 232 199 51 2 0 0 176 1 0 0 64 0 0 0 0 0 0 0 0 0 0 0 0 0 0 0 0 0 0 0 0 0 0 0 0 0 0 0 0 0 0 0 0 0 0 0 0 0 0 0 0 0 0 0 0 0 0 0 0 0 0 0 0 0 0 0 0 0 0 0 77 68 79 32 101 120 116 114 97 32 100 97 116 97 32 108 111 99 107 0 0 0 0 0 0 0 0 0 0 0 0 0 0 0 0 0 0 0 0 0 0 0 0 0 0 0 0 0 0 0 0 0 0 0 0 0 0 0 0 0 0 0 0 0 0 0 0 0 0 0 0 0 0 0 0 0 0 0 0 0 0 0 0 0 0 0 0 0 0 0 0 0 0 0 0 0 0 0 0 0 0 0 0 0 17 0 0 0 0 0 0 0 0 0 0 0 0 0 0 0 1 0 0 0 0 0 0 0 0 0 0 0 0 0 0 0 20 0 0 0 233 250 0 0 1 0 0 0 0 0 0 0 0 0 0 0 2 0 0 0 0 0 15 0 2 0 0 0 96 0 0 0 255 255 255 255 7 0 15 0 0 0 0 0 data 12 0xf0007 0x5e 0x20 0x1eff 0x180007 0x1f5d 0x30 0x0 0x1c0002 0x0 0x260002 0x1f5d oops 0
ciMethodData java/util/ArrayList get (I)Ljava/lang/Object; 2 296468 orig 264 64 112 93 8 0 0 0 0 232 24 232 199 51 2 0 0 144 1 0 0 0 0 0 0 0 0 0 0 0 0 0 0 0 0 0 0 0 0 0 0 0 0 0 0 0 0 0 0 0 0 0 0 0 0 0 0 0 0 0 0 0 0 0 0 0 0 0 0 0 0 0 0 0 0 0 0 0 0 0 0 77 68 79 32 101 120 116 114 97 32 100 97 116 97 32 108 111 99 107 0 0 0 0 0 0 0 0 0 0 0 0 0 0 0 0 0 0 0 0 0 0 0 0 0 0 0 0 0 0 0 0 0 0 0 0 0 0 0 0 0 0 0 0 0 0 0 0 0 0 0 0 0 0 0 0 0 0 0 0 0 0 0 0 0 0 0 0 0 0 0 0 0 0 0 0 0 0 0 0 0 0 0 0 0 0 0 0 0 0 0 0 0 0 0 0 0 0 0 0 0 0 0 0 0 0 0 0 0 0 0 0 0 0 0 0 0 73 1 0 0 89 38 36 0 1 0 0 0 0 0 0 0 0 0 0 0 2 0 0 0 0 0 6 0 2 0 0 0 64 0 0 0 255 255 255 255 2 0 2 0 0 0 0 0 data 8 0x20002 0x484cb 0x70005 0x0 0x233dc7f7cb0 0x484c9 0x0 0x0 oops 1 4 java/util/ArrayList
ciMethodData java/util/ArrayList rangeCheck (I)V 2 303213 orig 264 64 112 93 8 0 0 0 0 200 33 232 199 51 2 0 0 104 1 0 0 0 0 0 0 0 0 0 0 0 0 0 0 0 0 0 0 0 0 0 0 0 0 0 0 0 0 0 0 0 0 0 0 0 0 0 0 0 0 0 0 0 0 0 0 0 0 0 0 0 0 0 0 0 0 0 0 0 0 0 0 77 68 79 32 101 120 116 114 97 32 100 97 116 97 32 108 111 99 107 0 0 0 0 0 0 0 0 0 0 0 0 0 0 0 0 0 0 0 0 0 0 0 0 0 0 0 0 0 0 0 0 0 0 0 0 0 0 0 0 0 0 0 0 0 0 0 0 0 0 0 0 0 0 0 0 0 0 0 0 0 0 0 0 0 0 0 0 0 0 0 0 0 0 0 0 0 0 0 0 0 0 0 0 0 25 0 0 0 0 0 0 0 0 0 0 0 0 0 0 0 1 0 0 0 0 0 0 0 0 0 0 0 0 0 0 0 73 1 0 0 33 249 36 0 1 0 0 0 0 0 0 0 0 0 0 0 2 0 0 0 0 0 5 0 2 0 0 0 64 0 0 0 255 255 255 255 7 0 5 0 0 0 0 0 data 8 0x50007 0x49f24 0x40 0x0 0xe0002 0x0 0x110002 0x0 oops 0
ciMethodData java/util/ArrayList elementData (I)Ljava/lang/Object; 2 302606 orig 264 64 112 93 8 0 0 0 0 72 24 232 199 51 2 0 0 40 1 0 0 0 0 0 0 0 0 0 0 0 0 0 0 0 0 0 0 0 0 0 0 0 0 0 0 0 0 0 0 0 0 0 0 0 0 0 0 0 0 0 0 0 0 0 0 0 0 0 0 0 0 0 0 0 0 0 0 0 0 0 0 77 68 79 32 101 120 116 114 97 32 100 97 116 97 32 108 111 99 107 0 0 0 0 0 0 0 0 0 0 0 0 0 0 0 0 0 0 0 0 0 0 0 0 0 0 0 0 0 0 0 0 0 0 0 0 0 0 0 0 0 0 0 0 0 0 0 0 0 0 0 0 0 0 0 0 0 0 0 0 0 0 0 0 0 0 0 0 0 0 0 0 0 0 0 0 0 0 0 0 0 0 0 0 0 1 0 0 0 0 0 0 0 0 0 0 0 0 0 0 0 1 0 0 0 0 0 0 0 0 0 0 0 0 0 0 0 73 1 0 0 41 230 36 0 1 0 0 0 0 0 0 0 0 0 0 0 2 0 0 0 0 0 0 0 0 0 0 0 0 0 0 0 255 255 255 255 0 0 0 0 0 0 0 0 data 0 oops 0
ciMethod java/awt/Component getParent ()Ljava/awt/Container; 2153 1 96888 0 -1
ciMethod java/awt/Component getPeer ()Ljava/awt/peer/ComponentPeer; 1025 1 128 0 0
ciMethod java/awt/Component getGraphicsConfiguration ()Ljava/awt/GraphicsConfiguration; 2049 1 18711 0 0
ciMethod java/awt/Component getGraphicsConfiguration_NoClientCode ()Ljava/awt/GraphicsConfiguration; 1049 1 131 0 0
ciMethod java/awt/Component isVisible ()Z 2049 1 20882 0 32
ciMethod java/awt/Component isVisible_NoClientCode ()Z 2017 1 252 0 0
ciMethod java/awt/Component getBackground ()Ljava/awt/Color; 2057 1 29948 0 -1
ciMethod java/awt/Component getFont ()Ljava/awt/Font; 2049 1 78010 0 -1
ciMethod java/awt/Component getX ()I 1033 1 129 0 0
ciMethod java/awt/Component getY ()I 1033 1 129 0 0
ciMethod java/awt/Component getWidth ()I 1041 1 130 0 0
ciMethod java/awt/Component getHeight ()I 1041 1 130 0 0
ciMethod java/awt/Component getBounds (Ljava/awt/Rectangle;)Ljava/awt/Rectangle; 2049 1 295 0 -1
ciMethod java/awt/Component isOpaque ()Z 0 0 1 0 -1
ciMethod java/awt/Component getGraphics ()Ljava/awt/Graphics; 2081 1 10506 0 2880
ciMethod java/awt/Container getComponent (I)Ljava/awt/Component; 3097 1 5571 0 256
ciMethod java/awt/Container getComponents ()[Ljava/awt/Component; 3073 1 10072 0 736
ciMethod java/awt/Container getComponents_NoClientCode ()[Ljava/awt/Component; 3073 1 10072 0 0
ciMethod java/awt/Window isOpaque ()Z 3081 1 30139 0 -1
ciMethod javax/swing/JComponent safelyGetGraphics (Ljava/awt/Component;Ljava/awt/Component;)Ljava/awt/Graphics; 1849 1 5586 0 0
ciMethod javax/swing/JComponent fetchRectangle ()Ljava/awt/Rectangle; 1705 1 5347 0 1056
ciMethod javax/swing/JComponent recycleRectangle (Ljava/awt/Rectangle;)V 1633 1 27309 0 1504
ciMethod javax/swing/JComponent paint (Ljava/awt/Graphics;)V 2169 1 10609 0 -1
ciMethod javax/swing/JComponent getGraphics ()Ljava/awt/Graphics; 2073 1 5393 0 96
ciMethod javax/swing/JComponent shouldDebugGraphics ()I 0 0 1 0 -1
ciMethod javax/swing/JComponent getBounds (Ljava/awt/Rectangle;)Ljava/awt/Rectangle; 2057 1 10510 0 288
ciMethod javax/swing/JComponent getX ()I 809 1 6782 0 32
ciMethod javax/swing/JComponent getY ()I 809 1 18701 0 32
ciMethod javax/swing/JComponent getWidth ()I 2065 1 101518 0 32
ciMethod javax/swing/JComponent getHeight ()I 2089 1 96034 0 32
ciMethod javax/swing/JComponent isOpaque ()Z 2049 1 13187 0 64
ciMethod javax/swing/JComponent isOptimizedDrawingEnabled ()Z 1065 1 133 0 -1
ciMethod javax/swing/JComponent isPaintingOrigin ()Z 1041 1 130 0 -1
ciMethod javax/swing/JComponent alwaysOnTop ()Z 1025 1 128 0 -1
ciMethod javax/swing/JComponent setPaintingChild (Ljava/awt/Component;)V 2049 1 43237 0 0
ciMethod javax/swing/JComponent _paintImmediately (IIII)V 1777 16433 5342 0 -1
ciMethod javax/swing/JComponent paintToOffscreen (Ljava/awt/Graphics;IIIIII)V 2057 1 5377 0 -1
ciMethod javax/swing/JComponent getObscuredState (IIIII)I 97 97 5499 0 0
ciMethod javax/swing/JComponent setFlag (IZ)V 2065 1 110631 0 96
ciMethod javax/swing/JComponent getFlag (I)Z 2089 1 214856 0 64
ciMethod javax/swing/JComponent isDoubleBuffered ()Z 201 1 56594 0 0
ciMethod java/awt/Graphics translate (II)V 0 0 1 0 -1
ciMethod java/awt/Graphics setFont (Ljava/awt/Font;)V 0 0 1 0 -1
ciMethod java/awt/Graphics setClip (IIII)V 0 0 1 0 -1
ciMethod java/awt/Graphics clearRect (IIII)V 0 0 1 0 -1
ciMethod java/awt/Graphics drawImage (Ljava/awt/Image;IILjava/awt/image/ImageObserver;)Z 0 0 1 0 -1
ciMethod java/awt/Graphics dispose ()V 0 0 1 0 -1
ciMethod java/awt/Graphics2D setComposite (Ljava/awt/Composite;)V 0 0 1 0 -1
ciMethod java/awt/Graphics2D getComposite ()Ljava/awt/Composite; 0 0 1 0 -1
ciMethod java/awt/Graphics2D setBackground (Ljava/awt/Color;)V 0 0 1 0 -1
ciMethod java/awt/Graphics2D getBackground ()Ljava/awt/Color; 0 0 1 0 -1
ciMethod java/awt/Image getWidth (Ljava/awt/image/ImageObserver;)I 0 0 1 0 -1
ciMethod java/awt/Image getHeight (Ljava/awt/image/ImageObserver;)I 0 0 1 0 -1
ciMethod java/awt/Image getGraphics ()Ljava/awt/Graphics; 0 0 1 0 -1
ciMethod java/awt/Image flush ()V 0 0 601 0 -1
ciMethod java/awt/image/BufferedImage getRaster ()Ljava/awt/image/WritableRaster; 1089 1 136 0 -1
ciMethod java/awt/Toolkit getDefaultToolkit ()Ljava/awt/Toolkit; 2225 1 97234 0 -1
ciMethod java/awt/GraphicsEnvironment getLocalGraphicsEnvironment ()Ljava/awt/GraphicsEnvironment; 73 1 8419 0 -1
ciMethod java/awt/GraphicsEnvironment getDefaultScreenDevice ()Ljava/awt/GraphicsDevice; 0 0 1 0 -1
ciMethod sun/awt/SunToolkit useBufferPerWindow ()Z 0 0 1 0 -1
ciMethod sun/awt/SunToolkit needUpdateWindow ()Z 0 0 1 0 -1
ciMethod sun/java2d/SurfaceData setSurfaceLost (Z)V 521 1 525 0 0
ciMethod sun/java2d/SurfaceData isSurfaceLost ()Z 1025 1 128 0 0
ciMethod sun/java2d/InvalidPipeException <init> (Ljava/lang/String;)V 0 0 5 0 -1
ciMethod sun/java2d/StateTrackableDelegate setUntrackable ()V 25 1 3 0 -1
ciMethod sun/java2d/StateTrackableDelegate markDirty ()V 3121 1 95287 0 0
ciMethod sun/awt/image/SunVolatileImage getWidth ()I 1025 1 128 0 0
ciMethod sun/awt/image/SunVolatileImage getHeight ()I 1025 1 128 0 0
ciMethod sun/awt/image/SunVolatileImage getGraphicsConfig ()Ljava/awt/GraphicsConfiguration; 1025 1 128 0 0
ciMethod sun/awt/image/SunVolatileImage getForcedAccelSurfaceType ()I 1033 1 129 0 0
ciMethod sun/awt/image/SunVolatileImage createGraphics ()Ljava/awt/Graphics2D; 2049 1 6031 0 -1
ciMethod sun/awt/image/SunVolatileImage getWidth (Ljava/awt/image/ImageObserver;)I 2057 1 5377 0 32
ciMethod sun/awt/image/SunVolatileImage getHeight (Ljava/awt/image/ImageObserver;)I 2057 1 5377 0 32
ciMethod sun/awt/image/SunVolatileImage getBackupImage ()Ljava/awt/image/BufferedImage; 9 1 1 0 -1
ciMethod sun/awt/image/SunVolatileImage validate (Ljava/awt/GraphicsConfiguration;)I 4097 1 5632 0 640
ciMethod sun/awt/image/SunVolatileImage contentsLost ()Z 2049 1 5376 0 64
ciMethod java/awt/image/VolatileImage getWidth ()I 0 0 1 0 -1
ciMethod java/awt/image/VolatileImage getHeight ()I 0 0 1 0 -1
ciMethod java/awt/image/VolatileImage validate (Ljava/awt/GraphicsConfiguration;)I 0 0 1 0 -1
ciMethod java/awt/image/VolatileImage contentsLost ()Z 0 0 1 0 -1
ciMethod sun/awt/image/SurfaceManager getManager (Ljava/awt/Image;)Lsun/awt/image/SurfaceManager; 3065 1 5505 0 -1
ciMethod sun/awt/image/SurfaceManager acceleratedSurfaceLost ()V 0 0 1 0 -1
ciMethod sun/awt/image/VolatileSurfaceManager isAccelerationEnabled ()Z 0 0 1 0 -1
ciMethod sun/awt/image/VolatileSurfaceManager validate (Ljava/awt/GraphicsConfiguration;)I 4089 1 5631 0 608
ciMethod sun/awt/image/VolatileSurfaceManager contentsLost ()Z 1025 1 128 0 0
ciMethod sun/awt/image/VolatileSurfaceManager initAcceleratedSurface ()Lsun/java2d/SurfaceData; 0 0 1 0 -1
ciMethod sun/awt/image/VolatileSurfaceManager getBackupSurface ()Lsun/java2d/SurfaceData; 0 0 2 0 0
ciMethod sun/awt/image/VolatileSurfaceManager initContents ()V 2049 1 1207 0 0
ciMethod sun/awt/image/VolatileSurfaceManager restoreAcceleratedSurface ()V 0 0 1 0 -1
ciMethod sun/awt/image/VolatileSurfaceManager isConfigValid (Ljava/awt/GraphicsConfiguration;)Z 0 0 1 0 -1
ciMethod java/awt/peer/ComponentPeer getGraphics ()Ljava/awt/Graphics; 0 0 1 0 -1
ciMethod sun/awt/AppContext getAppContext ()Lsun/awt/AppContext; 2073 1 5398 0 128
ciMethod sun/awt/AppContext get (Ljava/lang/Object;)Ljava/lang/Object; 2145 1 5397 0 2176
ciMethod sun/awt/AppContext put (Ljava/lang/Object;Ljava/lang/Object;)Ljava/lang/Object; 321 1 395 0 -1
ciMethod sun/awt/AppContext$3 <init> ()V 17 1 2 0 -1
ciMethod sun/awt/MostRecentKeyValue <init> (Ljava/lang/Object;Ljava/lang/Object;)V 17 1 2 0 -1
ciMethod sun/awt/MostRecentKeyValue setPair (Ljava/lang/Object;Ljava/lang/Object;)V 649 1 2505 0 -1
ciMethod javax/swing/SwingUtilities getWindowAncestor (Ljava/awt/Component;)Ljava/awt/Window; 2081 449 11995 0 -1
ciMethod javax/swing/SwingUtilities computeIntersection (IIIILjava/awt/Rectangle;)Ljava/awt/Rectangle; 3065 1 10623 0 160
ciMethodData sun/awt/AppContext getAppContext ()Lsun/awt/AppContext; 2 5398 orig 264 64 112 93 8 0 0 0 0 64 92 71 200 51 2 0 0 128 2 0 0 80 0 0 0 0 0 0 0 0 0 0 0 0 0 0 0 0 0 0 0 0 0 0 0 0 0 0 0 0 0 0 0 0 0 0 0 0 0 0 0 0 0 0 0 0 0 0 0 0 0 0 0 0 0 0 0 0 0 0 0 77 68 79 32 101 120 116 114 97 32 100 97 116 97 32 108 111 99 107 0 0 0 0 0 0 0 0 0 0 0 0 0 0 0 0 0 0 0 0 0 0 0 0 0 0 0 0 0 0 0 0 0 0 0 0 0 0 0 0 0 0 0 0 0 0 0 0 0 0 0 0 0 0 0 0 0 0 0 0 0 0 0 0 0 0 0 0 0 0 0 0 0 0 0 0 0 0 0 0 0 0 0 0 0 25 0 0 0 0 0 0 0 0 0 0 0 0 0 0 0 0 0 0 0 0 0 0 0 0 0 0 0 0 0 0 0 3 1 0 0 153 160 0 0 1 0 0 0 0 0 0 0 0 0 0 0 2 0 0 0 0 0 11 0 2 0 0 0 64 1 0 0 255 255 255 255 5 0 3 0 0 0 0 0 data 40 0x30005 0x0 0x233c9f326e0 0x1413 0x0 0x0 0x70007 0x0 0x40 0x1413 0xd0007 0x0 0x20 0x1413 0x170005 0x0 0x0 0x0 0x0 0x0 0x1a0004 0x0 0x0 0x0 0x0 0x0 0x200007 0x0 0x70 0x0 0x270002 0x0 0x2a0002 0x0 0x2d0004 0x0 0x0 0x0 0x0 0x0 oops 1 2 java/util/concurrent/atomic/AtomicInteger
ciMethod javax/swing/RepaintManager currentManager (Ljava/awt/Component;)Ljavax/swing/RepaintManager; 25 1 25709 0 0
ciMethod javax/swing/RepaintManager currentManager (Lsun/awt/AppContext;)Ljavax/swing/RepaintManager; 2081 1 5392 0 128
ciMethod javax/swing/RepaintManager currentManager (Ljavax/swing/JComponent;)Ljavax/swing/RepaintManager; 25 1 25688 0 192
ciMethod javax/swing/RepaintManager <init> (S)V 9 1 1 0 -1
ciMethod javax/swing/RepaintManager getOffscreenBuffer (Ljava/awt/Component;II)Ljava/awt/Image; 0 0 1 0 -1
ciMethod javax/swing/RepaintManager getVolatileOffscreenBuffer (Ljava/awt/Component;II)Ljava/awt/Image; 2049 1 5377 0 2624
ciMethod javax/swing/RepaintManager getDoubleBufferMaximumSize ()Ljava/awt/Dimension; 3073 9 5377 0 -1
ciMethod javax/swing/RepaintManager isDoubleBufferingEnabled ()Z 1025 1 128 0 0
ciMethod javax/swing/RepaintManager resetVolatileDoubleBuffer (Ljava/awt/GraphicsConfiguration;)V 0 0 1 0 -1
ciMethod javax/swing/RepaintManager useVolatileDoubleBuffer ()Z 2049 1 7554 0 0
ciMethod javax/swing/RepaintManager isPaintingThread ()Z 2049 1 10738 0 0
ciMethod javax/swing/RepaintManager paint (Ljavax/swing/JComponent;Ljavax/swing/JComponent;Ljava/awt/Graphics;IIII)V 17 1 5616 0 0
ciMethod javax/swing/RepaintManager beginPaint ()V 17 1 5122 0 1056
ciMethod javax/swing/RepaintManager endPaint ()V 9 1 5121 0 1056
ciMethod javax/swing/RepaintManager setPaintManager (Ljavax/swing/RepaintManager$PaintManager;)V 9 1 1 0 -1
ciMethod javax/swing/RepaintManager getPaintManager ()Ljavax/swing/RepaintManager$PaintManager; 2049 1 5378 0 480
ciMethod javax/swing/RepaintManager getDelegate (Ljava/awt/Component;)Ljavax/swing/RepaintManager; 3073 1 22032 0 -1
ciMethod javax/swing/RepaintManager access$800 ()I 2049 1 10756 0 -1
ciMethodData java/util/Arrays copyOf ([Ljava/lang/Object;I)[Ljava/lang/Object; 2 69142 orig 264 64 112 93 8 0 0 0 0 104 58 237 199 51 2 0 0 192 1 0 0 0 0 0 0 0 0 0 0 0 0 0 0 0 0 0 0 0 0 0 0 0 0 0 0 0 0 0 0 0 0 0 0 0 0 0 0 0 0 0 0 0 0 0 0 0 0 0 0 0 0 0 0 0 0 0 0 0 0 0 0 77 68 79 32 101 120 116 114 97 32 100 97 116 97 32 108 111 99 107 0 0 0 0 0 0 0 0 0 0 0 0 0 0 0 0 0 0 0 0 0 0 0 0 0 0 0 0 0 0 0 0 0 0 0 0 0 0 0 0 0 0 0 0 0 0 0 0 0 0 0 0 0 0 0 0 0 0 0 0 0 0 0 0 0 0 0 0 0 0 0 0 0 0 0 0 0 0 0 0 0 0 0 0 0 17 0 0 0 0 0 0 0 0 0 0 0 0 0 0 0 0 0 0 0 0 0 0 0 0 0 0 0 0 0 0 0 1 1 0 0 169 104 8 0 1 0 0 0 0 0 0 0 0 0 0 0 2 0 0 0 0 0 3 0 2 0 0 0 112 0 0 0 255 255 255 255 5 0 3 0 0 0 0 0 data 14 0x30005 0x81a0 0x233cba00800 0x8aa8 0x233dcf4c040 0xcd 0x60002 0x10d15 0x90004 0x0 0x233cba00800 0x4 0x0 0x0 oops 3 2 [Ljava/lang/Object; 4 [Ljava/lang/reflect/Method; 10 [Ljava/lang/Object;
ciMethodData javax/swing/RepaintManager getVolatileOffscreenBuffer (Ljava/awt/Component;II)Ljava/awt/Image; 2 5377 orig 264 64 112 93 8 0 0 0 0 72 71 78 200 51 2 0 0 56 7 0 0 72 5 0 0 0 0 0 0 0 0 0 0 0 0 0 0 0 0 0 0 0 0 0 0 0 0 0 0 0 0 0 0 0 0 0 0 0 0 0 0 0 0 0 0 0 0 0 0 0 0 0 0 0 0 0 0 0 0 0 0 77 68 79 32 101 120 116 114 97 32 100 97 116 97 32 108 111 99 107 0 0 0 0 0 0 0 0 0 0 0 0 0 0 0 0 0 0 0 0 0 0 0 0 0 0 0 0 0 0 0 0 0 0 0 0 0 0 0 0 0 0 0 0 0 0 0 0 0 0 0 0 0 0 0 0 0 0 0 0 0 0 0 0 0 0 0 0 0 0 0 0 0 0 0 0 0 0 0 0 0 0 0 0 0 0 0 0 0 0 0 0 0 0 0 0 0 0 0 0 0 0 0 0 0 0 0 0 0 0 0 0 0 0 0 0 0 0 1 0 0 9 160 0 0 1 0 0 0 0 0 0 0 0 0 0 0 2 0 0 0 1 0 72 0 2 0 0 0 216 5 0 0 255 255 255 255 2 0 2 0 0 0 0 0 data 187 0x20002 0x1401 0x90007 0x1401 0x50 0x0 0x110005 0x0 0x0 0x0 0x0 0x0 0x160004 0xffffffffffffebff 0x233c9fc4510 0x82 0x0 0x0 0x190007 0x1401 0x68 0x0 0x1d0004 0x0 0x0 0x0 0x0 0x0 0x200003 0x0 0x28 0x240002 0x1401 0x2b0005 0x33 0x233dc7f7f70 0x12f4 0x233dc7f8020 0xda 0x2e0007 0x1401 0x100 0x0 0x310002 0x0 0x380004 0x0 0x0 0x0 0x0 0x0 0x3b0007 0x0 0xa0 0x0 0x400004 0x0 0x0 0x0 0x0 0x0 0x430005 0x0 0x0 0x0 0x0 0x0 0x460007 0x0 0x20 0x0 0x4c0005 0x98 0x233c9fc4510 0x1340 0x233c9fc45c0 0x29 0x530007 0x1401 0x90 0x0 0x560002 0x0 0x590005 0x0 0x0 0x0 0x0 0x0 0x5c0005 0x0 0x0 0x0 0x0 0x0 0x620005 0x0 0x233dc7f7ec0 0x1401 0x0 0x0 0x690007 0x1401 0x38 0x0 0x6d0003 0x0 0x50 0x760007 0x1401 0x38 0x0 0x7e0003 0x0 0x18 0x860007 0x1401 0x38 0x0 0x8a0003 0x0 0x50 0x930007 0x1401 0x38 0x0 0x9b0003 0x0 0x18 0xa70005 0x0 0x233e4ae0aa0 0x1401 0x0 0x0 0xac0004 0x0 0x233c9fc4460 0x1401 0x0 0x0 0xb30007 0x0 0xc0 0x1401 0xb80005 0x0 0x233c9fc4460 0x1401 0x0 0x0 0xbd0007 0x10d 0x70 0x12f4 0xc20005 0x0 0x233c9fc4460 0x12f4 0x0 0x0 0xc70007 0x11d0 0xd0 0x124 0xcc0007 0x0 0x50 0x231 0xd10005 0x0 0x233c9fc4460 0x231 0x0 0x0 0xdd0005 0x0 0x233e4ae1930 0x231 0x0 0x0 0xea0005 0x0 0x233e4ae0aa0 0x231 0x0 0x0 oops 13 14 javax/swing/JRootPane 35 javax/swing/JDialog 37 javax/swing/JFrame 73 javax/swing/JRootPane 75 sun/swing/FilePane$4 97 javax/swing/RepaintManager 131 java/util/HashMap 137 sun/awt/image/SunVolatileImage 147 sun/awt/image/SunVolatileImage 157 sun/awt/image/SunVolatileImage 171 sun/awt/image/SunVolatileImage 177 sun/java2d/d3d/D3DGraphicsConfig 183 java/util/HashMap
ciMethodData javax/swing/RepaintManager paint (Ljavax/swing/JComponent;Ljavax/swing/JComponent;Ljava/awt/Graphics;IIII)V 2 5617 orig 264 64 112 93 8 0 0 0 0 136 81 78 200 51 2 0 0 208 2 0 0 160 0 0 0 0 0 0 0 0 0 0 0 0 0 0 0 0 0 0 0 0 0 0 0 0 0 0 0 0 0 0 0 0 0 0 0 0 0 0 0 0 0 0 0 0 0 0 0 0 0 0 0 0 0 0 0 0 0 0 0 77 68 79 32 101 120 116 114 97 32 100 97 116 97 32 108 111 99 107 0 0 0 0 0 0 0 0 0 0 0 0 0 0 0 0 0 0 0 0 0 0 0 0 0 0 0 0 0 0 0 0 0 0 0 0 0 0 0 0 0 0 0 0 0 0 0 0 0 0 0 0 0 0 0 0 0 0 0 0 0 0 0 0 0 0 0 0 0 0 0 0 0 0 0 0 0 0 0 0 0 0 0 0 0 25 0 0 0 0 0 0 0 0 0 0 0 0 0 0 0 0 0 0 0 0 0 0 0 0 0 0 0 0 0 0 0 2 0 0 0 121 175 0 0 1 0 0 0 96 6 0 0 0 0 0 0 2 0 0 0 0 0 16 0 2 0 0 0 80 1 0 0 255 255 255 255 2 0 1 0 0 0 0 0 data 42 0x10002 0x15ef 0x70002 0x15ef 0xa0007 0x15ef 0x80 0x0 0xf0005 0x0 0x0 0x0 0x0 0x0 0x140007 0x0 0x30 0x0 0x1b0002 0x0 0x330005 0x0 0x233e438d760 0x15ef 0x0 0x0 0x360007 0x15f0 0x80 0x0 0x420005 0x0 0x0 0x0 0x0 0x0 0x590005 0x0 0x0 0x0 0x0 0x0 oops 1 22 javax/swing/RepaintManager$PaintManager
ciMethodData javax/swing/JComponent getX ()I 2 6782 orig 264 64 112 93 8 0 0 0 0 72 127 15 200 51 2 0 0 48 1 0 0 0 0 0 0 0 0 0 0 0 0 0 0 0 0 0 0 0 0 0 0 0 0 0 0 0 0 0 0 0 0 0 0 0 0 0 0 0 0 0 0 0 0 0 0 0 0 0 0 0 0 0 0 0 0 0 0 0 0 0 0 77 68 79 32 101 120 116 114 97 32 100 97 116 97 32 108 111 99 107 0 0 0 0 0 0 0 0 0 0 0 0 0 0 0 0 0 0 0 0 0 0 0 0 0 0 0 0 0 0 0 0 0 0 0 0 0 0 0 0 0 0 0 0 0 0 0 0 0 0 0 0 0 0 0 0 0 0 0 0 0 0 0 0 0 0 0 0 0 0 0 0 0 0 0 0 0 0 0 0 0 0 0 0 0 0 0 0 0 0 0 0 0 0 0 0 0 0 0 0 0 0 0 0 0 0 0 0 0 0 0 0 0 0 0 0 0 101 0 0 0 201 208 0 0 1 0 0 0 0 0 0 0 0 0 0 0 2 0 0 0 0 0 3 0 2 0 0 0 16 0 0 0 255 255 255 255 2 0 1 0 0 0 0 0 data 2 0x10002 0x1a19 oops 0
ciMethodData javax/swing/JComponent getY ()I 2 18701 orig 264 64 112 93 8 0 0 0 0 224 127 15 200 51 2 0 0 48 1 0 0 0 0 0 0 0 0 0 0 0 0 0 0 0 0 0 0 0 0 0 0 0 0 0 0 0 0 0 0 0 0 0 0 0 0 0 0 0 0 0 0 0 0 0 0 0 0 0 0 0 0 0 0 0 0 0 0 0 0 0 0 77 68 79 32 101 120 116 114 97 32 100 97 116 97 32 108 111 99 107 0 0 0 0 0 0 0 0 0 0 0 0 0 0 0 0 0 0 0 0 0 0 0 0 0 0 0 0 0 0 0 0 0 0 0 0 0 0 0 0 0 0 0 0 0 0 0 0 0 0 0 0 0 0 0 0 0 0 0 0 0 0 0 0 0 0 0 0 0 0 0 0 0 0 0 0 0 0 0 0 0 0 0 0 0 0 0 0 0 0 0 0 0 0 0 0 0 0 0 0 0 0 0 0 0 0 0 0 0 0 0 0 0 0 0 0 0 101 0 0 0 65 69 2 0 1 0 0 0 0 0 0 0 0 0 0 0 2 0 0 0 0 0 3 0 2 0 0 0 16 0 0 0 255 255 255 255 2 0 1 0 0 0 0 0 data 2 0x10002 0x48a8 oops 0
ciMethodData javax/swing/SwingUtilities computeIntersection (IIIILjava/awt/Rectangle;)Ljava/awt/Rectangle; 2 10623 orig 264 64 112 93 8 0 0 0 0 64 61 73 200 51 2 0 0 104 2 0 0 0 1 0 0 0 0 0 0 0 0 0 0 0 0 0 0 0 0 0 0 0 0 0 0 0 0 0 0 0 0 0 0 0 0 0 0 0 0 0 0 0 0 0 0 0 0 0 0 0 0 0 0 0 0 0 0 0 0 0 0 77 68 79 32 101 120 116 114 97 32 100 97 116 97 32 108 111 99 107 0 0 0 0 0 0 0 0 0 0 0 0 0 0 0 0 0 0 0 0 0 0 0 0 0 0 0 0 0 0 0 0 0 0 0 0 0 0 0 0 0 0 0 0 0 1 0 0 0 0 0 0 0 0 0 0 0 0 0 0 0 0 0 0 0 0 0 0 0 0 0 0 0 0 0 0 0 0 0 0 1 0 0 0 0 0 0 0 0 0 0 0 0 0 0 0 0 0 0 0 0 0 0 0 0 0 0 0 0 0 0 0 0 0 0 0 0 121 1 0 0 1 64 1 0 1 0 0 0 6 20 0 0 0 0 0 0 2 0 0 0 0 0 21 0 2 0 0 0 32 1 0 0 255 255 255 255 7 0 6 0 0 0 0 0 data 36 0x60007 0x2761 0x38 0x9f 0xa0003 0x9f 0x18 0x220007 0x2774 0x38 0x8c 0x280003 0x8c 0x18 0x3e0007 0x2787 0x38 0x79 0x420003 0x79 0x18 0x5a0007 0x275c 0x38 0xa4 0x600003 0xa4 0x18 0x970007 0x1 0x40 0x27ff 0x9fe007 0x27fd 0x20 0x3 oops 0
ciMethodData java/awt/Rectangle setBounds (IIII)V 2 26194 orig 264 64 112 93 8 0 0 0 0 24 32 156 205 51 2 0 0 152 1 0 0 0 0 0 0 0 0 0 0 0 0 0 0 0 0 0 0 0 0 0 0 0 0 0 0 0 0 0 0 0 0 0 0 0 0 0 0 0 0 0 0 0 0 0 0 0 0 0 0 0 0 0 0 0 0 0 0 0 0 0 0 77 68 79 32 101 120 116 114 97 32 100 97 116 97 32 108 111 99 107 0 0 0 0 0 0 0 0 0 0 0 0 0 0 0 0 0 0 0 0 0 0 0 0 0 0 0 0 0 0 0 0 0 0 0 0 0 0 0 0 0 0 0 0 0 0 0 0 0 0 0 0 0 0 0 0 0 0 0 0 0 0 0 0 0 0 0 0 0 0 0 0 0 0 0 0 0 0 0 0 0 0 0 0 0 0 0 0 0 0 0 0 0 0 0 0 0 0 0 0 0 0 0 0 0 0 0 0 0 0 0 0 0 0 0 0 0 6 1 0 0 97 42 3 0 1 0 0 0 0 0 0 0 0 0 0 0 2 0 0 0 0 0 3 0 2 0 0 0 48 0 0 0 255 255 255 255 5 0 6 0 0 0 0 0 data 6 0x60005 0x0 0x233dc7fcff0 0x654c 0x0 0x0 oops 1 2 java/awt/Rectangle
ciMethodData java/awt/Rectangle reshape (IIII)V 2 36722 orig 264 64 112 93 8 0 0 0 0 168 34 156 205 51 2 0 0 64 1 0 0 0 0 0 0 0 0 0 0 0 0 0 0 0 0 0 0 0 0 0 0 0 0 0 0 0 0 0 0 0 0 0 0 0 0 0 0 0 0 0 0 0 0 0 0 0 0 0 0 0 0 0 0 0 0 0 0 0 0 0 0 77 68 79 32 101 120 116 114 97 32 100 97 116 97 32 108 111 99 107 0 0 0 0 0 0 0 0 0 0 0 0 0 0 0 0 0 0 0 0 0 0 0 0 0 0 0 0 0 0 0 0 0 0 0 0 0 0 0 0 0 0 0 0 0 0 0 0 0 0 0 0 0 0 0 0 0 0 0 0 0 0 0 0 0 0 0 0 0 0 0 0 0 0 0 0 0 0 0 0 0 0 0 0 0 1 0 0 0 0 0 0 0 0 0 0 0 0 0 0 0 1 0 0 0 0 0 0 0 0 0 0 0 0 0 0 0 6 1 0 0 97 115 4 0 1 0 0 0 0 0 0 0 0 0 0 0 2 0 0 0 0 0 3 0 1 0 0 0 0 0 0 0 255 255 255 255 0 0 0 0 0 0 0 0 data 0 oops 0
ciMethod sun/java2d/d3d/D3DVolatileSurfaceManager isAccelerationEnabled ()Z 1025 1 128 0 0
ciMethod sun/java2d/d3d/D3DVolatileSurfaceManager initAcceleratedSurface ()Lsun/java2d/SurfaceData; 2049 1 604 0 -1
ciMethod sun/java2d/d3d/D3DVolatileSurfaceManager isConfigValid (Ljava/awt/GraphicsConfiguration;)Z 4097 1 5631 0 0
ciMethod sun/java2d/d3d/D3DVolatileSurfaceManager restoreAcceleratedSurface ()V 9 1 1 0 0
ciMethod sun/java2d/d3d/D3DVolatileSurfaceManager initContents ()V 2049 1 1207 0 0
ciMethodData sun/java2d/SunGraphics2D invalidatePipe ()V 2 1304 orig 264 64 112 93 8 0 0 0 0 216 229 46 218 51 2 0 0 32 1 0 0 0 0 0 0 0 0 0 0 0 0 0 0 0 0 0 0 0 0 0 0 0 0 0 0 0 0 0 0 0 0 0 0 0 0 0 0 0 0 0 0 0 0 0 0 0 0 0 0 0 0 0 0 0 0 0 0 0 0 0 0 77 68 79 32 101 120 116 114 97 32 100 97 116 97 32 108 111 99 107 0 0 0 0 0 0 0 0 0 0 0 0 0 0 0 0 0 0 0 0 0 0 0 0 0 0 0 0 0 0 0 0 0 0 0 0 0 0 0 0 0 0 0 0 0 0 0 0 0 0 0 0 0 0 0 0 0 0 0 0 0 0 0 0 0 0 0 0 0 0 0 0 0 0 0 0 0 0 0 0 0 0 0 0 0 1 0 0 0 0 0 0 0 0 0 0 0 0 0 0 0 1 0 0 0 0 0 0 0 0 0 0 0 0 0 0 0 1 1 0 0 185 32 0 0 1 0 0 0 0 0 0 0 0 0 0 0 2 0 0 0 0 0 3 0 1 0 0 0 0 0 0 0 255 255 255 255 0 0 0 0 0 0 0 0 data 0 oops 0
ciMethodData sun/java2d/SunGraphics2D dispose ()V 2 6462 orig 264 64 112 93 8 0 0 0 0 216 91 83 219 51 2 0 0 120 1 0 0 0 0 0 0 0 0 0 0 0 0 0 0 0 0 0 0 0 0 0 0 0 0 0 0 0 0 0 0 0 0 0 0 0 0 0 0 0 0 0 0 0 0 0 0 0 0 0 0 0 0 0 0 0 0 0 0 0 0 0 0 77 68 79 32 101 120 116 114 97 32 100 97 116 97 32 108 111 99 107 0 0 0 0 0 0 0 0 0 0 0 0 0 0 0 0 0 0 0 0 0 0 0 0 0 0 0 0 0 0 0 0 0 0 0 0 0 0 0 0 0 0 0 0 0 0 0 0 0 0 0 0 0 0 0 0 0 0 0 0 0 0 0 0 0 0 0 0 0 0 0 0 0 0 0 0 0 0 0 0 0 0 0 0 0 1 0 0 0 0 0 0 0 0 0 0 0 0 0 0 0 1 0 0 0 0 0 0 0 0 0 0 0 0 0 0 0 128 1 0 0 241 189 0 0 1 0 0 0 0 0 0 0 0 0 0 0 2 0 0 0 0 0 3 0 2 0 0 0 48 0 0 0 255 255 255 255 5 0 8 0 0 0 0 0 data 6 0x80005 0x0 0x233dc7f82e0 0x17be 0x0 0x0 oops 1 2 sun/java2d/SunGraphics2D
ciMethodData javax/swing/JComponent isOpaque ()Z 2 13187 orig 264 64 112 93 8 0 0 0 0 168 129 15 200 51 2 0 0 48 1 0 0 0 0 0 0 0 0 0 0 0 0 0 0 0 0 0 0 0 0 0 0 0 0 0 0 0 0 0 0 0 0 0 0 0 0 0 0 0 0 0 0 0 0 0 0 0 0 0 0 0 0 0 0 0 0 0 0 0 0 0 0 77 68 79 32 101 120 116 114 97 32 100 97 116 97 32 108 111 99 107 0 0 0 0 0 0 0 0 0 0 0 0 0 0 0 0 0 0 0 0 0 0 0 0 0 0 0 0 0 0 0 0 0 0 0 0 0 0 0 0 0 0 0 0 0 0 0 0 0 0 0 0 0 0 0 0 0 0 0 0 0 0 0 0 0 0 0 0 0 0 0 0 0 0 0 0 0 0 0 0 0 0 0 0 0 0 0 0 0 0 0 0 0 0 0 0 0 0 0 0 0 0 0 0 0 0 0 0 0 0 0 0 0 0 0 0 0 0 1 0 0 25 148 1 0 1 0 0 0 0 0 0 0 0 0 0 0 2 0 0 0 0 0 7 0 2 0 0 0 16 0 0 0 255 255 255 255 2 0 2 0 0 0 0 0 data 2 0x20002 0x3283 oops 0
ciMethodData javax/swing/JComponent getBounds (Ljava/awt/Rectangle;)Ljava/awt/Rectangle; 2 10510 orig 264 64 112 93 8 0 0 0 0 64 125 15 200 51 2 0 0 48 3 0 0 0 0 0 0 0 0 0 0 0 0 0 0 0 0 0 0 0 0 0 0 0 0 0 0 0 0 0 0 0 0 0 0 0 0 0 0 0 0 0 0 0 0 0 0 0 0 0 0 0 0 0 0 0 0 0 0 0 0 0 0 77 68 79 32 101 120 116 114 97 32 100 97 116 97 32 108 111 99 107 0 0 0 0 0 0 0 0 0 0 0 0 0 0 0 0 0 0 0 0 0 0 0 0 0 0 0 0 0 0 0 0 0 0 0 0 0 0 0 0 0 0 0 0 0 1 0 0 0 0 0 0 0 0 0 0 0 0 0 0 0 0 0 0 0 0 0 0 0 0 0 0 0 0 0 0 0 0 0 0 1 0 0 0 0 0 0 0 0 0 0 0 0 0 0 0 0 0 0 0 0 0 0 0 0 0 0 0 0 0 0 0 0 0 0 0 0 1 1 0 0 105 64 1 0 1 0 0 0 9 20 0 0 0 0 0 0 2 0 0 0 0 0 5 0 2 0 0 0 224 1 0 0 255 255 255 255 7 224 1 0 0 0 0 0 data 60 0x1e007 0x280a 0xf0 0x4 0x90005 0x0 0x233dc3ce670 0x4 0x0 0x0 0xd0005 0x0 0x233dc3ce670 0x4 0x0 0x0 0x110005 0x0 0x233dc3ce670 0x4 0x0 0x0 0x150005 0x0 0x233dc3ce670 0x4 0x0 0x0 0x180002 0x4 0x1e0005 0x27fe 0x233dd148410 0x9 0x233e3d9d480 0x3 0x220005 0x27fe 0x233dd148410 0x9 0x233e3d9d480 0x3 0x260005 0x27fe 0x233dd148410 0x9 0x233e3d9d480 0x3 0x2a0005 0x27fe 0x233dd148410 0x9 0x233e3d9d480 0x3 0x2d0005 0x0 0x233dc7fcff0 0x280a 0x0 0x0 oops 13 6 bibliothek/gui/dock/station/OverpaintablePanel$Overlay 12 bibliothek/gui/dock/station/OverpaintablePanel$Overlay 18 bibliothek/gui/dock/station/OverpaintablePanel$Overlay 24 bibliothek/gui/dock/station/OverpaintablePanel$Overlay 32 javax/swing/JLayeredPane 34 javax/swing/JMenuBar 38 javax/swing/JLayeredPane 40 javax/swing/JMenuBar 44 javax/swing/JLayeredPane 46 javax/swing/JMenuBar 50 javax/swing/JLayeredPane 52 javax/swing/JMenuBar 56 java/awt/Rectangle
ciMethodData javax/swing/JComponent fetchRectangle ()Ljava/awt/Rectangle; 2 5347 orig 264 64 112 93 8 0 0 0 0 96 27 15 200 51 2 0 0 24 2 0 0 176 0 0 0 0 0 0 0 0 0 0 0 0 0 0 0 0 0 0 0 0 0 0 0 0 0 0 0 0 0 0 0 0 0 0 0 0 0 0 0 0 0 0 0 0 0 0 0 0 0 0 0 0 0 0 0 0 0 0 0 77 68 79 32 101 120 116 114 97 32 100 97 116 97 32 108 111 99 107 0 0 0 0 0 0 0 0 0 0 0 0 0 0 0 0 0 0 0 0 0 0 0 0 0 0 0 0 0 0 0 0 0 0 0 0 0 0 0 0 0 0 0 0 0 0 0 0 0 0 0 0 0 0 0 0 0 0 0 0 0 0 0 0 0 0 0 0 0 0 0 0 0 0 0 0 0 0 0 0 0 0 0 0 0 25 0 0 0 0 0 0 0 0 0 0 0 0 0 0 0 0 0 0 0 0 0 0 0 0 0 0 0 0 0 0 0 213 0 0 0 113 160 0 0 1 0 0 0 0 0 0 0 0 0 0 0 2 0 0 0 0 0 10 0 2 0 0 0 216 0 0 0 255 255 255 255 5 0 9 0 0 0 0 0 data 27 0x90005 0x0 0x233dc7f7cb0 0x140e 0x0 0x0 0x100007 0x6 0x98 0x1408 0x190005 0x0 0x233dc7f7cb0 0x1408 0x0 0x0 0x1e0004 0x0 0x233dc7fcff0 0x1408 0x0 0x0 0x220003 0x1408 0x28 0x2d0002 0x6 oops 3 2 java/util/ArrayList 12 java/util/ArrayList 18 java/awt/Rectangle
ciMethodData javax/swing/JComponent getObscuredState (IIIII)I 2 5499 orig 264 64 112 93 8 0 0 0 0 56 158 15 200 51 2 0 0 184 4 0 0 224 2 0 0 0 0 0 0 0 0 0 0 0 0 0 0 0 0 0 0 0 0 0 0 0 0 0 0 0 0 0 0 0 0 0 0 0 0 0 0 0 0 0 0 0 0 0 0 0 0 0 0 0 0 0 0 0 0 0 0 77 68 79 32 101 120 116 114 97 32 100 97 116 97 32 108 111 99 107 0 0 0 0 0 0 0 0 0 0 0 0 0 0 0 0 0 0 0 0 0 0 0 0 0 0 0 0 0 0 0 0 0 0 0 0 0 0 0 0 0 0 0 0 0 0 0 0 0 0 0 0 0 0 0 0 0 0 0 0 0 0 0 0 0 0 0 0 0 0 0 0 0 0 0 0 0 1 0 0 2 0 0 0 0 0 0 0 0 0 0 0 0 0 0 0 0 0 0 0 0 0 0 0 0 0 0 0 0 0 0 0 0 0 0 0 0 12 0 0 0 121 171 0 0 73 151 0 0 228 20 0 0 168 18 0 0 2 0 0 0 1 0 49 0 2 0 0 0 72 3 0 0 255 255 255 255 2 0 3 0 0 0 0 0 data 105 0x30002 0x156f 0xf0007 0x1572 0x328 0x12e6 0x150005 0x7b 0x233dc7f7e10 0x86d 0x233dc7f80d0 0x9ff 0x1c0005 0x0 0x233dc3ce670 0x129f 0x233dc3ce720 0x48 0x1f0007 0x12e7 0x38 0x0 0x220003 0x0 0x270 0x270004 0x0 0x233dc3ce670 0x129f 0x233dc3ce720 0x48 0x2a0007 0x0 0xa8 0x12e7 0x2f0005 0x0 0x233dc3ce670 0x129f 0x233dc3ce720 0x48 0x36e007 0x2 0x58 0x12e6 0x3c0007 0x12e6 0x38 0x0 0x3f0003 0x0 0x198 0x490005 0x0 0x233dc3ce670 0x129f 0x233dc3ce720 0x49 0x500007 0x12e6 0xb0 0x2 0x590007 0x2 0x90 0x0 0x6b0007 0x0 0x70 0x0 0x740007 0x0 0x50 0x0 0x860007 0x0 0x30 0x0 0x8b0002 0x0 0x920007 0x0 0xa0 0x12e8 0x9e0007 0x0 0x80 0x12e8 0xaa0007 0x2b 0x60 0x12bd 0xb9e007 0x1b 0x40 0x12a3 0xc80007 0x0 0x20 0x12a3 0xd10003 0x12e9 0xfffffffffffffcf0 0xd60002 0x1572 oops 10 8 bibliothek/gui/dock/StackDockStation$Background 10 bibliothek/gui/dock/common/intern/station/CSplitDockStation 14 bibliothek/gui/dock/station/OverpaintablePanel$Overlay 16 javax/swing/JPanel 27 bibliothek/gui/dock/station/OverpaintablePanel$Overlay 29 javax/swing/JPanel 37 bibliothek/gui/dock/station/OverpaintablePanel$Overlay 39 javax/swing/JPanel 54 bibliothek/gui/dock/station/OverpaintablePanel$Overlay 56 javax/swing/JPanel
ciMethodData javax/swing/JComponent recycleRectangle (Ljava/awt/Rectangle;)V 2 27311 orig 264 64 112 93 8 0 0 0 0 32 28 15 200 51 2 0 0 144 1 0 0 0 0 0 0 0 0 0 0 0 0 0 0 0 0 0 0 0 0 0 0 0 0 0 0 0 0 0 0 0 0 0 0 0 0 0 0 0 0 0 0 0 0 0 0 0 0 0 0 0 0 0 0 0 0 0 0 0 0 0 0 77 68 79 32 101 120 116 114 97 32 100 97 116 97 32 108 111 99 107 0 0 0 0 0 0 0 0 0 0 0 0 0 0 0 0 0 0 0 0 0 0 0 0 0 0 0 0 0 0 0 0 0 0 0 0 0 0 0 0 0 0 0 0 0 0 0 0 0 0 0 0 0 0 0 0 0 0 0 0 0 0 0 0 0 0 0 0 0 0 0 0 0 0 0 0 0 0 0 0 0 0 0 0 0 17 0 0 0 0 0 0 0 0 0 0 0 0 0 0 0 0 0 0 0 0 0 0 0 0 0 0 0 0 0 0 0 204 0 0 0 25 79 3 0 1 0 0 0 0 0 0 0 0 0 0 0 2 0 0 0 0 0 8 0 2 0 0 0 72 0 0 0 255 255 255 255 5 0 10 0 0 0 0 0 data 9 0xa0005 0x0 0x233dc7f7cb0 0x69e3 0x0 0x0 0x120003 0x69e3 0x18 oops 1 2 java/util/ArrayList
ciMethodData javax/swing/JComponent isDoubleBuffered ()Z 2 56598 orig 264 64 112 93 8 0 0 0 0 152 162 15 200 51 2 0 0 48 1 0 0 0 0 0 0 0 0 0 0 0 0 0 0 0 0 0 0 0 0 0 0 0 0 0 0 0 0 0 0 0 0 0 0 0 0 0 0 0 0 0 0 0 0 0 0 0 0 0 0 0 0 0 0 0 0 0 0 0 0 0 0 77 68 79 32 101 120 116 114 97 32 100 97 116 97 32 108 111 99 107 0 0 0 0 0 0 0 0 0 0 0 0 0 0 0 0 0 0 0 0 0 0 0 0 0 0 0 0 0 0 0 0 0 0 0 0 0 0 0 0 0 0 0 0 0 0 0 0 0 0 0 0 0 0 0 0 0 0 0 0 0 0 0 0 0 0 0 0 0 0 0 0 0 0 0 0 0 0 0 0 0 0 0 0 0 0 0 0 0 0 0 0 0 0 0 0 0 0 0 0 0 0 0 0 0 0 0 0 0 0 0 0 0 0 0 0 0 25 0 0 0 233 231 6 0 1 0 0 0 0 0 0 0 0 0 0 0 2 0 0 0 0 0 7 0 2 0 0 0 16 0 0 0 255 255 255 255 2 0 2 0 0 0 0 0 data 2 0x20002 0xdcfd oops 0
ciMethodData javax/swing/RepaintManager beginPaint ()V 2 5122 orig 264 64 112 93 8 0 0 0 0 56 85 78 200 51 2 0 0 72 2 0 0 104 0 0 0 0 0 0 0 0 0 0 0 0 0 0 0 0 0 0 0 0 0 0 0 0 0 0 0 0 0 0 0 0 0 0 0 0 0 0 0 0 0 0 0 0 0 0 0 0 0 0 0 0 0 0 0 0 0 0 0 77 68 79 32 101 120 116 114 97 32 100 97 116 97 32 108 111 99 107 0 0 0 0 0 0 0 0 0 0 0 0 0 0 0 0 0 0 0 0 0 0 0 0 0 0 0 0 0 0 0 0 0 0 0 0 0 0 0 0 0 0 0 0 0 0 0 0 0 0 0 0 0 0 0 0 0 0 0 0 0 0 0 0 0 0 0 0 0 0 0 0 0 0 0 0 0 0 0 0 0 0 0 0 0 17 0 0 0 0 0 0 0 0 0 0 0 0 0 0 0 0 0 0 0 0 0 0 0 0 0 0 0 0 0 0 0 2 0 0 0 1 160 0 0 1 0 0 0 0 0 0 0 0 0 0 0 2 0 0 0 0 0 19 0 2 0 0 0 0 1 0 0 255 255 255 255 2 0 2 0 0 0 0 0 data 32 0x20002 0x1400 0x140007 0x1332 0x40 0xce 0x1c0007 0x0 0x38 0xce 0x2e0003 0x1400 0x18 0x360003 0x1400 0x18 0x420007 0x0 0x80 0x1400 0x460007 0xce 0x60 0x1332 0x4a0002 0x1332 0x4d0005 0x0 0x233e438d760 0x1332 0x0 0x0 oops 1 28 javax/swing/RepaintManager$PaintManager
ciMethodData javax/swing/RepaintManager endPaint ()V 2 5121 orig 264 64 112 93 8 0 0 0 0 64 86 78 200 51 2 0 0 40 2 0 0 96 0 0 0 0 0 0 0 0 0 0 0 0 0 0 0 0 0 0 0 0 0 0 0 0 0 0 0 0 0 0 0 0 0 0 0 0 0 0 0 0 0 0 0 0 0 0 0 0 0 0 0 0 0 0 0 0 0 0 0 77 68 79 32 101 120 116 114 97 32 100 97 116 97 32 108 111 99 107 0 0 0 0 0 0 0 0 0 0 0 0 0 0 0 0 0 0 0 0 0 0 0 0 0 0 0 0 0 0 0 0 0 0 0 0 0 0 0 0 0 0 0 0 0 0 0 0 0 0 0 0 0 0 0 0 0 0 0 0 0 0 0 0 0 0 0 0 0 0 0 0 0 0 0 0 0 0 0 0 0 0 0 0 0 17 0 0 0 0 0 0 0 0 0 0 0 0 0 0 0 0 0 0 0 0 0 0 0 0 0 0 0 0 0 0 0 1 0 0 0 1 160 0 0 1 0 0 0 0 0 0 0 0 0 0 0 2 0 0 0 0 0 25 0 2 0 0 0 224 0 0 0 255 255 255 255 2 0 1 0 0 0 0 0 data 28 0x10002 0x1400 0x40007 0x0 0xd0 0x1400 0x180007 0x2f 0x30 0x13d1 0x1c0002 0x13d1 0x220003 0x1400 0x18 0x2b0007 0x2f 0x68 0x13d1 0x2f0005 0x0 0x233e438d760 0x13d1 0x0 0x0 0x3d0003 0x13d1 0x18 oops 1 21 javax/swing/RepaintManager$PaintManager
ciMethodData java/util/ArrayList toArray ([Ljava/lang/Object;)[Ljava/lang/Object; 2 5426 orig 264 64 112 93 8 0 0 0 0 176 23 232 199 51 2 0 0 64 2 0 0 96 0 0 0 0 0 0 0 0 0 0 0 0 0 0 0 0 0 0 0 0 0 0 0 0 0 0 0 0 0 0 0 0 0 0 0 0 0 0 0 0 0 0 0 0 0 0 0 0 0 0 0 0 0 0 0 0 0 0 0 77 68 79 32 101 120 116 114 97 32 100 97 116 97 32 108 111 99 107 0 0 0 0 0 0 0 0 0 0 0 0 0 0 0 0 0 0 0 0 0 0 0 0 0 0 0 0 0 0 0 0 0 0 0 0 0 0 0 0 0 0 0 0 0 0 0 0 0 0 0 0 0 0 0 0 0 0 0 0 0 0 0 0 0 0 0 0 0 0 0 0 0 0 0 0 0 0 0 0 0 0 0 0 0 17 0 0 0 0 0 0 0 0 0 0 0 0 0 0 0 1 0 0 0 0 0 0 0 2 0 0 0 0 0 0 0 68 0 0 0 113 167 0 0 1 0 0 0 0 0 0 0 0 0 0 0 2 0 0 0 0 0 8 0 2 0 0 0 240 0 0 0 255 255 255 255 7 0 6 0 0 0 0 0 data 30 0x60007 0x130c 0x90 0x1e2 0x120005 0x136 0x233dc68b7c0 0xa8 0x233dc68b830 0x4 0x150002 0x1e2 0x180004 0x0 0x233dc68b7c0 0x1 0x0 0x0 0x270002 0x130c 0x300007 0x130a 0x50 0x2 0x390104 0x0 0x0 0x0 0x0 0x0 oops 3 6 [Ljava/lang/Integer; 8 [Ljava/lang/String; 14 [Ljava/lang/Integer;
ciMethodData java/util/ArrayList <init> (I)V 2 6524 orig 264 64 112 93 8 0 0 0 0 136 11 232 199 51 2 0 0 128 2 0 0 104 0 0 0 0 0 0 0 0 0 0 0 0 0 0 0 0 0 0 0 0 0 0 0 0 0 0 0 0 0 0 0 0 0 0 0 0 0 0 0 0 0 0 0 0 0 0 0 0 0 0 0 0 0 0 0 0 0 0 0 77 68 79 32 101 120 116 114 97 32 100 97 116 97 32 108 111 99 107 0 0 0 0 0 0 0 0 0 0 0 0 0 0 0 0 0 0 0 0 0 0 0 0 0 0 0 0 0 0 0 0 0 0 0 0 0 0 0 0 0 0 0 0 0 0 0 0 0 0 0 0 0 0 0 0 0 0 0 0 0 0 0 0 0 0 0 0 0 0 0 0 0 0 0 0 0 0 0 0 0 0 0 0 0 25 0 0 0 0 0 0 0 0 0 0 0 0 0 0 0 1 0 0 0 0 0 0 0 0 0 0 0 0 0 0 0 17 1 0 0 89 195 0 0 1 0 0 0 0 0 0 0 0 0 0 0 2 0 0 0 0 0 8 0 2 0 0 0 48 1 0 0 255 255 255 255 2 0 1 0 0 0 0 0 data 38 0x10002 0x186b 0x50007 0x8c5 0x38 0xfa6 0x100003 0xfa6 0x100 0x140007 0x0 0x38 0x8c5 0x1e0003 0x8c5 0xc8 0x290002 0x0 0x2e0005 0x0 0x0 0x0 0x0 0x0 0x320005 0x0 0x0 0x0 0x0 0x0 0x350005 0x0 0x0 0x0 0x0 0x0 0x380002 0x0 oops 0
ciMethod java/awt/GraphicsConfiguration createCompatibleVolatileImage (III)Ljava/awt/image/VolatileImage; 9 1 602 0 -1
ciMethod java/awt/image/Raster getDataBuffer ()Ljava/awt/image/DataBuffer; 1153 1 144 0 -1
ciMethod sun/awt/image/SunWritableRaster stealTrackable (Ljava/awt/image/DataBuffer;)Lsun/java2d/StateTrackableDelegate; 2105 1 5881 0 -1
ciMethod java/awt/Rectangle <init> (IIII)V 2049 1 188648 0 64
ciMethod java/awt/Rectangle setBounds (IIII)V 2097 1 26194 0 64
ciMethod java/awt/Rectangle reshape (IIII)V 2097 1 36722 0 64
ciMethod java/awt/geom/Rectangle2D <init> ()V 2049 1 203301 0 32
ciMethod java/awt/geom/RectangularShape <init> ()V 2049 1 203311 0 32
ciMethodData sun/awt/AppContext get (Ljava/lang/Object;)Ljava/lang/Object; 2 5397 orig 264 64 112 93 8 0 0 0 0 240 98 71 200 51 2 0 0 72 2 0 0 176 0 0 0 0 0 0 0 0 0 0 0 0 0 0 0 0 0 0 0 0 0 0 0 0 0 0 0 0 0 0 0 0 0 0 0 0 0 0 0 0 0 0 0 0 0 0 0 0 0 0 0 0 0 0 0 0 0 0 0 77 68 79 32 101 120 116 114 97 32 100 97 116 97 32 108 111 99 107 0 0 0 0 0 0 0 0 0 0 0 0 0 0 0 0 0 0 0 0 0 0 0 0 0 0 0 0 0 0 0 0 0 0 0 0 0 0 0 0 0 0 0 0 0 0 0 0 0 0 0 0 0 0 0 0 0 0 0 0 0 0 0 0 0 0 0 0 0 0 0 0 0 0 0 0 0 0 0 0 0 0 0 0 0 25 0 0 0 0 0 0 0 0 0 0 0 0 0 0 0 0 0 0 0 0 0 0 0 0 0 0 0 0 0 0 0 12 1 0 0 73 160 0 0 1 0 0 0 0 0 0 0 0 0 0 0 2 0 0 0 0 0 16 0 2 0 0 0 248 0 0 0 255 255 255 255 7 0 13 0 0 0 0 0 data 31 0xd0007 0x0 0x40 0x1409 0x150007 0x978 0x20 0xa91 0x240005 0x0 0x233e4ae0aa0 0x978 0x0 0x0 0x2f0007 0x978 0x58 0x0 0x3a0002 0x0 0x480002 0x0 0x4e0003 0x0 0x48 0x5e0005 0x0 0x233c9f38e10 0x978 0x0 0x0 oops 2 10 java/util/HashMap 27 sun/awt/MostRecentKeyValue
ciMethod java/awt/GraphicsDevice getDefaultConfiguration ()Ljava/awt/GraphicsConfiguration; 0 0 1 0 -1
ciMethod javax/swing/RepaintManager$PaintManager <init> ()V 9 1 1 0 -1
ciMethod javax/swing/RepaintManager$PaintManager paint (Ljavax/swing/JComponent;Ljavax/swing/JComponent;Ljava/awt/Graphics;IIII)Z 2049 2041 7554 0 0
ciMethod javax/swing/RepaintManager$PaintManager beginPaint ()V 2025 1 4916 0 0
ciMethod javax/swing/RepaintManager$PaintManager endPaint ()V 2025 1 5074 0 0
ciMethod javax/swing/RepaintManager$PaintManager paintDoubleBuffered (Ljavax/swing/JComponent;Ljava/awt/Image;Ljava/awt/Graphics;IIII)V 2049 4097 5378 0 6208
ciMethod javax/swing/RepaintManager$PaintManager getValidImage (Ljava/awt/Image;)Ljava/awt/Image; 2049 1 7554 0 0
ciMethodData javax/swing/RepaintManager currentManager (Lsun/awt/AppContext;)Ljavax/swing/RepaintManager; 2 5392 orig 264 64 112 93 8 0 0 0 0 72 42 78 200 51 2 0 0 8 2 0 0 0 0 0 0 0 0 0 0 0 0 0 0 0 0 0 0 0 0 0 0 0 0 0 0 0 0 0 0 0 0 0 0 0 0 0 0 0 0 0 0 0 0 0 0 0 0 0 0 0 0 0 0 0 0 0 0 0 0 0 0 77 68 79 32 101 120 116 114 97 32 100 97 116 97 32 108 111 99 107 0 0 0 0 0 0 0 0 0 0 0 0 0 0 0 0 0 0 0 0 0 0 0 0 0 0 0 0 0 0 0 0 0 0 0 0 0 0 0 0 0 0 0 0 0 0 0 0 0 0 0 0 0 0 0 0 0 0 0 0 0 0 0 0 0 0 0 0 0 0 0 0 0 0 0 0 0 0 0 0 0 0 0 0 0 25 0 0 0 0 0 0 0 0 0 0 0 0 0 0 0 0 0 0 0 0 0 0 0 0 0 0 0 0 0 0 0 3 1 0 0 97 160 0 0 1 0 0 0 0 0 0 0 0 0 0 0 2 0 0 0 0 0 6 0 2 0 0 0 192 0 0 0 255 255 255 255 5 0 4 0 0 0 0 0 data 24 0x40005 0xc 0x233cda77f60 0x1400 0x0 0x0 0x70004 0x0 0x233dc7f7ec0 0x140c 0x0 0x0 0xc0007 0x140c 0x60 0x0 0x160002 0x0 0x1f0005 0x0 0x0 0x0 0x0 0x0 oops 2 2 sun/awt/AppContext 8 javax/swing/RepaintManager
ciMethodData sun/java2d/StateTrackableDelegate markDirty ()V 2 95287 orig 264 64 112 93 8 0 0 0 0 160 198 60 200 51 2 0 0 32 1 0 0 0 0 0 0 0 0 0 0 0 0 0 0 0 0 0 0 0 0 0 0 0 0 0 0 0 0 0 0 0 0 0 0 0 0 0 0 0 0 0 0 0 0 0 0 0 0 0 0 0 0 0 0 0 0 0 0 0 0 0 0 77 68 79 32 101 120 116 114 97 32 100 97 116 97 32 108 111 99 107 0 0 0 0 0 0 0 0 0 0 0 0 0 0 0 0 0 0 0 0 0 0 0 0 0 0 0 0 0 0 0 0 0 0 0 0 0 0 0 0 0 0 0 0 0 0 0 0 0 0 0 0 0 0 0 0 0 0 0 0 0 0 0 0 0 0 0 0 0 0 0 0 0 0 0 0 0 0 0 0 0 0 0 0 0 0 0 0 0 0 0 0 0 0 0 0 0 0 0 0 0 0 0 0 0 0 0 0 0 0 0 0 0 0 0 0 0 134 1 0 0 137 149 11 0 1 0 0 0 0 0 0 0 0 0 0 0 2 0 0 0 0 0 3 0 1 0 0 0 0 0 0 0 255 255 255 255 0 0 0 0 0 0 0 0 data 0 oops 0
ciMethodData java/awt/Rectangle <init> (IIII)V 2 188648 orig 264 64 112 93 8 0 0 0 0 136 24 156 205 51 2 0 0 80 1 0 0 0 0 0 0 0 0 0 0 0 0 0 0 0 0 0 0 0 0 0 0 0 0 0 0 0 0 0 0 0 0 0 0 0 0 0 0 0 0 0 0 0 0 0 0 0 0 0 0 0 0 0 0 0 0 0 0 0 0 0 0 77 68 79 32 101 120 116 114 97 32 100 97 116 97 32 108 111 99 107 0 0 0 0 0 0 0 0 0 0 0 0 0 0 0 0 0 0 0 0 0 0 0 0 0 0 0 0 0 0 0 0 0 0 0 0 0 0 0 0 0 0 0 0 0 0 0 0 0 0 0 0 0 0 0 0 0 0 0 0 0 0 0 0 0 0 0 0 0 0 0 0 0 0 0 0 0 0 0 0 0 0 0 0 0 1 0 0 0 0 0 0 0 0 0 0 0 0 0 0 0 1 0 0 0 0 0 0 0 0 0 0 0 0 0 0 0 0 1 0 0 65 255 22 0 1 0 0 0 0 0 0 0 0 0 0 0 2 0 0 0 0 0 3 0 2 0 0 0 16 0 0 0 255 255 255 255 2 0 1 0 0 0 0 0 data 2 0x10002 0x2dfe8 oops 0
ciMethodData java/awt/geom/Rectangle2D <init> ()V 2 203301 orig 264 64 112 93 8 0 0 0 0 232 67 156 205 51 2 0 0 48 1 0 0 0 0 0 0 0 0 0 0 0 0 0 0 0 0 0 0 0 0 0 0 0 0 0 0 0 0 0 0 0 0 0 0 0 0 0 0 0 0 0 0 0 0 0 0 0 0 0 0 0 0 0 0 0 0 0 0 0 0 0 0 77 68 79 32 101 120 116 114 97 32 100 97 116 97 32 108 111 99 107 0 0 0 0 0 0 0 0 0 0 0 0 0 0 0 0 0 0 0 0 0 0 0 0 0 0 0 0 0 0 0 0 0 0 0 0 0 0 0 0 0 0 0 0 0 0 0 0 0 0 0 0 0 0 0 0 0 0 0 0 0 0 0 0 0 0 0 0 0 0 0 0 0 0 0 0 0 0 0 0 0 0 0 0 0 1 0 0 0 0 0 0 0 0 0 0 0 0 0 0 0 1 0 0 0 0 0 0 0 0 0 0 0 0 0 0 0 0 1 0 0 41 201 24 0 1 0 0 0 0 0 0 0 0 0 0 0 2 0 0 0 0 0 3 0 2 0 0 0 16 0 0 0 255 255 255 255 2 0 1 0 0 0 0 0 data 2 0x10002 0x31925 oops 0
ciMethodData java/awt/geom/RectangularShape <init> ()V 2 203311 orig 264 64 112 93 8 0 0 0 0 176 90 156 205 51 2 0 0 48 1 0 0 0 0 0 0 0 0 0 0 0 0 0 0 0 0 0 0 0 0 0 0 0 0 0 0 0 0 0 0 0 0 0 0 0 0 0 0 0 0 0 0 0 0 0 0 0 0 0 0 0 0 0 0 0 0 0 0 0 0 0 0 77 68 79 32 101 120 116 114 97 32 100 97 116 97 32 108 111 99 107 0 0 0 0 0 0 0 0 0 0 0 0 0 0 0 0 0 0 0 0 0 0 0 0 0 0 0 0 0 0 0 0 0 0 0 0 0 0 0 0 0 0 0 0 0 0 0 0 0 0 0 0 0 0 0 0 0 0 0 0 0 0 0 0 0 0 0 0 0 0 0 0 0 0 0 0 0 0 0 0 0 0 0 0 0 1 0 0 0 0 0 0 0 0 0 0 0 0 0 0 0 1 0 0 0 0 0 0 0 0 0 0 0 0 0 0 0 0 1 0 0 121 201 24 0 1 0 0 0 0 0 0 0 0 0 0 0 2 0 0 0 0 0 0 0 0 0 0 0 16 0 0 0 255 255 255 255 2 0 1 0 0 0 0 0 data 2 0x10002 0x3192f oops 0
ciMethodData javax/swing/JComponent getFlag (I)Z 2 214856 orig 264 64 112 93 8 0 0 0 0 40 160 15 200 51 2 0 0 96 1 0 0 0 0 0 0 0 0 0 0 0 0 0 0 0 0 0 0 0 0 0 0 0 0 0 0 0 0 0 0 0 0 0 0 0 0 0 0 0 0 0 0 0 0 0 0 0 0 0 0 0 0 0 0 0 0 0 0 0 0 0 0 77 68 79 32 101 120 116 114 97 32 100 97 116 97 32 108 111 99 107 0 0 0 0 0 0 0 0 0 0 0 0 0 0 0 0 0 0 0 0 0 0 0 0 0 0 0 0 0 0 0 0 0 0 0 0 0 0 0 0 0 0 0 0 0 0 0 0 0 0 0 0 0 0 0 0 0 0 0 0 0 0 0 0 0 0 0 0 0 0 0 0 0 0 0 0 0 0 0 0 0 0 0 0 0 1 0 0 0 0 0 0 0 0 0 0 0 0 0 0 0 1 0 0 0 0 0 0 0 0 0 0 0 0 0 0 0 5 1 0 0 25 50 26 0 1 0 0 0 0 0 0 0 0 0 0 0 2 0 0 0 0 0 6 0 2 0 0 0 56 0 0 0 255 255 255 255 7 0 11 0 0 0 0 0 data 7 0xb0007 0x1da15 0x38 0x16c2e 0xf0003 0x16c2e 0x18 oops 0
ciMethod sun/awt/image/BufImgSurfaceData createData (Ljava/awt/image/BufferedImage;)Lsun/java2d/SurfaceData; 3073 1 2852 0 -1
ciMethod sun/awt/ConstrainableGraphics constrain (IIII)V 0 0 1 0 -1
ciMethod sun/java2d/SunGraphics2D invalidatePipe ()V 2057 1 1304 0 96
ciMethod sun/java2d/SunGraphics2D dispose ()V 3073 1 6462 0 96
ciMethodData javax/swing/RepaintManager currentManager (Ljavax/swing/JComponent;)Ljavax/swing/RepaintManager; 2 25688 orig 264 64 112 93 8 0 0 0 0 224 42 78 200 51 2 0 0 88 1 0 0 0 0 0 0 0 0 0 0 0 0 0 0 0 0 0 0 0 0 0 0 0 0 0 0 0 0 0 0 0 0 0 0 0 0 0 0 0 0 0 0 0 0 0 0 0 0 0 0 0 0 0 0 0 0 0 0 0 0 0 0 77 68 79 32 101 120 116 114 97 32 100 97 116 97 32 108 111 99 107 0 0 0 0 0 0 0 0 0 0 0 0 0 0 0 0 0 0 0 0 0 0 0 0 0 0 0 0 0 0 0 0 0 0 0 0 0 0 0 0 0 0 0 0 0 0 0 0 0 0 0 0 0 0 0 0 0 0 0 0 0 0 0 0 0 0 0 0 0 0 0 0 0 0 0 0 0 0 0 0 0 0 0 0 0 0 0 0 0 0 0 0 0 0 0 0 0 0 0 0 0 0 0 0 0 0 0 0 0 0 0 0 0 0 0 0 0 3 0 0 0 169 34 3 0 1 0 0 0 0 0 0 0 0 0 0 0 2 0 0 0 0 0 3 0 2 0 0 0 16 0 0 0 255 255 255 255 2 0 1 0 0 0 0 0 data 2 0x10002 0x6455 oops 0
ciMethodData javax/swing/RepaintManager currentManager (Ljava/awt/Component;)Ljavax/swing/RepaintManager; 2 25709 orig 264 64 112 93 8 0 0 0 0 144 41 78 200 51 2 0 0 104 1 0 0 0 0 0 0 0 0 0 0 0 0 0 0 0 0 0 0 0 0 0 0 0 0 0 0 0 0 0 0 0 0 0 0 0 0 0 0 0 0 0 0 0 0 0 0 0 0 0 0 0 0 0 0 0 0 0 0 0 0 0 0 77 68 79 32 101 120 116 114 97 32 100 97 116 97 32 108 111 99 107 0 0 0 0 0 0 0 0 0 0 0 0 0 0 0 0 0 0 0 0 0 0 0 0 0 0 0 0 0 0 0 0 0 0 0 0 0 0 0 0 0 0 0 0 0 0 0 0 0 0 0 0 0 0 0 0 0 0 0 0 0 0 0 0 0 0 0 0 0 0 0 0 0 0 0 0 0 0 0 0 0 0 0 0 0 0 0 0 0 0 0 0 0 0 0 0 0 0 0 0 0 0 0 0 0 0 0 0 0 0 0 0 0 0 0 0 0 3 0 0 0 81 35 3 0 1 0 0 0 0 0 0 0 0 0 0 0 2 0 0 0 0 0 3 0 2 0 0 0 32 0 0 0 255 255 255 255 2 0 0 0 0 0 0 0 data 4 0x2 0x646a 0x30002 0x646a oops 0
ciMethodData javax/swing/JComponent setFlag (IZ)V 2 110634 orig 264 64 112 93 8 0 0 0 0 128 159 15 200 51 2 0 0 104 1 0 0 0 0 0 0 0 0 0 0 0 0 0 0 0 0 0 0 0 0 0 0 0 0 0 0 0 0 0 0 0 0 0 0 0 0 0 0 0 0 0 0 0 0 0 0 0 0 0 0 0 0 0 0 0 0 0 0 0 0 0 0 77 68 79 32 101 120 116 114 97 32 100 97 116 97 32 108 111 99 107 0 0 0 0 0 0 0 0 0 0 0 0 0 0 0 0 0 0 0 0 0 0 0 0 0 0 0 0 0 0 0 0 0 0 0 0 0 0 0 0 0 0 0 0 0 0 0 0 0 0 0 0 0 0 0 0 0 0 0 0 0 0 0 0 0 0 0 0 0 0 0 0 0 0 0 0 0 0 0 0 0 0 0 0 0 1 0 0 0 0 0 0 0 0 0 0 0 0 0 0 0 1 0 0 0 0 0 0 0 0 0 0 0 0 0 0 0 2 1 0 0 65 121 13 0 1 0 0 0 0 0 0 0 0 0 0 0 2 0 0 0 0 0 6 0 2 0 0 0 56 0 0 0 255 255 255 255 7 0 1 0 0 0 0 0 data 7 0x10007 0xfbdf 0x38 0xb349 0x100003 0xb349 0x18 oops 0
ciMethodData java/awt/Component getGraphicsConfiguration ()Ljava/awt/GraphicsConfiguration; 2 18711 orig 264 64 112 93 8 0 0 0 0 224 33 11 200 51 2 0 0 120 1 0 0 0 0 0 0 0 0 0 0 0 0 0 0 0 0 0 0 0 0 0 0 0 0 0 0 0 0 0 0 0 0 0 0 0 0 0 0 0 0 0 0 0 0 0 0 0 0 0 0 0 0 0 0 0 0 0 0 0 0 0 0 77 68 79 32 101 120 116 114 97 32 100 97 116 97 32 108 111 99 107 0 0 0 0 0 0 0 0 0 0 0 0 0 0 0 0 0 0 0 0 0 0 0 0 0 0 0 0 0 0 0 0 0 0 0 0 0 0 0 0 0 0 0 0 0 0 0 0 0 0 0 0 0 0 0 0 0 0 0 0 0 0 0 0 0 0 0 0 0 0 0 0 0 0 0 0 0 0 0 0 0 0 0 0 0 0 0 0 0 0 0 0 0 0 0 0 0 0 0 0 0 0 0 0 0 0 0 0 0 0 0 0 0 0 0 0 0 0 1 0 0 185 64 2 0 1 0 0 0 0 0 0 0 0 0 0 0 2 0 0 0 0 0 3 0 2 0 0 0 48 0 0 0 255 255 255 255 5 0 1 0 0 0 0 0 data 6 0x10005 0x46b5 0x233dc43b0e0 0x1b 0x233dc3ce720 0x147 oops 2 2 com/altera/sopceditor/widgets/HierarchyWidget 4 javax/swing/JPanel
ciMethodData java/util/ArrayList remove (I)Ljava/lang/Object; 2 5649 orig 264 64 112 93 8 0 0 0 0 240 27 232 199 51 2 0 0 240 1 0 0 96 0 0 0 0 0 0 0 0 0 0 0 0 0 0 0 0 0 0 0 0 0 0 0 0 0 0 0 0 0 0 0 0 0 0 0 0 0 0 0 0 0 0 0 0 0 0 0 0 0 0 0 0 0 0 0 0 0 0 0 77 68 79 32 101 120 116 114 97 32 100 97 116 97 32 108 111 99 107 0 0 0 0 0 0 0 0 0 0 0 0 0 0 0 0 0 0 0 0 0 0 0 0 0 0 0 0 0 0 0 0 0 0 0 0 0 0 0 0 0 0 0 0 0 0 0 0 0 0 0 0 0 0 0 0 0 0 0 0 0 0 0 0 0 0 0 0 0 0 0 0 0 0 0 0 0 0 0 0 0 0 0 0 0 0 0 0 0 0 0 0 0 0 0 0 0 0 0 0 0 0 0 0 0 0 0 0 0 0 0 0 0 0 0 0 0 0 2 0 0 137 160 0 0 1 0 0 0 0 0 0 0 0 0 0 0 2 0 0 0 0 0 9 0 2 0 0 0 160 0 0 0 255 255 255 255 2 0 2 0 0 0 0 0 data 20 0x20002 0x1411 0x110005 0x0 0x233dc7f7cb0 0x1411 0x0 0x0 0x1f0007 0x1394 0x30 0x7d 0x2f0002 0x7d 0x420104 0x0 0x0 0x0 0x0 0x0 oops 1 4 java/util/ArrayList
ciMethod sun/java2d/d3d/D3DSurfaceData setSurfaceLost (Z)V 521 1 525 0 0
ciMethodData java/awt/Component isVisible ()Z 2 20882 orig 264 64 112 93 8 0 0 0 0 32 41 11 200 51 2 0 0 120 1 0 0 0 0 0 0 0 0 0 0 0 0 0 0 0 0 0 0 0 0 0 0 0 0 0 0 0 0 0 0 0 0 0 0 0 0 0 0 0 0 0 0 0 0 0 0 0 0 0 0 0 0 0 0 0 0 0 0 0 0 0 0 77 68 79 32 101 120 116 114 97 32 100 97 116 97 32 108 111 99 107 0 0 0 0 0 0 0 0 0 0 0 0 0 0 0 0 0 0 0 0 0 0 0 0 0 0 0 0 0 0 0 0 0 0 0 0 0 0 0 0 0 0 0 0 0 0 0 0 0 0 0 0 0 0 0 0 0 0 0 0 0 0 0 0 0 0 0 0 0 0 0 0 0 0 0 0 0 0 0 0 0 0 0 0 0 0 0 0 0 0 0 0 0 0 0 0 0 0 0 0 0 0 0 0 0 0 0 0 0 0 0 0 0 0 0 0 0 0 1 0 0 145 132 2 0 1 0 0 0 0 0 0 0 0 0 0 0 2 0 0 0 0 0 3 0 2 0 0 0 48 0 0 0 255 255 255 255 5 0 1 0 0 0 0 0 data 6 0x10005 0x506d 0x233e3d9b2d0 0x1e 0x233e3d9d480 0x7 oops 2 2 javax/swing/JMenu 4 javax/swing/JMenuBar
ciMethodData java/awt/Container getComponent (I)Ljava/awt/Component; 2 5571 orig 264 64 112 93 8 0 0 0 0 232 118 12 200 51 2 0 0 96 2 0 0 0 0 0 0 0 0 0 0 0 0 0 0 0 0 0 0 0 0 0 0 0 0 0 0 0 0 0 0 0 0 0 0 0 0 0 0 0 0 0 0 0 0 0 0 0 0 0 0 0 0 0 0 0 0 0 0 0 0 0 0 77 68 79 32 101 120 116 114 97 32 100 97 116 97 32 108 111 99 107 0 0 0 0 0 0 0 0 0 0 0 0 0 0 0 0 0 0 0 0 0 0 0 0 0 0 0 0 0 0 0 0 0 0 0 0 0 0 0 0 0 0 0 0 0 0 0 0 0 0 0 0 0 0 0 0 0 0 0 0 0 0 0 0 0 0 0 0 0 0 0 0 0 0 0 0 0 0 0 0 0 0 0 0 0 25 0 0 0 0 0 0 0 0 0 0 0 0 0 0 0 1 0 0 0 0 0 0 0 0 0 0 0 0 0 0 0 131 1 0 0 1 162 0 0 1 0 0 0 0 0 0 0 0 0 0 0 2 0 0 0 0 0 5 0 2 0 0 0 16 1 0 0 255 255 255 255 5 0 5 0 0 0 0 0 data 34 0x50005 0x0 0x233dc7f7cb0 0x1440 0x0 0x0 0xa0004 0x0 0x233e3d9b2d0 0x20 0x233e3d9b380 0x6 0x170002 0x0 0x1c0005 0x0 0x0 0x0 0x0 0x0 0x200005 0x0 0x0 0x0 0x0 0x0 0x230005 0x0 0x0 0x0 0x0 0x0 0x260002 0x0 oops 3 2 java/util/ArrayList 8 javax/swing/JMenu 10 com/altera/ui/components/ColoredStatusLabel
ciMethodData javax/swing/JComponent getWidth ()I 2 101519 orig 264 64 112 93 8 0 0 0 0 120 128 15 200 51 2 0 0 48 1 0 0 0 0 0 0 0 0 0 0 0 0 0 0 0 0 0 0 0 0 0 0 0 0 0 0 0 0 0 0 0 0 0 0 0 0 0 0 0 0 0 0 0 0 0 0 0 0 0 0 0 0 0 0 0 0 0 0 0 0 0 0 77 68 79 32 101 120 116 114 97 32 100 97 116 97 32 108 111 99 107 0 0 0 0 0 0 0 0 0 0 0 0 0 0 0 0 0 0 0 0 0 0 0 0 0 0 0 0 0 0 0 0 0 0 0 0 0 0 0 0 0 0 0 0 0 0 0 0 0 0 0 0 0 0 0 0 0 0 0 0 0 0 0 0 0 0 0 0 0 0 0 0 0 0 0 0 0 0 0 0 0 0 0 0 0 0 0 0 0 0 0 0 0 0 0 0 0 0 0 0 0 0 0 0 0 0 0 0 0 0 0 0 0 0 0 0 0 2 1 0 0 105 92 12 0 1 0 0 0 0 0 0 0 0 0 0 0 2 0 0 0 0 0 3 0 2 0 0 0 16 0 0 0 255 255 255 255 2 0 1 0 0 0 0 0 data 2 0x10002 0x18b8d oops 0
ciMethodData javax/swing/JComponent getHeight ()I 2 96035 orig 264 64 112 93 8 0 0 0 0 16 129 15 200 51 2 0 0 48 1 0 0 0 0 0 0 0 0 0 0 0 0 0 0 0 0 0 0 0 0 0 0 0 0 0 0 0 0 0 0 0 0 0 0 0 0 0 0 0 0 0 0 0 0 0 0 0 0 0 0 0 0 0 0 0 0 0 0 0 0 0 0 77 68 79 32 101 120 116 114 97 32 100 97 116 97 32 108 111 99 107 0 0 0 0 0 0 0 0 0 0 0 0 0 0 0 0 0 0 0 0 0 0 0 0 0 0 0 0 0 0 0 0 0 0 0 0 0 0 0 0 0 0 0 0 0 0 0 0 0 0 0 0 0 0 0 0 0 0 0 0 0 0 0 0 0 0 0 0 0 0 0 0 0 0 0 0 0 0 0 0 0 0 0 0 0 0 0 0 0 0 0 0 0 0 0 0 0 0 0 0 0 0 0 0 0 0 0 0 0 0 0 0 0 0 0 0 0 5 1 0 0 241 176 11 0 1 0 0 0 0 0 0 0 0 0 0 0 2 0 0 0 0 0 3 0 2 0 0 0 16 0 0 0 255 255 255 255 2 0 1 0 0 0 0 0 data 2 0x10002 0x1761e oops 0
ciMethodData sun/awt/image/SunVolatileImage validate (Ljava/awt/GraphicsConfiguration;)I 2 5632 orig 264 64 112 93 8 0 0 0 0 56 45 64 200 51 2 0 0 128 1 0 0 0 0 0 0 0 0 0 0 0 0 0 0 0 0 0 0 0 0 0 0 0 0 0 0 0 0 0 0 0 0 0 0 0 0 0 0 0 0 0 0 0 0 0 0 0 0 0 0 0 0 0 0 0 0 0 0 0 0 0 0 77 68 79 32 101 120 116 114 97 32 100 97 116 97 32 108 111 99 107 0 0 0 0 0 0 0 0 0 0 0 0 0 0 0 0 0 0 0 0 0 0 0 0 0 0 0 0 0 0 0 0 0 0 0 0 0 0 0 0 0 0 0 0 0 0 0 0 0 0 0 0 0 0 0 0 0 0 0 0 0 0 0 0 0 0 0 0 0 0 0 0 0 0 0 0 0 0 0 0 0 0 0 0 0 0 0 0 0 0 0 0 0 0 0 0 0 0 0 0 0 0 0 0 0 0 0 0 0 0 0 0 0 0 0 0 0 0 2 0 0 1 160 0 0 1 0 0 0 0 0 0 0 0 0 0 0 2 0 0 0 0 0 3 0 2 0 0 0 48 0 0 0 255 255 255 255 5 0 5 0 0 0 0 0 data 6 0x50005 0x0 0x233cb008de0 0x1400 0x0 0x0 oops 1 2 sun/java2d/d3d/D3DVolatileSurfaceManager
ciMethodData sun/awt/image/VolatileSurfaceManager validate (Ljava/awt/GraphicsConfiguration;)I 2 5631 orig 264 64 112 93 8 0 0 0 0 40 112 64 200 51 2 0 0 0 5 0 0 64 3 0 0 0 0 0 0 0 0 0 0 0 0 0 0 0 0 0 0 0 0 0 0 0 0 0 0 0 0 0 0 0 0 0 0 0 0 0 0 0 0 0 0 0 0 0 0 0 0 0 0 0 0 0 0 0 0 0 0 77 68 79 32 101 120 116 114 97 32 100 97 116 97 32 108 111 99 107 0 0 0 0 0 0 0 0 0 0 0 0 0 0 0 0 0 0 0 0 0 0 0 0 0 0 0 0 0 0 0 0 0 0 0 0 0 0 0 0 0 0 0 0 0 0 0 0 0 0 0 0 0 0 0 0 0 0 0 0 0 0 0 0 0 0 0 0 0 0 0 0 0 0 0 0 0 0 0 0 0 0 0 0 0 0 0 0 0 0 0 0 0 0 0 0 0 0 0 0 0 0 0 0 0 0 0 0 0 0 0 0 0 0 0 0 0 255 1 0 0 1 160 0 0 1 0 0 0 0 0 0 0 0 0 0 0 2 0 0 0 0 0 28 0 2 0 0 0 176 3 0 0 255 255 255 255 5 0 13 0 0 0 0 0 data 118 0xd0005 0x0 0x233cb008de0 0x1400 0x0 0x0 0x100007 0x0 0x2a0 0x1400 0x150005 0x0 0x233cb008de0 0x1400 0x0 0x0 0x180007 0x1400 0x38 0x0 0x1d0003 0x0 0x280 0x240007 0x1400 0xd0 0x0 0x290005 0x0 0x0 0x0 0x0 0x0 0x330007 0x0 0x38 0x0 0x450003 0x0 0x1f8 0x4a0005 0x0 0x0 0x0 0x0 0x0 0x500003 0x0 0x1b0 0x570005 0x0 0x233cb00de70 0x1400 0x0 0x0 0x5a0007 0x13ff 0xe0 0x1 0x5e0005 0x0 0x233cb008de0 0x1 0x0 0x0 0x6e0005 0x0 0x233cb00de70 0x1 0x0 0x0 0x780003 0x1 0xe8 0x7f0005 0x0 0x0 0x0 0x0 0x0 0x850003 0x0 0xa0 0x890007 0x13ff 0x88 0x0 0x8e0003 0x0 0x68 0x950007 0x0 0x50 0x0 0x9a0005 0x0 0x0 0x0 0x0 0x0 0xa90007 0x0 0x40 0x1400 0xb40007 0x11cd 0x20 0x233 0xc30007 0x11cd 0x50 0x233 0xc70005 0x0 0x233cb008de0 0x233 0x0 0x0 oops 6 2 sun/java2d/d3d/D3DVolatileSurfaceManager 12 sun/java2d/d3d/D3DVolatileSurfaceManager 51 sun/java2d/d3d/D3DSurfaceData 61 sun/java2d/d3d/D3DVolatileSurfaceManager 67 sun/java2d/d3d/D3DSurfaceData 114 sun/java2d/d3d/D3DVolatileSurfaceManager
ciMethodData sun/java2d/d3d/D3DVolatileSurfaceManager isConfigValid (Ljava/awt/GraphicsConfiguration;)Z 2 5631 orig 264 64 112 93 8 0 0 0 0 112 201 141 204 51 2 0 0 216 1 0 0 80 0 0 0 0 0 0 0 0 0 0 0 0 0 0 0 0 0 0 0 0 0 0 0 0 0 0 0 0 0 0 0 0 0 0 0 0 0 0 0 0 0 0 0 0 0 0 0 0 0 0 0 0 0 0 0 0 0 0 0 77 68 79 32 101 120 116 114 97 32 100 97 116 97 32 108 111 99 107 0 0 0 0 0 0 0 0 0 0 0 0 0 0 0 0 0 0 0 0 0 0 0 0 0 0 0 0 0 0 0 0 0 0 0 0 0 0 0 0 0 0 0 0 0 0 0 0 0 0 0 0 0 0 0 0 0 0 0 0 0 0 0 0 0 0 0 0 0 0 0 0 0 0 0 0 0 0 0 0 0 0 0 0 0 0 0 0 0 0 0 0 0 0 0 0 0 0 0 0 0 0 0 0 0 0 0 0 0 0 0 0 0 0 0 0 0 0 2 0 0 249 159 0 0 1 0 0 0 0 0 0 0 0 0 0 0 2 0 0 0 0 0 9 0 2 0 0 0 136 0 0 0 255 255 255 255 7 0 1 0 0 0 0 0 data 17 0x10007 0x0 0x70 0x13ff 0x90005 0x0 0x233c9fc4460 0x13ff 0x0 0x0 0xc0007 0x0 0x38 0x13ff 0x100003 0x13ff 0x18 oops 1 6 sun/awt/image/SunVolatileImage
ciMethodData sun/java2d/d3d/D3DVolatileSurfaceManager initContents ()V 1 1207 orig 264 64 112 93 8 0 0 0 0 88 205 141 204 51 2 0 0 168 1 0 0 0 0 0 0 0 0 0 0 0 0 0 0 0 0 0 0 0 0 0 0 0 0 0 0 0 0 0 0 0 0 0 0 0 0 0 0 0 0 0 0 0 0 0 0 0 0 0 0 0 0 0 0 0 0 0 0 0 0 0 0 77 68 79 32 101 120 116 114 97 32 100 97 116 97 32 108 111 99 107 0 0 0 0 0 0 0 0 0 0 0 0 0 0 0 0 0 0 0 0 0 0 0 0 0 0 0 0 0 0 0 0 0 0 0 0 0 0 0 0 0 0 0 0 0 0 0 0 0 0 0 0 0 0 0 0 0 0 0 0 0 0 0 0 0 0 0 0 0 0 0 0 0 0 0 0 0 0 0 0 0 0 0 0 0 0 0 0 0 0 0 0 0 0 0 0 0 0 0 0 0 0 0 0 0 0 0 0 0 0 0 0 0 0 0 0 0 0 1 0 0 185 29 0 0 1 0 0 0 0 0 0 0 0 0 0 0 2 0 0 0 0 0 6 0 2 0 0 0 96 0 0 0 255 255 255 255 5 0 4 0 0 0 0 0 data 12 0x40005 0x0 0x233c9fc4460 0x3b7 0x0 0x0 0x80007 0x0 0x30 0x3b7 0xc0002 0x3b7 oops 1 2 sun/awt/image/SunVolatileImage
ciMethodData sun/awt/image/VolatileSurfaceManager initContents ()V 1 1207 orig 264 64 112 93 8 0 0 0 0 200 114 64 200 51 2 0 0 88 2 0 0 0 0 0 0 0 0 0 0 0 0 0 0 0 0 0 0 0 0 0 0 0 0 0 0 0 0 0 0 0 0 0 0 0 0 0 0 0 0 0 0 0 0 0 0 0 0 0 0 0 0 0 0 0 0 0 0 0 0 0 0 77 68 79 32 101 120 116 114 97 32 100 97 116 97 32 108 111 99 107 0 0 0 0 0 0 0 0 0 0 0 0 0 0 0 0 0 0 0 0 0 0 0 0 0 0 0 0 0 0 0 0 0 0 0 0 0 0 0 0 0 0 0 0 0 0 0 0 0 0 0 0 0 0 0 0 0 0 0 0 0 0 0 0 0 0 0 0 0 0 0 0 0 0 0 0 0 0 0 0 0 0 0 0 0 0 0 0 0 0 0 0 0 0 0 0 0 0 0 0 0 0 0 0 0 0 0 0 0 0 0 0 0 0 0 0 0 0 1 0 0 185 29 0 0 1 0 0 0 0 0 0 0 0 0 0 0 2 0 0 0 0 0 13 0 2 0 0 0 16 1 0 0 255 255 255 255 7 0 4 0 0 0 0 0 data 34 0x40007 0x0 0x110 0x3b7 0xb0005 0x0 0x233c9fc4460 0x3b7 0x0 0x0 0x160005 0x0 0x233c9fc4460 0x3b7 0x0 0x0 0x1d0005 0x0 0x233c9fc4460 0x3b7 0x0 0x0 0x200005 0x0 0x233dc7f82e0 0x3b7 0x0 0x0 0x240005 0x0 0x233dc7f82e0 0x3b7 0x0 0x0 oops 5 6 sun/awt/image/SunVolatileImage 12 sun/awt/image/SunVolatileImage 18 sun/awt/image/SunVolatileImage 24 sun/java2d/SunGraphics2D 30 sun/java2d/SunGraphics2D
ciMethodData sun/java2d/d3d/D3DVolatileSurfaceManager initAcceleratedSurface ()Lsun/java2d/SurfaceData; 1 604 orig 264 64 112 93 8 0 0 0 0 200 200 141 204 51 2 0 0 208 4 0 0 176 2 0 0 0 0 0 0 0 0 0 0 0 0 0 0 0 0 0 0 0 0 0 0 0 0 0 0 0 0 0 0 0 0 0 0 0 0 0 0 0 0 0 0 0 0 0 0 0 0 0 0 0 0 0 0 0 0 0 0 77 68 79 32 101 120 116 114 97 32 100 97 116 97 32 108 111 99 107 0 0 0 0 0 0 0 0 0 0 0 0 0 0 0 0 0 0 0 0 0 0 0 0 0 0 0 0 0 0 0 0 0 0 0 0 0 0 0 0 0 0 0 0 0 0 0 0 0 0 0 0 0 0 0 0 0 0 0 0 0 0 0 0 0 0 0 0 0 0 0 0 0 0 0 0 0 0 0 0 0 0 0 0 0 0 0 0 0 0 0 0 0 0 0 0 0 0 0 0 0 0 0 0 0 0 0 0 0 0 0 0 0 0 0 0 0 0 1 0 0 225 10 0 0 1 0 0 0 0 0 0 0 0 0 0 0 2 0 0 0 0 0 20 0 2 0 0 0 136 3 0 0 255 255 255 255 5 0 4 0 0 0 0 0 data 113 0x40005 0x0 0x233c9fc4460 0x15c 0x0 0x0 0x90007 0x15c 0x98 0x0 0xd0005 0x0 0x0 0x0 0x0 0x0 0x100004 0x0 0x0 0x0 0x0 0x0 0x130003 0x0 0x18 0x1f0104 0x0 0x0 0x0 0x0 0x0 0x220007 0x15c 0x80 0x0 0x290004 0x0 0x0 0x0 0x0 0x0 0x2c0005 0x0 0x0 0x0 0x0 0x0 0x330007 0x15c 0x48 0x0 0x3b0002 0x0 0x3f0003 0x0 0x198 0x460005 0x0 0x233c9fc4460 0x15c 0x0 0x0 0x490004 0x0 0x233e4ae1930 0x15c 0x0 0x0 0x540005 0x0 0x233c9fc4460 0x15c 0x0 0x0 0x570005 0x0 0x233e4ae1930 0x15c 0x0 0x0 0x600005 0x0 0x233c9fc4460 0x15c 0x0 0x0 0x670007 0x0 0x20 0x15c 0x730005 0x0 0x233c9fc4460 0x15c 0x0 0x0 0x7a0005 0x0 0x233c9fc4460 0x15c 0x0 0x0 0x850002 0x15c 0x890003 0x15c 0x48 0x900003 0x0 0x30 0x970003 0x0 0x18 oops 8 2 sun/awt/image/SunVolatileImage 58 sun/awt/image/SunVolatileImage 64 sun/java2d/d3d/D3DGraphicsConfig 70 sun/awt/image/SunVolatileImage 76 sun/java2d/d3d/D3DGraphicsConfig 82 sun/awt/image/SunVolatileImage 92 sun/awt/image/SunVolatileImage 98 sun/awt/image/SunVolatileImage
ciMethodData java/awt/Component getGraphics ()Ljava/awt/Graphics; 2 10506 orig 264 64 112 93 8 0 0 0 0 176 110 11 200 51 2 0 0 248 3 0 0 64 1 0 0 0 0 0 0 0 0 0 0 0 0 0 0 0 0 0 0 0 0 0 0 0 0 0 0 0 0 0 0 0 0 0 0 0 0 0 0 0 0 0 0 0 0 0 0 0 0 0 0 0 0 0 0 0 0 0 0 77 68 79 32 101 120 116 114 97 32 100 97 116 97 32 108 111 99 107 0 0 0 0 0 0 0 0 0 0 0 0 0 0 0 0 0 0 0 0 0 0 0 0 0 0 0 0 0 0 0 0 0 0 0 0 0 0 0 0 0 0 0 0 0 1 0 0 0 0 0 0 0 0 0 0 0 0 0 0 0 0 0 0 0 0 0 0 3 0 0 0 0 0 0 0 0 0 0 0 0 0 0 0 0 17 0 0 0 0 0 0 0 0 0 0 0 0 0 0 0 0 0 0 0 0 0 0 0 0 0 0 0 0 0 0 0 4 1 0 0 49 64 1 0 1 0 0 0 7 20 0 0 0 0 0 0 2 0 0 0 0 0 15 0 2 0 0 0 176 2 0 0 255 255 255 255 4 0 4 0 0 0 0 0 data 86 0x40004 0xfffffffffffff983 0x233e4ae2340 0x2189 0x233e4ae23f0 0x19 0x70007 0x67d 0x218 0x2189 0xe0007 0x2189 0x20 0x0 0x170005 0x11f0 0x233dc3ce720 0x92e 0x233dd148410 0x66b 0x1c0007 0x2189 0x20 0x0 0x220004 0x0 0x233dc7f82e0 0x2189 0x0 0x0 0x250007 0x0 0x98 0x2189 0x290004 0x0 0x233dc7f82e0 0x2189 0x0 0x0 0x3c0005 0x0 0x233dc7f82e0 0x2189 0x0 0x0 0x410003 0x218a 0x78 0x4d0005 0x0 0x0 0x0 0x0 0x0 0x5b0005 0x0 0x0 0x0 0x0 0x0 0x600005 0x14a5 0x233c9fc4510 0x676 0x233dd148410 0x66f 0x630005 0x0 0x233dc7f82e0 0x218a 0x0 0x0 0x6e0007 0x0 0x68 0x67d 0x727005 0x2f 0x233e4ae24a0 0x57a 0x233e4ae2550 0xd7 0x770003 0x680 0x18 oops 12 2 sun/awt/NullComponentPeer 4 sun/awt/windows/WWindowPeer 16 javax/swing/JPanel 18 javax/swing/JLayeredPane 26 sun/java2d/SunGraphics2D 36 sun/java2d/SunGraphics2D 42 sun/java2d/SunGraphics2D 63 javax/swing/JRootPane 65 javax/swing/JLayeredPane 69 sun/java2d/SunGraphics2D 79 sun/awt/windows/WDialogPeer 81 sun/awt/windows/WFramePeer
ciMethodData java/awt/Container getComponents ()[Ljava/awt/Component; 2 10072 orig 264 64 112 93 8 0 0 0 0 128 119 12 200 51 2 0 0 120 1 0 0 0 0 0 0 0 0 0 0 0 0 0 0 0 0 0 0 0 0 0 0 0 0 0 0 0 0 0 0 0 0 0 0 0 0 0 0 0 0 0 0 0 0 0 0 0 0 0 0 0 0 0 0 0 0 0 0 0 0 0 0 77 68 79 32 101 120 116 114 97 32 100 97 116 97 32 108 111 99 107 0 0 0 0 0 0 0 0 0 0 0 0 0 0 0 0 0 0 0 0 0 0 0 0 0 0 0 0 0 0 0 0 0 0 0 0 0 0 0 0 0 0 0 0 0 0 0 0 0 0 0 0 0 0 0 0 0 0 0 0 0 0 0 0 0 0 0 0 0 0 0 0 0 0 0 0 0 0 0 0 0 0 0 0 0 0 0 0 0 0 0 0 0 0 0 0 0 0 0 0 0 0 0 0 0 0 0 0 0 0 0 0 0 0 0 0 0 128 1 0 0 193 46 1 0 1 0 0 0 0 0 0 0 0 0 0 0 2 0 0 0 0 0 3 0 2 0 0 0 48 0 0 0 255 255 255 255 5 0 1 0 0 0 0 0 data 6 0x10005 0x1f27 0x233dcf4ce00 0x28 0x233dc7f7e10 0x689 oops 2 2 javax/swing/JToolBar 4 bibliothek/gui/dock/StackDockStation$Background
ciMethodData java/awt/Container getComponents_NoClientCode ()[Ljava/awt/Component; 2 10072 orig 264 64 112 93 8 0 0 0 0 32 120 12 200 51 2 0 0 168 1 0 0 0 0 0 0 0 0 0 0 0 0 0 0 0 0 0 0 0 0 0 0 0 0 0 0 0 0 0 0 0 0 0 0 0 0 0 0 0 0 0 0 0 0 0 0 0 0 0 0 0 0 0 0 0 0 0 0 0 0 0 0 77 68 79 32 101 120 116 114 97 32 100 97 116 97 32 108 111 99 107 0 0 0 0 0 0 0 0 0 0 0 0 0 0 0 0 0 0 0 0 0 0 0 0 0 0 0 0 0 0 0 0 0 0 0 0 0 0 0 0 0 0 0 0 0 0 0 0 0 0 0 0 0 0 0 0 0 0 0 0 0 0 0 0 0 0 0 0 0 0 0 0 0 0 0 0 0 0 0 0 0 0 0 0 0 0 0 0 0 0 0 0 0 0 0 0 0 0 0 0 0 0 0 0 0 0 0 0 0 0 0 0 0 0 0 0 0 128 1 0 0 193 46 1 0 1 0 0 0 0 0 0 0 0 0 0 0 2 0 0 0 0 0 3 0 2 0 0 0 96 0 0 0 255 255 255 255 5 0 7 0 0 0 0 0 data 12 0x70005 0x0 0x233dc7f7cb0 0x25d8 0x0 0x0 0xc0004 0x0 0x233ce597cf0 0x25d8 0x0 0x0 oops 2 2 java/util/ArrayList 8 [Ljava/awt/Component;
ciMethodData javax/swing/JComponent getGraphics ()Ljava/awt/Graphics; 2 5393 orig 264 64 112 93 8 0 0 0 0 160 74 15 200 51 2 0 0 232 1 0 0 128 0 0 0 0 0 0 0 0 0 0 0 0 0 0 0 0 0 0 0 0 0 0 0 0 0 0 0 0 0 0 0 0 0 0 0 0 0 0 0 0 0 0 0 0 0 0 0 0 0 0 0 0 0 0 0 0 0 0 0 77 68 79 32 101 120 116 114 97 32 100 97 116 97 32 108 111 99 107 0 0 0 0 0 0 0 0 0 0 0 0 0 0 0 0 0 0 0 0 0 0 0 0 0 0 0 0 0 0 0 0 0 0 0 0 0 0 0 0 0 0 0 0 0 0 0 0 0 0 0 0 0 0 0 0 0 0 0 0 0 0 0 0 0 0 0 0 0 0 0 0 0 0 0 0 0 0 0 0 0 0 0 0 0 0 0 0 0 0 0 0 0 0 0 0 0 0 0 0 0 0 0 0 0 0 0 0 0 0 0 0 0 0 0 0 0 3 1 0 0 113 160 0 0 1 0 0 0 0 0 0 0 0 0 0 0 2 0 0 0 0 0 8 0 2 0 0 0 160 0 0 0 255 255 255 255 7 0 3 0 0 0 0 0 data 20 0x30007 0x140e 0x90 0x0 0x70005 0x0 0x0 0x0 0x0 0x0 0xa0007 0x0 0x40 0x0 0x120002 0x0 0x160002 0x0 0x1d0002 0x140e oops 0
ciMethodData javax/swing/RepaintManager getPaintManager ()Ljavax/swing/RepaintManager$PaintManager; 2 5378 orig 264 64 112 93 8 0 0 0 0 96 89 78 200 51 2 0 0 72 3 0 0 184 1 0 0 0 0 0 0 0 0 0 0 0 0 0 0 0 0 0 0 0 0 0 0 0 0 0 0 0 0 0 0 0 0 0 0 0 0 0 0 0 0 0 0 0 0 0 0 0 0 0 0 0 0 0 0 0 0 0 0 77 68 79 32 101 120 116 114 97 32 100 97 116 97 32 108 111 99 107 0 0 0 0 0 0 0 0 0 0 0 0 0 0 0 0 0 0 0 0 0 0 0 0 0 0 0 0 0 0 0 0 0 0 0 0 0 0 0 0 0 0 0 0 0 0 0 0 0 0 0 0 0 0 0 0 0 0 0 0 0 0 0 0 0 0 0 0 0 0 0 0 0 0 0 0 0 0 0 0 0 0 0 0 0 25 0 0 0 0 0 0 0 0 0 0 0 0 0 0 0 0 0 0 0 0 0 0 0 0 0 0 0 0 0 0 0 0 1 0 0 17 160 0 0 1 0 0 0 0 0 0 0 0 0 0 0 2 0 0 0 0 0 24 0 2 0 0 0 0 2 0 0 255 255 255 255 7 0 4 0 0 0 0 0 data 64 0x40007 0x1402 0x200 0x0 0xd0007 0x0 0x1b0 0x0 0x130007 0x0 0x190 0x0 0x1a0008 0x6 0x0 0x170 0x0 0x40 0x0 0x148 0x340002 0x0 0x390004 0x0 0x0 0x0 0x0 0x0 0x3c0007 0x0 0xf0 0x0 0x400004 0x0 0x0 0x0 0x0 0x0 0x450005 0x0 0x0 0x0 0x0 0x0 0x480007 0x0 0x30 0x0 0x4f0002 0x0 0x530003 0x0 0x40 0x5a0002 0x0 0x5e0003 0x0 0x18 0x630005 0x0 0x0 0x0 0x0 0x0 oops 0
ciMethodData javax/swing/RepaintManager useVolatileDoubleBuffer ()Z 2 7554 orig 264 64 112 93 8 0 0 0 0 240 79 78 200 51 2 0 0 32 1 0 0 0 0 0 0 0 0 0 0 0 0 0 0 0 0 0 0 0 0 0 0 0 0 0 0 0 0 0 0 0 0 0 0 0 0 0 0 0 0 0 0 0 0 0 0 0 0 0 0 0 0 0 0 0 0 0 0 0 0 0 0 77 68 79 32 101 120 116 114 97 32 100 97 116 97 32 108 111 99 107 0 0 0 0 0 0 0 0 0 0 0 0 0 0 0 0 0 0 0 0 0 0 0 0 0 0 0 0 0 0 0 0 0 0 0 0 0 0 0 0 0 0 0 0 0 0 0 0 0 0 0 0 0 0 0 0 0 0 0 0 0 0 0 0 0 0 0 0 0 0 0 0 0 0 0 0 0 0 0 0 0 0 0 0 0 0 0 0 0 0 0 0 0 0 0 0 0 0 0 0 0 0 0 0 0 0 0 0 0 0 0 0 0 0 0 0 0 0 1 0 0 17 228 0 0 1 0 0 0 0 0 0 0 0 0 0 0 2 0 0 0 0 0 0 0 0 0 0 0 0 0 0 0 255 255 255 255 0 0 0 0 0 0 0 0 data 0 oops 0
ciMethodData javax/swing/JComponent setPaintingChild (Ljava/awt/Component;)V 2 43237 orig 264 64 112 93 8 0 0 0 0 208 150 15 200 51 2 0 0 40 1 0 0 0 0 0 0 0 0 0 0 0 0 0 0 0 0 0 0 0 0 0 0 0 0 0 0 0 0 0 0 0 0 0 0 0 0 0 0 0 0 0 0 0 0 0 0 0 0 0 0 0 0 0 0 0 0 0 0 0 0 0 0 77 68 79 32 101 120 116 114 97 32 100 97 116 97 32 108 111 99 107 0 0 0 0 0 0 0 0 0 0 0 0 0 0 0 0 0 0 0 0 0 0 0 0 0 0 0 0 0 0 0 0 0 0 0 0 0 0 0 0 0 0 0 0 0 0 0 0 0 0 0 0 0 0 0 0 0 0 0 0 0 0 0 0 0 0 0 0 0 0 0 0 0 0 0 0 0 0 0 0 0 0 0 0 0 1 0 0 0 0 0 0 0 0 0 0 0 0 0 0 0 1 0 0 0 0 0 0 0 0 0 0 0 0 0 0 0 0 1 0 0 41 63 5 0 1 0 0 0 0 0 0 0 0 0 0 0 2 0 0 0 0 0 3 0 1 0 0 0 0 0 0 0 255 255 255 255 0 0 0 0 0 0 0 0 data 0 oops 0
ciMethodData sun/awt/image/SunVolatileImage getWidth (Ljava/awt/image/ImageObserver;)I 2 5377 orig 264 64 112 93 8 0 0 0 0 168 42 64 200 51 2 0 0 128 1 0 0 0 0 0 0 0 0 0 0 0 0 0 0 0 0 0 0 0 0 0 0 0 0 0 0 0 0 0 0 0 0 0 0 0 0 0 0 0 0 0 0 0 0 0 0 0 0 0 0 0 0 0 0 0 0 0 0 0 0 0 0 77 68 79 32 101 120 116 114 97 32 100 97 116 97 32 108 111 99 107 0 0 0 0 0 0 0 0 0 0 0 0 0 0 0 0 0 0 0 0 0 0 0 0 0 0 0 0 0 0 0 0 0 0 0 0 0 0 0 0 0 0 0 0 0 0 0 0 0 0 0 0 0 0 0 0 0 0 0 0 0 0 0 0 0 0 0 0 0 0 0 0 0 0 0 0 0 0 0 0 0 0 0 0 0 0 0 0 0 0 0 0 0 0 0 0 0 0 0 0 0 0 0 0 0 0 0 0 0 0 0 0 0 0 0 0 0 1 1 0 0 1 160 0 0 1 0 0 0 0 0 0 0 0 0 0 0 2 0 0 0 0 0 3 0 2 0 0 0 48 0 0 0 255 255 255 255 5 0 1 0 0 0 0 0 data 6 0x10005 0x0 0x233c9fc4460 0x1400 0x0 0x0 oops 1 2 sun/awt/image/SunVolatileImage
ciMethodData sun/awt/image/SunVolatileImage getHeight (Ljava/awt/image/ImageObserver;)I 2 5377 orig 264 64 112 93 8 0 0 0 0 64 43 64 200 51 2 0 0 128 1 0 0 0 0 0 0 0 0 0 0 0 0 0 0 0 0 0 0 0 0 0 0 0 0 0 0 0 0 0 0 0 0 0 0 0 0 0 0 0 0 0 0 0 0 0 0 0 0 0 0 0 0 0 0 0 0 0 0 0 0 0 0 77 68 79 32 101 120 116 114 97 32 100 97 116 97 32 108 111 99 107 0 0 0 0 0 0 0 0 0 0 0 0 0 0 0 0 0 0 0 0 0 0 0 0 0 0 0 0 0 0 0 0 0 0 0 0 0 0 0 0 0 0 0 0 0 0 0 0 0 0 0 0 0 0 0 0 0 0 0 0 0 0 0 0 0 0 0 0 0 0 0 0 0 0 0 0 0 0 0 0 0 0 0 0 0 0 0 0 0 0 0 0 0 0 0 0 0 0 0 0 0 0 0 0 0 0 0 0 0 0 0 0 0 0 0 0 0 1 1 0 0 1 160 0 0 1 0 0 0 0 0 0 0 0 0 0 0 2 0 0 0 0 0 3 0 2 0 0 0 48 0 0 0 255 255 255 255 5 0 1 0 0 0 0 0 data 6 0x10005 0x0 0x233c9fc4460 0x1400 0x0 0x0 oops 1 2 sun/awt/image/SunVolatileImage
ciMethodData javax/swing/RepaintManager isPaintingThread ()Z 2 10738 orig 264 64 112 93 8 0 0 0 0 144 80 78 200 51 2 0 0 144 1 0 0 0 0 0 0 0 0 0 0 0 0 0 0 0 0 0 0 0 0 0 0 0 0 0 0 0 0 0 0 0 0 0 0 0 0 0 0 0 0 0 0 0 0 0 0 0 0 0 0 0 0 0 0 0 0 0 0 0 0 0 0 77 68 79 32 101 120 116 114 97 32 100 97 116 97 32 108 111 99 107 0 0 0 0 0 0 0 0 0 0 0 0 0 0 0 0 0 0 0 0 0 0 0 0 0 0 0 0 0 0 0 0 0 0 0 0 0 0 0 0 0 0 0 0 0 0 0 0 0 0 0 0 0 0 0 0 0 0 0 0 0 0 0 0 0 0 0 0 0 0 0 0 0 0 0 0 0 0 0 0 0 0 0 0 0 17 0 0 0 0 0 0 0 0 0 0 0 0 0 0 0 1 0 0 0 0 0 0 0 0 0 0 0 0 0 0 0 0 1 0 0 145 71 1 0 1 0 0 0 0 0 0 0 0 0 0 0 2 0 0 0 0 0 6 0 2 0 0 0 72 0 0 0 255 255 255 255 2 0 0 0 0 0 0 0 data 9 0x2 0x28f2 0x70007 0x0 0x38 0x28f2 0xb0003 0x28f2 0x18 oops 0
ciMethodData javax/swing/JComponent _paintImmediately (IIII)V 2 98452 orig 264 64 112 93 8 0 0 0 0 144 155 15 200 51 2 0 0 216 16 0 0 232 4 0 0 0 0 0 0 0 0 0 0 0 0 0 0 0 0 0 0 0 0 0 0 0 0 0 0 0 0 0 0 0 0 0 0 0 0 0 0 0 0 0 0 0 0 0 0 0 0 0 0 0 0 0 0 0 0 0 0 77 68 79 32 101 120 116 114 97 32 100 97 116 97 32 108 111 99 107 0 0 0 0 0 0 0 0 0 0 0 0 0 0 0 0 0 0 0 0 0 0 0 0 0 0 0 0 0 0 0 0 0 0 0 0 0 0 0 0 0 0 0 0 0 4 0 0 0 0 0 0 0 0 0 0 0 0 0 0 0 0 0 0 0 0 0 0 0 0 0 0 0 0 0 0 0 0 0 0 1 0 0 0 0 0 0 0 0 0 0 0 0 0 0 0 0 0 0 0 0 0 0 0 0 0 0 0 0 0 0 0 0 0 0 0 0 6 8 0 0 1 160 0 0 113 196 11 0 5 8 0 0 211 54 1 0 2 0 0 0 5 0 183 0 2 0 0 0 104 15 0 0 255 255 255 255 2 0 16 0 0 0 0 0 data 493 0x100002 0x1400 0x1b0002 0x1400 0x320002 0x1400 0x510005 0x1117 0x233dc7f79f0 0x289 0x233dc7f7aa0 0x60 0x540007 0x13d1 0x88 0x2f 0x580005 0x0 0x233dc7f7b50 0x2f 0x0 0x0 0x5b0007 0x0 0x38 0x2f 0x5f0003 0x2f 0x18 0x670007 0x13d1 0xc0 0x2f 0x6d0005 0x0 0x233dc7f7b50 0x2f 0x0 0x0 0x710005 0x0 0x233dc7f7b50 0x2f 0x0 0x0 0x760002 0x2f 0x7f0007 0x2f 0x30 0x0 0x840002 0x0 0x900007 0x0 0x5e8 0xd4ad 0x950004 0xffffffffffff3f55 0x233dc7f79f0 0x23 0x233dc7f7c00 0x66 0x980007 0x1402 0x598 0xc0ab 0x9d0004 0xffffffffffff3f55 0x233dc7f79f0 0x23 0x233dc7f7c00 0x66 0xa00007 0x0 0x548 0xc0ab 0xa50004 0xfffffffffffffffd 0x233dc7f79f0 0x289 0x233dc7f7c00 0x54e 0xa8e007 0x4 0x68 0xc0a8 0xad0004 0x0 0x233dc7f79f0 0x289 0x233dc7f7c00 0x54e 0xb00003 0xc0a8 0x18 0xba0005 0x0 0x233dc7f7cb0 0xc0ac 0x0 0x0 0xc20007 0xbc 0x268 0xbff0 0xc70007 0x4 0x248 0xbfec 0xcc0005 0xb815 0x233dc7f79f0 0x289 0x233dc7f7c00 0x54e 0xcf0007 0xb16d 0x1f8 0xe7f 0xd50007 0x0 0x1b8 0xe7f 0xda0005 0x65b 0x233dc7f7d60 0x282 0x233dc7f7e10 0x5a2 0xdd0007 0xe7f 0x38 0x0 0xe30003 0x0 0x148 0xe80005 0x65b 0x233dc7f7d60 0x282 0x233dc7f7e10 0x5a2 0xf50007 0x0 0x70 0x1a77 0xff0007 0xbf8 0x38 0xe7f 0x1020003 0xe7f 0x30 0x1080003 0xbf8 0xffffffffffffffa8 0x1230002 0xe7f 0x1260008 0x6 0x5e 0x68 0x79 0x40 0x0 0x58 0x1430003 0x2cd 0x28 0x1480002 0x0 0x14f0003 0xe80 0x18 0x1570007 0x2cd 0x20 0xbb3 0x1700005 0x0 0x233dc7f7ec0 0xc0ad 0x0 0x0 0x1730007 0x0 0x90 0xc0ad 0x1780007 0x4 0x70 0xc0a9 0x17d0005 0xb8d2 0x233dc7f79f0 0x289 0x233dc7f7c00 0x54e 0x1800007 0x3920 0x20 0x8789 0x18c0007 0xbc 0xf0 0xbff1 0x1910005 0xb81a 0x233dc7f79f0 0x289 0x233dc7f7c00 0x54e 0x1980005 0xb81a 0x233dc7f79f0 0x289 0x233dc7f7c00 0x54e 0x19f0005 0xb81a 0x233dc7f79f0 0x289 0x233dc7f7c00 0x54e 0x1a60005 0xb81a 0x233dc7f79f0 0x289 0x233dc7f7c00 0x54e 0x1b50002 0xbff1 0x1e50005 0xb8d6 0x233dc7f79f0 0x289 0x233dc7f7c00 0x54e 0x1ea0003 0xc0ad 0xfffffffffffffa30 0x1ef0007 0x0 0xb0 0x1402 0x1f40005 0x2b 0x233dc7f7f70 0x1301 0x233dc7f8020 0xd6 0x1f70007 0x0 0x60 0x1402 0x1ff0007 0x0 0x40 0x1402 0x2070007 0x1402 0x30 0x0 0x20c0002 0x0 0x2150002 0x1402 0x2330007 0xdf2 0x1c8 0x610 0x23c0007 0x610 0x1a8 0x55ec 0x2430005 0x0 0x233dc7f7cb0 0x55ec 0x0 0x0 0x2480004 0x0 0x233dc7f80d0 0x608 0x233dc7f8180 0x608 0x24f0004 0xfffffffffffffffc 0x233dc7f80d0 0x608 0x233dc7f8180 0x608 0x2520007 0x4 0xe0 0x55e8 0x2570004 0x0 0x233dc7f80d0 0x608 0x233dc7f8180 0x608 0x2600005 0x0 0x233dc7f7cb0 0x55e8 0x0 0x0 0x2650004 0x0 0x233dc7f8180 0x608 0x233dc7f8230 0xa9c 0x2680005 0x49d8 0x233dc7f80d0 0x608 0x233dc7f8180 0x608 0x26e0003 0x55ec 0xfffffffffffffe70 0x2750002 0x1402 0x27b0007 0x0 0x218 0x1402 0x2800007 0x0 0x120 0x1402 0x2850002 0x1402 0x28c0005 0x0 0x233dc7f7ec0 0x1402 0x0 0x0 0x2ab0005 0x0 0x233dc7f7ec0 0x1402 0x0 0x0 0x2b00005 0x0 0x233dc7f7ec0 0x1402 0x0 0x0 0x2b30003 0x1402 0x48 0x2ba0005 0x0 0x0 0x0 0x0 0x0 0x2c00003 0x1402 0x78 0x2d90005 0x0 0x0 0x0 0x0 0x0 0x2e00005 0x0 0x0 0x0 0x0 0x0 0x2e50005 0x0 0x233dc7f82e0 0x1402 0x0 0x0 0x2e80003 0x1402 0x48 0x2ef0005 0x0 0x0 0x0 0x0 0x0 0x2f80007 0xdf1 0x168 0x611 0x3010007 0x611 0x148 0x55fd 0x3080005 0x0 0x233dc7f7cb0 0x55fd 0x0 0x0 0x30d0004 0x0 0x233dc7f80d0 0x609 0x233dc7f8180 0x609 0x3140004 0xfffffffffffffffc 0x233dc7f80d0 0x609 0x233dc7f8180 0x609 0x3170007 0x4 0x80 0x55f9 0x31c0004 0x0 0x233dc7f80d0 0x609 0x233dc7f8180 0x609 0x3200005 0x49e7 0x233dc7f80d0 0x609 0x233dc7f8180 0x609 0x3260003 0x55fd 0xfffffffffffffed0 0x32e0002 0x1402 0x3310003 0x1402 0x190 0x3390007 0x0 0x168 0x0 0x3420007 0x0 0x148 0x0 0x3490005 0x0 0x0 0x0 0x0 0x0 0x34e0004 0x0 0x0 0x0 0x0 0x0 0x3550004 0x0 0x0 0x0 0x0 0x0 0x3580007 0x0 0x80 0x0 0x35d0004 0x0 0x0 0x0 0x0 0x0 0x3610005 0x0 0x0 0x0 0x0 0x0 0x3670003 0x0 0xfffffffffffffed0 0x36f0002 0x0 0x3770002 0x1402 oops 60 8 javax/swing/JScrollPane$ScrollBar 10 com/sun/java/swing/plaf/windows/WindowsFileChooserUI$9 18 javax/swing/JPopupMenu 35 javax/swing/JPopupMenu 41 javax/swing/JPopupMenu 59 javax/swing/JScrollPane$ScrollBar 61 javax/swing/JScrollPane 69 javax/swing/JScrollPane$ScrollBar 71 javax/swing/JScrollPane 79 javax/swing/JScrollPane$ScrollBar 81 javax/swing/JScrollPane 89 javax/swing/JScrollPane$ScrollBar 91 javax/swing/JScrollPane 98 java/util/ArrayList 112 javax/swing/JScrollPane$ScrollBar 114 javax/swing/JScrollPane 126 javax/swing/JViewport 128 bibliothek/gui/dock/StackDockStation$Background 139 javax/swing/JViewport 141 bibliothek/gui/dock/StackDockStation$Background 181 javax/swing/RepaintManager 195 javax/swing/JScrollPane$ScrollBar 197 javax/swing/JScrollPane 209 javax/swing/JScrollPane$ScrollBar 211 javax/swing/JScrollPane 215 javax/swing/JScrollPane$ScrollBar 217 javax/swing/JScrollPane 221 javax/swing/JScrollPane$ScrollBar 223 javax/swing/JScrollPane 227 javax/swing/JScrollPane$ScrollBar 229 javax/swing/JScrollPane 235 javax/swing/JScrollPane$ScrollBar 237 javax/swing/JScrollPane 248 javax/swing/JDialog 250 javax/swing/JFrame 278 java/util/ArrayList 284 bibliothek/gui/dock/common/intern/station/CSplitDockStation 286 bibliothek/gui/dock/SplitDockStation$Content 290 bibliothek/gui/dock/common/intern/station/CSplitDockStation 292 bibliothek/gui/dock/SplitDockStation$Content 300 bibliothek/gui/dock/common/intern/station/CSplitDockStation 302 bibliothek/gui/dock/SplitDockStation$Content 306 java/util/ArrayList 312 bibliothek/gui/dock/SplitDockStation$Content 314 bibliothek/extension/gui/dock/theme/eclipse/displayer/NoTitleBarDisplayer 318 bibliothek/gui/dock/common/intern/station/CSplitDockStation 320 bibliothek/gui/dock/SplitDockStation$Content 339 javax/swing/RepaintManager 345 javax/swing/RepaintManager 351 javax/swing/RepaintManager 381 sun/java2d/SunGraphics2D 404 java/util/ArrayList 410 bibliothek/gui/dock/common/intern/station/CSplitDockStation 412 bibliothek/gui/dock/SplitDockStation$Content 416 bibliothek/gui/dock/common/intern/station/CSplitDockStation 418 bibliothek/gui/dock/SplitDockStation$Content 426 bibliothek/gui/dock/common/intern/station/CSplitDockStation 428 bibliothek/gui/dock/SplitDockStation$Content 432 bibliothek/gui/dock/common/intern/station/CSplitDockStation 434 bibliothek/gui/dock/SplitDockStation$Content
ciMethodData javax/swing/JComponent safelyGetGraphics (Ljava/awt/Component;Ljava/awt/Component;)Ljava/awt/Graphics; 2 5587 orig 264 64 112 93 8 0 0 0 0 80 23 15 200 51 2 0 0 128 1 0 0 0 0 0 0 0 0 0 0 0 0 0 0 0 0 0 0 0 0 0 0 0 0 0 0 0 0 0 0 0 0 0 0 0 0 0 0 0 0 0 0 0 0 0 0 0 0 0 0 0 0 0 0 0 0 0 0 0 0 0 0 77 68 79 32 101 120 116 114 97 32 100 97 116 97 32 108 111 99 107 0 0 0 0 0 0 0 0 0 0 0 0 0 0 0 0 0 0 0 0 0 0 0 0 0 0 0 0 0 0 0 0 0 0 0 0 0 0 0 0 0 0 0 0 0 0 0 0 0 0 0 0 0 0 0 0 0 0 0 0 0 0 0 0 0 0 0 0 0 0 0 0 0 0 0 0 0 0 0 0 0 0 0 0 0 0 0 0 0 0 0 0 0 0 0 0 0 0 0 0 0 0 0 0 0 0 0 0 0 0 0 0 0 0 0 0 0 231 0 0 0 97 167 0 0 1 0 0 0 0 0 0 0 0 0 0 0 2 0 0 0 0 0 7 0 2 0 0 0 48 0 0 0 255 255 255 255 5 0 11 0 0 0 0 0 data 6 0xb0005 0x1299 0x233dc7f79f0 0x1f3 0x233dc7f7aa0 0x60 oops 2 2 javax/swing/JScrollPane$ScrollBar 4 com/sun/java/swing/plaf/windows/WindowsFileChooserUI$9
ciMethodData javax/swing/RepaintManager$PaintManager endPaint ()V 2 5074 orig 264 64 112 93 8 0 0 0 0 40 225 197 217 51 2 0 0 32 1 0 0 0 0 0 0 0 0 0 0 0 0 0 0 0 0 0 0 0 0 0 0 0 0 0 0 0 0 0 0 0 0 0 0 0 0 0 0 0 0 0 0 0 0 0 0 0 0 0 0 0 0 0 0 0 0 0 0 0 0 0 0 77 68 79 32 101 120 116 114 97 32 100 97 116 97 32 108 111 99 107 0 0 0 0 0 0 0 0 0 0 0 0 0 0 0 0 0 0 0 0 0 0 0 0 0 0 0 0 0 0 0 0 0 0 0 0 0 0 0 0 0 0 0 0 0 0 0 0 0 0 0 0 0 0 0 0 0 0 0 0 0 0 0 0 0 0 0 0 0 0 0 0 0 0 0 0 0 0 0 0 0 0 0 0 0 0 0 0 0 0 0 0 0 0 0 0 0 0 0 0 0 0 0 0 0 0 0 0 0 0 0 0 0 0 0 0 0 253 0 0 0 169 150 0 0 1 0 0 0 0 0 0 0 0 0 0 0 2 0 0 0 0 0 0 0 0 0 0 0 0 0 0 0 255 255 255 255 0 0 0 0 0 0 0 0 data 0 oops 0
ciMethodData javax/swing/RepaintManager$PaintManager beginPaint ()V 2 4916 orig 264 64 112 93 8 0 0 0 0 152 224 197 217 51 2 0 0 32 1 0 0 0 0 0 0 0 0 0 0 0 0 0 0 0 0 0 0 0 0 0 0 0 0 0 0 0 0 0 0 0 0 0 0 0 0 0 0 0 0 0 0 0 0 0 0 0 0 0 0 0 0 0 0 0 0 0 0 0 0 0 0 77 68 79 32 101 120 116 114 97 32 100 97 116 97 32 108 111 99 107 0 0 0 0 0 0 0 0 0 0 0 0 0 0 0 0 0 0 0 0 0 0 0 0 0 0 0 0 0 0 0 0 0 0 0 0 0 0 0 0 0 0 0 0 0 0 0 0 0 0 0 0 0 0 0 0 0 0 0 0 0 0 0 0 0 0 0 0 0 0 0 0 0 0 0 0 0 0 0 0 0 0 0 0 0 0 0 0 0 0 0 0 0 0 0 0 0 0 0 0 0 0 0 0 0 0 0 0 0 0 0 0 0 0 0 0 0 253 0 0 0 185 145 0 0 1 0 0 0 0 0 0 0 0 0 0 0 2 0 0 0 0 0 0 0 0 0 0 0 0 0 0 0 255 255 255 255 0 0 0 0 0 0 0 0 data 0 oops 0
ciMethodData javax/swing/RepaintManager$PaintManager paint (Ljavax/swing/JComponent;Ljavax/swing/JComponent;Ljava/awt/Graphics;IIII)Z 2 7556 orig 264 64 112 93 8 0 0 0 0 104 223 197 217 51 2 0 0 16 5 0 0 144 2 0 0 0 0 0 0 0 0 0 0 0 0 0 0 0 0 0 0 0 0 0 0 0 0 0 0 0 0 0 0 0 0 0 0 0 0 0 0 0 0 0 0 0 0 0 0 0 0 0 0 0 0 0 0 0 0 0 0 77 68 79 32 101 120 116 114 97 32 100 97 116 97 32 108 111 99 107 0 0 0 0 0 0 0 0 0 0 0 0 0 0 0 0 0 0 0 0 0 0 0 0 0 0 0 0 0 0 0 0 0 0 0 0 0 0 0 0 0 0 0 0 0 0 0 0 0 0 0 0 0 0 0 0 0 0 0 0 0 0 0 0 0 0 0 0 0 0 0 0 0 0 0 0 0 0 0 0 1 0 0 0 0 0 0 0 0 0 0 0 0 0 0 0 0 0 0 0 0 0 0 0 0 0 0 0 0 0 0 0 0 0 0 0 0 0 1 0 0 17 228 0 0 41 228 0 0 243 12 0 0 244 12 0 0 2 0 0 0 1 0 58 0 2 0 0 0 144 3 0 0 255 255 255 255 5 0 7 0 0 0 0 0 data 114 0x70005 0x0 0x233dc7f7ec0 0x1c82 0x0 0x0 0xa0007 0x0 0x2b0 0x1c82 0x170005 0x0 0x233dc7f7ec0 0x1c82 0x0 0x0 0x1a0002 0x1c82 0x200007 0x0 0x250 0x1c82 0x250004 0x0 0x233c9fc4460 0x1c82 0x0 0x0 0x2b0005 0xa7 0x233c9fc4510 0x1bb2 0x233c9fc45c0 0x29 0x350007 0x1c83 0x1d0 0x1c83 0x3b0007 0x0 0x1b0 0x1c83 0x420005 0x0 0x233c9fc4460 0x1c83 0x0 0x0 0x460007 0x1c83 0xb0 0x0 0x4f0005 0x0 0x0 0x0 0x0 0x0 0x5b0005 0x0 0x0 0x0 0x0 0x0 0x620004 0x0 0x0 0x0 0x0 0x0 0x740005 0x0 0x233e438d760 0x1c83 0x0 0x0 0x790005 0x0 0x233c9fc4460 0x1c83 0x0 0x0 0x7ce007 0x1 0x38 0x1c83 0x800003 0x1c83 0x18 0x890003 0x1c84 0xfffffffffffffe48 0x8e0007 0x1c83 0xb0 0x0 0x9b0005 0x0 0x0 0x0 0x0 0x0 0x9e0002 0x0 0xa40007 0x0 0x50 0x0 0xb40005 0x0 0x0 0x0 0x0 0x0 oops 8 2 javax/swing/RepaintManager 12 javax/swing/RepaintManager 24 sun/awt/image/SunVolatileImage 30 javax/swing/JRootPane 32 sun/swing/FilePane$4 44 sun/awt/image/SunVolatileImage 72 javax/swing/RepaintManager$PaintManager 78 sun/awt/image/SunVolatileImage
ciMethodData javax/swing/RepaintManager$PaintManager getValidImage (Ljava/awt/Image;)Ljava/awt/Image; 2 7554 orig 264 64 112 93 8 0 0 0 0 224 228 197 217 51 2 0 0 16 2 0 0 0 0 0 0 0 0 0 0 0 0 0 0 0 0 0 0 0 0 0 0 0 0 0 0 0 0 0 0 0 0 0 0 0 0 0 0 0 0 0 0 0 0 0 0 0 0 0 0 0 0 0 0 0 0 0 0 0 0 0 0 77 68 79 32 101 120 116 114 97 32 100 97 116 97 32 108 111 99 107 0 0 0 0 0 0 0 0 0 0 0 0 0 0 0 0 0 0 0 0 0 0 0 0 0 0 0 0 0 0 0 0 0 0 0 0 0 0 0 0 0 0 0 0 0 0 0 0 0 0 0 0 0 0 0 0 0 0 0 0 0 0 0 0 0 0 0 0 0 0 0 0 0 0 0 0 0 0 0 0 0 0 0 0 0 0 0 0 0 0 0 0 0 0 0 0 0 0 0 0 0 0 0 0 0 0 0 0 0 0 0 0 0 0 0 0 0 0 1 0 0 17 228 0 0 1 0 0 0 0 0 0 0 0 0 0 0 2 0 0 0 0 0 0 0 0 0 0 0 192 0 0 0 255 255 255 255 7 0 1 0 0 0 0 0 data 24 0x10007 0x0 0xc0 0x1c82 0x60005 0x0 0x233c9fc4460 0x1c82 0x0 0x0 0x90007 0x0 0x70 0x1c82 0xe0005 0x0 0x233c9fc4460 0x1c82 0x0 0x0 0x110007 0x0 0x20 0x1c82 oops 2 6 sun/awt/image/SunVolatileImage 16 sun/awt/image/SunVolatileImage
ciMethodData javax/swing/RepaintManager$PaintManager paintDoubleBuffered (Ljavax/swing/JComponent;Ljava/awt/Image;Ljava/awt/Graphics;IIII)V 2 10756 orig 264 64 112 93 8 0 0 0 0 56 228 197 217 51 2 0 0 96 7 0 0 160 0 0 0 0 0 0 0 0 0 0 0 0 0 0 0 0 0 0 0 0 0 0 0 0 0 0 0 0 0 0 0 0 0 0 0 0 0 0 0 0 0 0 0 0 0 0 0 0 0 0 0 0 0 0 0 0 0 0 0 77 68 79 32 101 120 116 114 97 32 100 97 116 97 32 108 111 99 107 0 0 0 0 0 0 0 0 0 0 0 0 0 0 0 0 0 0 0 0 0 0 0 0 0 0 0 0 0 0 0 0 0 0 0 0 0 0 0 0 0 0 0 0 0 0 0 0 0 0 0 0 0 0 0 0 0 0 0 0 0 0 0 0 0 0 0 0 0 0 0 0 0 0 0 0 0 0 0 0 0 0 0 0 0 0 0 0 0 0 0 0 0 0 0 0 0 0 0 0 0 0 0 0 0 0 0 0 0 0 0 0 0 0 0 0 0 0 2 0 0 17 160 0 0 33 64 1 0 0 0 0 0 0 0 0 0 2 0 0 0 2 0 24 0 2 0 0 0 224 5 0 0 255 255 255 255 5 0 1 0 0 0 0 0 data 188 0x10005 0x0 0x233c9fc4460 0x1402 0x0 0x0 0xa0005 0x0 0x233c9fc4460 0x1402 0x0 0x0 0xd0002 0x1402 0x160005 0x0 0x233c9fc4460 0x1402 0x0 0x0 0x190002 0x1402 0x2d0007 0x1402 0x4b8 0x1402 0x3f0007 0x1402 0x480 0x1402 0x4a0005 0x0 0x233dc7f82e0 0x1402 0x0 0x0 0x570005 0x0 0x233dc7f82e0 0x1402 0x0 0x0 0x5a0002 0x1402 0x5e0007 0x1402 0x190 0x0 0x630004 0x0 0x0 0x0 0x0 0x0 0x660007 0x0 0x140 0x0 0x6b0004 0x0 0x0 0x0 0x0 0x0 0x720005 0x0 0x0 0x0 0x0 0x0 0x7a0005 0x0 0x0 0x0 0x0 0x0 0x7d0005 0x0 0x0 0x0 0x0 0x0 0x8a0005 0x0 0x0 0x0 0x0 0x0 0x910005 0x0 0x0 0x0 0x0 0x0 0xa30005 0xdd4 0x233dc7f7aa0 0x26b 0x233dc7f79f0 0x3c3 0xaf0005 0x0 0x233dc7f82e0 0x1402 0x0 0x0 0xb20002 0x1402 0xb60007 0x1402 0x178 0x0 0xba0004 0x0 0x0 0x0 0x0 0x0 0xbd0007 0x0 0x128 0x0 0xc10004 0x0 0x0 0x0 0x0 0x0 0xc80005 0x0 0x0 0x0 0x0 0x0 0xd20005 0x0 0x0 0x0 0x0 0x0 0xdd0005 0x0 0x0 0x0 0x0 0x0 0xe50005 0x0 0x0 0x0 0x0 0x0 0xe80003 0x0 0x48 0xf20005 0x0 0x233dc7f82e0 0x1402 0x0 0x0 0xfc0005 0x0 0x233dc7f82e0 0x1402 0x0 0x0 0x1060003 0x1402 0xfffffffffffffb98 0x1100003 0x1402 0xfffffffffffffb60 0x1150005 0x0 0x233dc7f82e0 0x1402 0x0 0x0 0x1180003 0x1402 0x48 0x11f0005 0x0 0x0 0x0 0x0 0x0 oops 11 2 sun/awt/image/SunVolatileImage 8 sun/awt/image/SunVolatileImage 16 sun/awt/image/SunVolatileImage 32 sun/java2d/SunGraphics2D 38 sun/java2d/SunGraphics2D 96 com/sun/java/swing/plaf/windows/WindowsFileChooserUI$9 98 javax/swing/JScrollPane$ScrollBar 102 sun/java2d/SunGraphics2D 157 sun/java2d/SunGraphics2D 163 sun/java2d/SunGraphics2D 175 sun/java2d/SunGraphics2D
ciMethodData sun/awt/image/SunVolatileImage contentsLost ()Z 2 5376 orig 264 64 112 93 8 0 0 0 0 208 45 64 200 51 2 0 0 120 1 0 0 0 0 0 0 0 0 0 0 0 0 0 0 0 0 0 0 0 0 0 0 0 0 0 0 0 0 0 0 0 0 0 0 0 0 0 0 0 0 0 0 0 0 0 0 0 0 0 0 0 0 0 0 0 0 0 0 0 0 0 0 77 68 79 32 101 120 116 114 97 32 100 97 116 97 32 108 111 99 107 0 0 0 0 0 0 0 0 0 0 0 0 0 0 0 0 0 0 0 0 0 0 0 0 0 0 0 0 0 0 0 0 0 0 0 0 0 0 0 0 0 0 0 0 0 0 0 0 0 0 0 0 0 0 0 0 0 0 0 0 0 0 0 0 0 0 0 0 0 0 0 0 0 0 0 0 0 0 0 0 0 0 0 0 0 0 0 0 0 0 0 0 0 0 0 0 0 0 0 0 0 0 0 0 0 0 0 0 0 0 0 0 0 0 0 0 0 0 1 0 0 1 160 0 0 1 0 0 0 0 0 0 0 0 0 0 0 2 0 0 0 0 0 3 0 2 0 0 0 48 0 0 0 255 255 255 255 5 0 4 0 0 0 0 0 data 6 0x40005 0x0 0x233cb008de0 0x1400 0x0 0x0 oops 1 2 sun/java2d/d3d/D3DVolatileSurfaceManager
ciMethodData sun/awt/image/VolatileSurfaceManager getBackupSurface ()Lsun/java2d/SurfaceData; 1 2 orig 264 64 112 93 8 0 0 0 0 8 114 64 200 51 2 0 0 72 2 0 0 0 0 0 0 0 0 0 0 0 0 0 0 0 0 0 0 0 0 0 0 0 0 0 0 0 0 0 0 0 0 0 0 0 0 0 0 0 0 0 0 0 0 0 0 0 0 0 0 0 0 0 0 0 0 0 0 0 0 0 0 77 68 79 32 101 120 116 114 97 32 100 97 116 97 32 108 111 99 107 0 0 0 0 0 0 0 0 0 0 0 0 0 0 0 0 0 0 0 0 0 0 0 0 0 0 0 0 0 0 0 0 0 0 0 0 0 0 0 0 0 0 0 0 0 0 0 0 0 0 0 0 0 0 0 0 0 0 0 0 0 0 0 0 0 0 0 0 0 0 0 0 0 0 0 0 0 0 0 0 0 0 0 0 0 17 0 0 0 0 0 0 0 0 0 0 0 0 0 0 0 1 0 0 0 0 0 0 0 0 0 0 0 0 0 0 0 0 0 0 0 17 0 0 0 1 0 0 0 0 0 0 0 0 0 0 0 2 0 0 0 0 0 0 0 0 0 0 0 0 1 0 0 255 255 255 255 7 0 4 0 0 0 0 0 data 32 0x40007 0x1 0x100 0x1 0xb0005 0x0 0x233c9fc4460 0x1 0x0 0x0 0x100005 0x0 0x233dc7cab70 0x1 0x0 0x0 0x130005 0x0 0x233e4ae0f70 0x1 0x0 0x0 0x160002 0x1 0x190005 0x1 0x0 0x0 0x0 0x0 0x1e0002 0x1 oops 3 6 sun/awt/image/SunVolatileImage 12 java/awt/image/BufferedImage 18 sun/awt/image/IntegerInterleavedRaster
ciMethodData sun/java2d/d3d/D3DSurfaceData setSurfaceLost (Z)V 1 525 orig 264 64 112 93 8 0 0 0 0 248 87 29 220 51 2 0 0 224 1 0 0 0 0 0 0 0 0 0 0 0 0 0 0 0 0 0 0 0 0 0 0 0 0 0 0 0 0 0 0 0 0 0 0 0 0 0 0 0 0 0 0 0 0 0 0 0 0 0 0 0 0 0 0 0 0 0 0 0 0 0 0 77 68 79 32 101 120 116 114 97 32 100 97 116 97 32 108 111 99 107 0 0 0 0 0 0 0 0 0 0 0 0 0 0 0 0 0 0 0 0 0 0 0 0 0 0 0 0 0 0 0 0 0 0 0 0 0 0 0 0 0 0 0 0 0 0 0 0 0 0 0 0 0 0 0 0 0 0 0 0 0 0 0 0 0 0 0 0 0 0 0 0 0 0 0 0 0 0 0 0 0 0 0 0 0 0 0 0 0 0 0 0 0 0 0 0 0 0 0 0 0 0 0 0 0 0 0 0 0 0 0 0 0 0 0 0 0 65 0 0 0 97 14 0 0 1 0 0 0 0 0 0 0 0 0 0 0 2 0 0 0 0 0 8 0 2 0 0 0 144 0 0 0 255 255 255 255 2 0 2 0 0 0 0 0 data 18 0x20002 0x1cc 0x60007 0x1c 0x80 0x1b0 0xd0007 0x1af 0x60 0x1 0x140002 0x1 0x190005 0x0 0x233cb008de0 0x1 0x0 0x0 oops 1 14 sun/java2d/d3d/D3DVolatileSurfaceManager
ciMethodData sun/java2d/SurfaceData setSurfaceLost (Z)V 1 525 orig 264 64 112 93 8 0 0 0 0 152 157 58 200 51 2 0 0 128 1 0 0 0 0 0 0 0 0 0 0 0 0 0 0 0 0 0 0 0 0 0 0 0 0 0 0 0 0 0 0 0 0 0 0 0 0 0 0 0 0 0 0 0 0 0 0 0 0 0 0 0 0 0 0 0 0 0 0 0 0 0 0 77 68 79 32 101 120 116 114 97 32 100 97 116 97 32 108 111 99 107 0 0 0 0 0 0 0 0 0 0 0 0 0 0 0 0 0 0 0 0 0 0 0 0 0 0 0 0 0 0 0 0 0 0 0 0 0 0 0 0 0 0 0 0 0 0 0 0 0 0 0 0 0 0 0 0 0 0 0 0 0 0 0 0 0 0 0 0 0 0 0 0 0 0 0 0 0 0 0 0 0 0 0 0 0 0 0 0 0 0 0 0 0 0 0 0 0 0 0 0 0 0 0 0 0 0 0 0 0 0 0 0 0 0 0 0 0 65 0 0 0 97 14 0 0 1 0 0 0 0 0 0 0 0 0 0 0 2 0 0 0 0 0 3 0 2 0 0 0 48 0 0 0 255 255 255 255 5 0 9 0 0 0 0 0 data 6 0x90005 0xfe 0x233dc7c89b0 0xce 0x0 0x0 oops 1 2 sun/java2d/StateTrackableDelegate
compile javax/swing/JComponent _paintImmediately (IIII)V -1 4 inline 137 0 -1 javax/swing/JComponent _paintImmediately (IIII)V 1 16 javax/swing/RepaintManager currentManager (Ljavax/swing/JComponent;)Ljavax/swing/RepaintManager; 2 1 javax/swing/RepaintManager currentManager (Ljava/awt/Component;)Ljavax/swing/RepaintManager; 3 0 sun/awt/AppContext getAppContext ()Lsun/awt/AppContext; 4 3 java/util/concurrent/atomic/AtomicInteger get ()I 3 3 javax/swing/RepaintManager currentManager (Lsun/awt/AppContext;)Ljavax/swing/RepaintManager; 1 27 java/util/ArrayList <init> (I)V 2 1 java/util/AbstractList <init> ()V 3 1 java/util/AbstractCollection <init> ()V 4 1 java/lang/Object <init> ()V 1 50 javax/swing/JComponent fetchRectangle ()Ljava/awt/Rectangle; 2 9 java/util/ArrayList size ()I 2 25 java/util/ArrayList remove (I)Ljava/lang/Object; 3 2 java/util/ArrayList rangeCheck (I)V 3 17 java/util/ArrayList elementData (I)Ljava/lang/Object; 2 45 java/awt/Rectangle <init> (IIII)V 3 1 java/awt/geom/Rectangle2D <init> ()V 4 1 java/awt/geom/RectangularShape <init> ()V 5 1 java/lang/Object <init> ()V 1 88 javax/swing/JComponent isOpaque ()Z 2 2 javax/swing/JComponent getFlag (I)Z 1 109 javax/swing/JComponent getWidth ()I 2 1 java/awt/Component getWidth ()I 1 113 javax/swing/JComponent getHeight ()I 2 1 java/awt/Component getHeight ()I 1 186 java/util/ArrayList add (Ljava/lang/Object;)Z 2 7 java/util/ArrayList ensureCapacityInternal (I)V 3 6 java/util/ArrayList calculateCapacity ([Ljava/lang/Object;I)I 3 9 java/util/ArrayList ensureExplicitCapacity (I)V 4 22 java/util/ArrayList grow (I)V 5 38 java/util/Arrays copyOf ([Ljava/lang/Object;I)[Ljava/lang/Object; 1 232 java/awt/Container getComponents ()[Ljava/awt/Component; 2 1 java/awt/Container getComponents_NoClientCode ()[Ljava/awt/Component; 3 7 java/util/ArrayList toArray ([Ljava/lang/Object;)[Ljava/lang/Object; 1 291 javax/swing/JComponent getObscuredState (IIIII)I 2 3 javax/swing/JComponent fetchRectangle ()Ljava/awt/Rectangle; 3 9 java/util/ArrayList size ()I 3 25 java/util/ArrayList remove (I)Ljava/lang/Object; 4 2 java/util/ArrayList rangeCheck (I)V 4 17 java/util/ArrayList elementData (I)Ljava/lang/Object; 3 45 java/awt/Rectangle <init> (IIII)V 4 1 java/awt/geom/Rectangle2D <init> ()V 5 1 java/awt/geom/RectangularShape <init> ()V 6 1 java/lang/Object <init> ()V 2 21 java/awt/Container getComponent (I)Ljava/awt/Component; 3 5 java/util/ArrayList get (I)Ljava/lang/Object; 4 2 java/util/ArrayList rangeCheck (I)V 4 7 java/util/ArrayList elementData (I)Ljava/lang/Object; 2 28 java/awt/Component isVisible ()Z 3 1 java/awt/Component isVisible_NoClientCode ()Z 2 47 javax/swing/JComponent isOpaque ()Z 3 2 javax/swing/JComponent getFlag (I)Z 2 73 javax/swing/JComponent getBounds (Ljava/awt/Rectangle;)Ljava/awt/Rectangle; 3 30 javax/swing/JComponent getX ()I 4 1 java/awt/Component getX ()I 3 34 javax/swing/JComponent getY ()I 4 1 java/awt/Component getY ()I 3 38 javax/swing/JComponent getWidth ()I 4 1 java/awt/Component getWidth ()I 3 42 javax/swing/JComponent getHeight ()I 4 1 java/awt/Component getHeight ()I 3 45 java/awt/Rectangle setBounds (IIII)V 4 6 java/awt/Rectangle reshape (IIII)V 2 214 javax/swing/JComponent recycleRectangle (Ljava/awt/Rectangle;)V 3 10 java/util/ArrayList add (Ljava/lang/Object;)Z 4 7 java/util/ArrayList ensureCapacityInternal (I)V 5 6 java/util/ArrayList calculateCapacity ([Ljava/lang/Object;I)I 5 9 java/util/ArrayList ensureExplicitCapacity (I)V 6 22 java/util/ArrayList grow (I)V 7 38 java/util/Arrays copyOf ([Ljava/lang/Object;I)[Ljava/lang/Object; 1 368 javax/swing/RepaintManager isDoubleBufferingEnabled ()Z 1 381 javax/swing/JComponent isDoubleBuffered ()Z 2 2 javax/swing/JComponent getFlag (I)Z 1 437 javax/swing/SwingUtilities computeIntersection (IIIILjava/awt/Rectangle;)Ljava/awt/Rectangle; 1 500 java/awt/Component getPeer ()Ljava/awt/peer/ComponentPeer; 1 533 javax/swing/JComponent setFlag (IZ)V 1 579 java/util/ArrayList get (I)Ljava/lang/Object; 2 2 java/util/ArrayList rangeCheck (I)V 2 7 java/util/ArrayList elementData (I)Ljava/lang/Object; 1 608 java/util/ArrayList get (I)Ljava/lang/Object; 2 2 java/util/ArrayList rangeCheck (I)V 2 7 java/util/ArrayList elementData (I)Ljava/lang/Object; 1 616 javax/swing/JComponent setPaintingChild (Ljava/awt/Component;)V 1 629 javax/swing/JComponent safelyGetGraphics (Ljava/awt/Component;Ljava/awt/Component;)Ljava/awt/Graphics; 2 11 javax/swing/JComponent getGraphics ()Ljava/awt/Graphics; 1 645 javax/swing/RepaintManager currentManager (Ljavax/swing/JComponent;)Ljavax/swing/RepaintManager; 2 1 javax/swing/RepaintManager currentManager (Ljava/awt/Component;)Ljavax/swing/RepaintManager; 3 0 sun/awt/AppContext getAppContext ()Lsun/awt/AppContext; 4 3 java/util/concurrent/atomic/AtomicInteger get ()I 3 3 javax/swing/RepaintManager currentManager (Lsun/awt/AppContext;)Ljavax/swing/RepaintManager; 1 652 javax/swing/RepaintManager beginPaint ()V 2 74 javax/swing/RepaintManager getPaintManager ()Ljavax/swing/RepaintManager$PaintManager; 2 77 javax/swing/RepaintManager$PaintManager beginPaint ()V 1 683 javax/swing/RepaintManager paint (Ljavax/swing/JComponent;Ljavax/swing/JComponent;Ljava/awt/Graphics;IIII)V 2 1 javax/swing/RepaintManager getPaintManager ()Ljavax/swing/RepaintManager$PaintManager; 2 7 javax/swing/RepaintManager isPaintingThread ()Z 2 51 javax/swing/RepaintManager$PaintManager paint (Ljavax/swing/JComponent;Ljavax/swing/JComponent;Ljava/awt/Graphics;IIII)Z 3 7 javax/swing/RepaintManager useVolatileDoubleBuffer ()Z 3 26 javax/swing/RepaintManager$PaintManager getValidImage (Ljava/awt/Image;)Ljava/awt/Image; 4 6 sun/awt/image/SunVolatileImage getWidth (Ljava/awt/image/ImageObserver;)I 5 1 sun/awt/image/SunVolatileImage getWidth ()I 4 14 sun/awt/image/SunVolatileImage getHeight (Ljava/awt/image/ImageObserver;)I 5 1 sun/awt/image/SunVolatileImage getHeight ()I 3 43 java/awt/Component getGraphicsConfiguration ()Ljava/awt/GraphicsConfiguration; 4 1 java/awt/Component getGraphicsConfiguration_NoClientCode ()Ljava/awt/GraphicsConfiguration; 3 66 sun/awt/image/SunVolatileImage validate (Ljava/awt/GraphicsConfiguration;)I 4 5 sun/awt/image/VolatileSurfaceManager validate (Ljava/awt/GraphicsConfiguration;)I 5 13 sun/java2d/d3d/D3DVolatileSurfaceManager isAccelerationEnabled ()Z 5 21 sun/java2d/d3d/D3DVolatileSurfaceManager isConfigValid (Ljava/awt/GraphicsConfiguration;)Z 6 9 sun/awt/image/SunVolatileImage getGraphicsConfig ()Ljava/awt/GraphicsConfiguration; 5 87 sun/java2d/SurfaceData isSurfaceLost ()Z 5 110 sun/java2d/d3d/D3DSurfaceData setSurfaceLost (Z)V 6 2 sun/java2d/SurfaceData setSurfaceLost (Z)V 7 9 sun/java2d/StateTrackableDelegate markDirty ()V 5 199 sun/java2d/d3d/D3DVolatileSurfaceManager initContents ()V 6 4 sun/awt/image/SunVolatileImage getForcedAccelSurfaceType ()I 3 121 sun/awt/image/SunVolatileImage contentsLost ()Z 4 4 sun/awt/image/VolatileSurfaceManager contentsLost ()Z 1 688 javax/swing/RepaintManager endPaint ()V 2 1 javax/swing/RepaintManager isPaintingThread ()Z 2 28 javax/swing/RepaintManager getPaintManager ()Ljavax/swing/RepaintManager$PaintManager; 2 47 javax/swing/RepaintManager$PaintManager endPaint ()V 1 741 sun/java2d/SunGraphics2D dispose ()V 2 8 sun/java2d/SunGraphics2D invalidatePipe ()V 1 776 java/util/ArrayList get (I)Ljava/lang/Object; 2 2 java/util/ArrayList rangeCheck (I)V 2 7 java/util/ArrayList elementData (I)Ljava/lang/Object; 1 800 javax/swing/JComponent setPaintingChild (Ljava/awt/Component;)V 1 814 javax/swing/JComponent setFlag (IZ)V 1 887 javax/swing/JComponent recycleRectangle (Ljava/awt/Rectangle;)V 2 10 java/util/ArrayList add (Ljava/lang/Object;)Z 3 7 java/util/ArrayList ensureCapacityInternal (I)V 4 6 java/util/ArrayList calculateCapacity ([Ljava/lang/Object;I)I 4 9 java/util/ArrayList ensureExplicitCapacity (I)V 5 22 java/util/ArrayList grow (I)V 6 38 java/util/Arrays copyOf ([Ljava/lang/Object;I)[Ljava/lang/Object; 1 865 javax/swing/JComponent setPaintingChild (Ljava/awt/Component;)V
